0,-1.4653e-17,0,0,-2.9857e-17,0,0,-5.6294e-17,0,0,-7.4353e-17,0,0,-1.5136e-18,0,0,-7.9475e-18,0,0,6.4261e-17,0,0,1.3669e-16,0,0,4.6164e-17,0,0,5.3276e-17,0,0,-2.7479e-17,0,0,9.7965e-17,0,0,-8.3204e-17,0,0,-2.7008e-17,0,0,-1.2601e-17,0,0,-1.1645e-17,0,0,1.4856e-17,0,0,-5.781e-17,0,0,1.5042e-17,0,0,3.1031e-17,0,0,-6.3524e-19,0,0,-1.6252e-17,0,0,-6.5728e-17,0,0,-5.468e-17,0
0.5,0.0048562,0,0.5,0.0048742,0,0.5,0.0048117,0,0.5,0.0046879,0,0.5,0.0045203,0,0.5,0.0085396,0,0.5,0.0086378,0,0.5,0.0086147,0,0.5,0.0085003,0,0.5,0.008315,0,0.5,0.013241,0,0.5,0.013438,0,0.5,0.013452,0,0.5,0.013295,0,0.5,0.018862,0,0.5,0.019163,0,0.5,0.019395,0,0.5,0.019474,0,0.5,0.019413,0,0.5,0.025299,0,0.5,0.025861,0,0.5,0.026281,0,0.5,0.026499,0,0.5,0.026507,0
1,0.0096302,0,1,0.0096617,0,1,0.0095339,0,1,0.0092859,0,1,0.0089521,0,1,0.016868,0,1,0.017047,0,1,0.016988,0,1,0.01675,0,1,0.016375,0,1,0.026045,0,1,0.026398,0,1,0.026358,0,1,0.026021,0,1,0.036936,0,1,0.037454,0,1,0.037833,0,1,0.037914,0,1,0.037727,0,1,0.049279,0,1,0.050232,0,1,0.050906,0,1,0.051204,0,1,0.051097,0
1.5,0.014325,0,1.5,0.014365,0,1.5,0.01417,0,1.5,0.013798,0,1.5,0.013299,0,1.5,0.02499,0,1.5,0.025233,0,1.5,0.025129,0,1.5,0.024759,0,1.5,0.02419,0,1.5,0.038413,0,1.5,0.038885,0,1.5,0.038737,0,1.5,0.038202,0,1.5,0.05419,0,1.5,0.054855,0,1.5,0.055312,0,1.5,0.055335,0,1.5,0.054979,0,1.5,0.071825,0,1.5,0.073033,0,1.5,0.07383,0,1.5,0.074108,0,1.5,0.073812,0
2,0.018943,0,2,0.018988,0,2,0.018723,0,2,0.018226,0,2,0.017564,0,2,0.032912,0,2,0.033205,0,2,0.033044,0,2,0.032537,0,2,0.031773,0,2,0.05035,0,2,0.05091,0,2,0.050608,0,2,0.049864,0,2,0.070619,0,2,0.071375,0,2,0.071855,0,2,0.071778,0,2,0.071224,0,2,0.092922,0,2,0.094279,0,2,0.095103,0,2,0.095298,0,2,0.094771,0
2.5,0.023486,0,2.5,0.023533,0,2.5,0.023195,0,2.5,0.022574,0,2.5,0.021751,0,2.5,0.040641,0,2.5,0.04097,0,2.5,0.040744,0,2.5,0.040095,0,2.5,0.039135,0,2.5,0.061865,0,2.5,0.062485,0,2.5,0.061996,0,2.5,0.061035,0,2.5,0.086241,0,2.5,0.087044,0,2.5,0.087504,0,2.5,0.087296,0,2.5,0.086528,0,2.5,0.11262,0,2.5,0.11405,0,2.5,0.11483,0,2.5,0.11491,0,2.5,0.11413,0
3,0.027958,0,3,0.028003,0,3,0.02759,0,3,0.026845,0,3,0.025862,0,3,0.048181,0,3,0.048534,0,3,0.048236,0,3,0.047443,0,3,0.046286,0,3,0.072972,0,3,0.073628,0,3,0.072924,0,3,0.071743,0,3,0.10109,0,3,0.1019,0,3,0.10231,0,3,0.10195,0,3,0.10096,0,3,0.131,0,3,0.13246,0,3,0.13316,0,3,0.13308,0,3,0.13205,0
3.5,0.032361,0,3.5,0.032399,0,3.5,0.031911,0,3.5,0.031042,0,3.5,0.0299,0,3.5,0.055539,0,3.5,0.055905,0,3.5,0.05553,0,3.5,0.054588,0,3.5,0.053235,0,3.5,0.083681,0,3.5,0.084353,0,3.5,0.083417,0,3.5,0.082015,0,3.5,0.1152,0,3.5,0.116,0,3.5,0.11633,0,3.5,0.11581,0,3.5,0.11459,0,3.5,0.14818,0,3.5,0.14963,0,3.5,0.15021,0,3.5,0.14998,0,3.5,0.14869,0
4,0.036696,0,4,0.036726,0,4,0.03616,0,4,0.035167,0,4,0.033868,0,4,0.062722,0,4,0.063091,0,4,0.062632,0,4,0.061541,0,4,0.059993,0,4,0.094018,0,4,0.094689,0,4,0.093495,0,4,0.091878,0,4,0.12861,0,4,0.12938,0,4,0.12962,0,4,0.12893,0,4,0.12749,0,4,0.16427,0,4,0.16568,0,4,0.16613,0,4,0.16573,0,4,0.1642,0
4.5,0.040967,0,4.5,0.040983,0,4.5,0.040339,0,4.5,0.039223,0,4.5,0.037768,0,4.5,0.069735,0,4.5,0.070098,0,4.5,0.069551,0,4.5,0.068308,0,4.5,0.066567,0,4.5,0.10399,0,4.5,0.10465,0,4.5,0.10319,0,4.5,0.10135,0,4.5,0.14139,0,4.5,0.14211,0,4.5,0.14224,0,4.5,0.14137,0,4.5,0.13971,0,4.5,0.17936,0,4.5,0.18072,0,4.5,0.18103,0,4.5,0.18046,0,4.5,0.1787,0
5,0.045175,0,5,0.045175,0,5,0.04445,0,5,0.043212,0,5,0.041603,0,5,0.076585,0,5,0.076933,0,5,0.076294,0,5,0.0749,0,5,0.072968,0,5,0.11363,0,5,0.11425,0,5,0.11253,0,5,0.11047,0,5,0.15355,0,5,0.15422,0,5,0.15424,0,5,0.15319,0,5,0.15131,0,5,0.19356,0,5,0.19487,0,5,0.19502,0,5,0.19429,0,5,0.1923,0
5.5,0.049322,0,5.5,0.049303,0,5.5,0.048497,0,5.5,0.047137,0,5.5,0.045375,0,5.5,0.083276,0,5.5,0.083603,0,5.5,0.082868,0,5.5,0.081323,0,5.5,0.079202,0,5.5,0.12293,0,5.5,0.12352,0,5.5,0.12152,0,5.5,0.11925,0,5.5,0.16517,0,5.5,0.16577,0,5.5,0.16566,0,5.5,0.16443,0,5.5,0.16235,0,5.5,0.20697,0,5.5,0.2082,0,5.5,0.20821,0,5.5,0.2073,0,5.5,0.2051,0
6,0.053409,0,6,0.05337,0,6,0.05248,0,6,0.050999,0,6,0.049086,0,6,0.089816,0,6,0.090114,0,6,0.089281,0,6,0.087584,0,6,0.085276,0,6,0.13193,0,6,0.13247,0,6,0.13019,0,6,0.12772,0,6,0.17626,0,6,0.17679,0,6,0.17656,0,6,0.17516,0,6,0.17287,0,6,0.21965,0,6,0.22081,0,6,0.22066,0,6,0.2196,0,6,0.21719,0
6.5,0.057439,0,6.5,0.057376,0,6.5,0.056403,0,6.5,0.0548,0,6.5,0.052738,0,6.5,0.096209,0,6.5,0.096473,0,6.5,0.095539,0,6.5,0.093691,0,6.5,0.0912,0,6.5,0.14063,0,6.5,0.14112,0,6.5,0.13855,0,6.5,0.13588,0,6.5,0.18688,0,6.5,0.18734,0,6.5,0.18698,0,6.5,0.1854,0,6.5,0.18292,0,6.5,0.23168,0,6.5,0.23277,0,6.5,0.23247,0,6.5,0.23124,0,6.5,0.22864,0
7,0.061414,0,7,0.061324,0,7,0.060267,0,7,0.058544,0,7,0.056334,0,7,0.10246,0,7,0.10269,0,7,0.10165,0,7,0.099651,0,7,0.096978,0,7,0.14905,0,7,0.14948,0,7,0.14664,0,7,0.14377,0,7,0.19706,0,7,0.19744,0,7,0.19695,0,7,0.1952,0,7,0.19252,0,7,0.24312,0,7,0.24414,0,7,0.24368,0,7,0.2423,0,7,0.23951,0
7.5,0.065334,0,7.5,0.065215,0,7.5,0.064073,0,7.5,0.06223,0,7.5,0.059874,0,7.5,0.10858,0,7.5,0.10876,0,7.5,0.10762,0,7.5,0.10547,0,7.5,0.10262,0,7.5,0.15721,0,7.5,0.15758,0,7.5,0.15445,0,7.5,0.15139,0,7.5,0.20684,0,7.5,0.20713,0,7.5,0.20651,0,7.5,0.20459,0,7.5,0.20173,0,7.5,0.25404,0,7.5,0.25498,0,7.5,0.25437,0,7.5,0.25283,0,7.5,0.24986,0
8,0.069203,0,8,0.069053,0,8,0.067824,0,8,0.065863,0,8,0.06336,0,8,0.11456,0,8,0.11469,0,8,0.11345,0,8,0.11115,0,8,0.10812,0,8,0.16512,0,8,0.16542,0,8,0.16201,0,8,0.15877,0,8,0.21623,0,8,0.21644,0,8,0.21569,0,8,0.2136,0,8,0.21057,0,8,0.26447,0,8,0.26533,0,8,0.26458,0,8,0.26289,0,8,0.25974,0
8.5,0.073019,0,8.5,0.072836,0,8.5,0.071521,0,8.5,0.069441,0,8.5,0.066795,0,8.5,0.12042,0,8.5,0.1205,0,8.5,0.11915,0,8.5,0.1167,0,8.5,0.1135,0,8.5,0.1728,0,8.5,0.17302,0,8.5,0.16933,0,8.5,0.16591,0,8.5,0.22527,0,8.5,0.22539,0,8.5,0.22451,0,8.5,0.22227,0,8.5,0.21906,0,8.5,0.27446,0,8.5,0.27524,0,8.5,0.27434,0,8.5,0.2725,0,8.5,0.26918,0
9,0.076787,0,9,0.076569,0,9,0.075167,0,9,0.072969,0,9,0.070181,0,9,0.12616,0,9,0.12618,0,9,0.12472,0,9,0.12213,0,9,0.11876,0,9,0.18026,0,9,0.1804,0,9,0.17644,0,9,0.17284,0,9,0.23398,0,9,0.23404,0,9,0.23301,0,9,0.23061,0,9,0.22723,0,9,0.28405,0,9,0.28475,0,9,0.28371,0,9,0.28172,0,9,0.27824,0
9.5,0.080505,0,9.5,0.08025,0,9.5,0.078761,0,9.5,0.076445,0,9.5,0.073517,0,9.5,0.13178,0,9.5,0.13174,0,9.5,0.13017,0,9.5,0.12744,0,9.5,0.1239,0,9.5,0.18749,0,9.5,0.18755,0,9.5,0.18332,0,9.5,0.17954,0,9.5,0.24241,0,9.5,0.24235,0,9.5,0.24123,0,9.5,0.23865,0,9.5,0.23511,0,9.5,0.29327,0,9.5,0.29391,0,9.5,0.29271,0,9.5,0.2906,0,9.5,0.28693,0
10,0.084178,0,10,0.083884,0,10,0.082306,0,10,0.079875,0,10,0.076806,0,10,0.13728,0,10,0.13719,0,10,0.13551,0,10,0.13264,0,10,0.12893,0,10,0.19453,0,10,0.19452,0,10,0.19001,0,10,0.18607,0,10,0.25052,0,10,0.2504,0,10,0.24913,0,10,0.24643,0,10,0.24273,0,10,0.30217,0,10,0.3027,0,10,0.30139,0,10,0.2991,0,10,0.2953,0
10.5,0.087803,0,10.5,0.087469,0,10.5,0.085803,0,10.5,0.083256,0,10.5,0.080049,0,10.5,0.14268,0,10.5,0.14252,0,10.5,0.14073,0,10.5,0.13772,0,10.5,0.13385,0,10.5,0.20137,0,10.5,0.20127,0,10.5,0.1965,0,10.5,0.19239,0,10.5,0.2584,0,10.5,0.25817,0,10.5,0.25679,0,10.5,0.25392,0,10.5,0.25006,0,10.5,0.31074,0,10.5,0.3112,0,10.5,0.30974,0,10.5,0.30732,0,10.5,0.30336,0
11,0.091385,0,11,0.09101,0,11,0.089254,0,11,0.086592,0,11,0.083248,0,11,0.14797,0,11,0.14775,0,11,0.14585,0,11,0.1427,0,11,0.13867,0,11,0.20804,0,11,0.20786,0,11,0.20282,0,11,0.19855,0,11,0.26601,0,11,0.26571,0,11,0.26419,0,11,0.26119,0,11,0.25718,0,11,0.31903,0,11,0.31939,0,11,0.31781,0,11,0.31524,0,11,0.31115,0
11.5,0.094923,0,11.5,0.094504,0,11.5,0.09266,0,11.5,0.089883,0,11.5,0.086403,0,11.5,0.15317,0,11.5,0.15287,0,11.5,0.15086,0,11.5,0.14757,0,11.5,0.14339,0,11.5,0.21453,0,11.5,0.21426,0,11.5,0.20896,0,11.5,0.20454,0,11.5,0.2734,0,11.5,0.273,0,11.5,0.27137,0,11.5,0.26821,0,11.5,0.26405,0,11.5,0.32704,0,11.5,0.32734,0,11.5,0.32561,0,11.5,0.32291,0,11.5,0.31866,0
12,0.098419,0,12,0.097955,0,12,0.096022,0,12,0.093132,0,12,0.089517,0,12,0.15826,0,12,0.1579,0,12,0.15578,0,12,0.15235,0,12,0.14801,0,12,0.22086,0,12,0.22051,0,12,0.21495,0,12,0.21037,0,12,0.28057,0,12,0.28009,0,12,0.27832,0,12,0.27504,0,12,0.27073,0,12,0.33483,0,12,0.33502,0,12,0.33317,0,12,0.33033,0,12,0.32595,0
12.5,0.10187,0,12.5,0.10136,0,12.5,0.09934,0,12.5,0.096337,0,12.5,0.09259,0,12.5,0.16326,0,12.5,0.16282,0,12.5,0.1606,0,12.5,0.15704,0,12.5,0.15255,0,12.5,0.22703,0,12.5,0.22659,0,12.5,0.22078,0,12.5,0.21605,0,12.5,0.28754,0,12.5,0.28697,0,12.5,0.28509,0,12.5,0.28165,0,12.5,0.27721,0,12.5,0.34237,0,12.5,0.34249,0,12.5,0.3405,0,12.5,0.33753,0,12.5,0.333,0
13,0.10529,0,13,0.10473,0,13,0.10262,0,13,0.099502,0,13,0.095623,0,13,0.16816,0,13,0.16766,0,13,0.16532,0,13,0.16163,0,13,0.15699,0,13,0.23306,0,13,0.23253,0,13,0.22647,0,13,0.22159,0,13,0.29432,0,13,0.29367,0,13,0.29166,0,13,0.28809,0,13,0.28351,0,13,0.3497,0,13,0.34973,0,13,0.34762,0,13,0.3445,0,13,0.33985,0
13.5,0.10866,0,13.5,0.10806,0,13.5,0.10585,0,13.5,0.10263,0,13.5,0.098617,0,13.5,0.17298,0,13.5,0.1724,0,13.5,0.16996,0,13.5,0.16614,0,13.5,0.16135,0,13.5,0.23894,0,13.5,0.23833,0,13.5,0.23201,0,13.5,0.22699,0,13.5,0.30093,0,13.5,0.30018,0,13.5,0.29806,0,13.5,0.29434,0,13.5,0.28963,0,13.5,0.35683,0,13.5,0.35678,0,13.5,0.35454,0,13.5,0.35129,0,13.5,0.34649,0
14,0.112,0,14,0.11134,0,14,0.10905,0,14,0.10571,0,14,0.10157,0,14,0.17771,0,14,0.17707,0,14,0.17451,0,14,0.17056,0,14,0.16562,0,14,0.24469,0,14,0.24399,0,14,0.23743,0,14,0.23227,0,14,0.30736,0,14,0.30653,0,14,0.30428,0,14,0.30044,0,14,0.29559,0,14,0.36379,0,14,0.36364,0,14,0.36128,0,14,0.35789,0,14,0.35297,0
14.5,0.1153,0,14.5,0.11459,0,14.5,0.11221,0,14.5,0.10876,0,14.5,0.10449,0,14.5,0.18237,0,14.5,0.18164,0,14.5,0.17898,0,14.5,0.1749,0,14.5,0.16982,0,14.5,0.25031,0,14.5,0.24953,0,14.5,0.24272,0,14.5,0.23742,0,14.5,0.31364,0,14.5,0.31271,0,14.5,0.31035,0,14.5,0.30637,0,14.5,0.30139,0,14.5,0.37056,0,14.5,0.37033,0,14.5,0.36784,0,14.5,0.36433,0,14.5,0.35926,0
15,0.11856,0,15,0.1178,0,15,0.11533,0,15,0.11178,0,15,0.10738,0,15,0.18694,0,15,0.18614,0,15,0.18337,0,15,0.17916,0,15,0.17394,0,15,0.25582,0,15,0.25494,0,15,0.24789,0,15,0.24246,0,15,0.31976,0,15,0.31876,0,15,0.31627,0,15,0.31217,0,15,0.30705,0,15,0.37717,0,15,0.37685,0,15,0.37424,0,15,0.37059,0,15,0.3654,0
15,0.12688,0.0002,15,0.12635,0.0002,15,0.12402,0.0002,15,0.12053,0.0002,15,0.11618,0.0002,15,0.19605,0.0002,15,0.19545,0.0002,15,0.1928,0.0002,15,0.18867,0.0002,15,0.18351,0.0002,15,0.26514,0.0002,15,0.26445,0.0002,15,0.25763,0.0002,15,0.25226,0.0002,15,0.32906,0.0002,15,0.32821,0.0002,15,0.32589,0.0002,15,0.32189,0.0002,15,0.31689,0.0002,15,0.38642,0.0002,15,0.38631,0.0002,15,0.38384,0.0002,15,0.38032,0.0002,15,0.37521,0.0002
15,0.1351,0.0004,15,0.1348,0.0004,15,0.13261,0.0004,15,0.12918,0.0004,15,0.12489,0.0004,15,0.20504,0.0004,15,0.20463,0.0004,15,0.20211,0.0004,15,0.19806,0.0004,15,0.19297,0.0004,15,0.27433,0.0004,15,0.27382,0.0004,15,0.26723,0.0004,15,0.26195,0.0004,15,0.33825,0.0004,15,0.33755,0.0004,15,0.3354,0.0004,15,0.33149,0.0004,15,0.32662,0.0004,15,0.39556,0.0004,15,0.39567,0.0004,15,0.39335,0.0004,15,0.38995,0.0004,15,0.38491,0.0004
15,0.14322,0.0006,15,0.14316,0.0006,15,0.1411,0.0006,15,0.13774,0.0006,15,0.13351,0.0006,15,0.21391,0.0006,15,0.2137,0.0006,15,0.21131,0.0006,15,0.20734,0.0006,15,0.20231,0.0006,15,0.2834,0.0006,15,0.28308,0.0006,15,0.27673,0.0006,15,0.27153,0.0006,15,0.34733,0.0006,15,0.34679,0.0006,15,0.34481,0.0006,15,0.34101,0.0006,15,0.33625,0.0006,15,0.40462,0.0006,15,0.40493,0.0006,15,0.40276,0.0006,15,0.39949,0.0006,15,0.39454,0.0006
15,0.15126,0.0008,15,0.15142,0.0008,15,0.14951,0.0008,15,0.14622,0.0008,15,0.14205,0.0008,15,0.22266,0.0008,15,0.22264,0.0008,15,0.22039,0.0008,15,0.21651,0.0008,15,0.21155,0.0008,15,0.29235,0.0008,15,0.29223,0.0008,15,0.28612,0.0008,15,0.28101,0.0008,15,0.35632,0.0008,15,0.35593,0.0008,15,0.35412,0.0008,15,0.35043,0.0008,15,0.3458,0.0008,15,0.41358,0.0008,15,0.41412,0.0008,15,0.4121,0.0008,15,0.40896,0.0008,15,0.4041,0.0008
15,0.1592,0.001,15,0.1596,0.001,15,0.15783,0.001,15,0.15461,0.001,15,0.1505,0.001,15,0.23131,0.001,15,0.23148,0.001,15,0.22936,0.001,15,0.22556,0.001,15,0.22069,0.001,15,0.30121,0.001,15,0.30127,0.001,15,0.29541,0.001,15,0.29038,0.001,15,0.36521,0.001,15,0.36498,0.001,15,0.36334,0.001,15,0.35975,0.001,15,0.35525,0.001,15,0.42247,0.001,15,0.42323,0.001,15,0.42136,0.001,15,0.41834,0.001,15,0.41357,0.001
15,0.16707,0.0012,15,0.16769,0.0012,15,0.16607,0.0012,15,0.16292,0.0012,15,0.15889,0.0012,15,0.23985,0.0012,15,0.24022,0.0012,15,0.23824,0.0012,15,0.23453,0.0012,15,0.22973,0.0012,15,0.30996,0.0012,15,0.31022,0.0012,15,0.30461,0.0012,15,0.29967,0.0012,15,0.37402,0.0012,15,0.37395,0.0012,15,0.37248,0.0012,15,0.369,0.0012,15,0.36464,0.0012,15,0.43128,0.0012,15,0.43228,0.0012,15,0.43055,0.0012,15,0.42767,0.0012,15,0.42298,0.0012
15,0.17486,0.0014,15,0.17571,0.0014,15,0.17423,0.0014,15,0.17116,0.0014,15,0.1672,0.0014,15,0.24831,0.0014,15,0.24887,0.0014,15,0.24702,0.0014,15,0.2434,0.0014,15,0.23869,0.0014,15,0.31862,0.0014,15,0.31907,0.0014,15,0.31371,0.0014,15,0.30888,0.0014,15,0.38275,0.0014,15,0.38283,0.0014,15,0.38154,0.0014,15,0.37817,0.0014,15,0.37393,0.0014,15,0.44003,0.0014,15,0.44125,0.0014,15,0.43967,0.0014,15,0.43692,0.0014,15,0.43232,0.0014
15,0.18258,0.0016,15,0.18366,0.0016,15,0.18232,0.0016,15,0.17932,0.0016,15,0.17544,0.0016,15,0.25667,0.0016,15,0.25743,0.0016,15,0.25572,0.0016,15,0.2522,0.0016,15,0.24756,0.0016,15,0.3272,0.0016,15,0.32785,0.0016,15,0.32274,0.0016,15,0.318,0.0016,15,0.39141,0.0016,15,0.39164,0.0016,15,0.39053,0.0016,15,0.38728,0.0016,15,0.38318,0.0016,15,0.44871,0.0016,15,0.45016,0.0016,15,0.44874,0.0016,15,0.44613,0.0016,15,0.44162,0.0016
15,0.19023,0.0018,15,0.19154,0.0018,15,0.19035,0.0018,15,0.18742,0.0018,15,0.18362,0.0018,15,0.26495,0.0018,15,0.2659,0.0018,15,0.26433,0.0018,15,0.26091,0.0018,15,0.25637,0.0018,15,0.3357,0.0018,15,0.33654,0.0018,15,0.33169,0.0018,15,0.32705,0.0018,15,0.39999,0.0018,15,0.40039,0.0018,15,0.39946,0.0018,15,0.39631,0.0018,15,0.39235,0.0018,15,0.45733,0.0018,15,0.45901,0.0018,15,0.45775,0.0018,15,0.45527,0.0018,15,0.45085,0.0018
15,0.19782,0.002,15,0.19935,0.002,15,0.19831,0.002,15,0.19546,0.002,15,0.19174,0.002,15,0.27316,0.002,15,0.2743,0.002,15,0.27286,0.002,15,0.26955,0.002,15,0.26509,0.002,15,0.34413,0.002,15,0.34516,0.002,15,0.34058,0.002,15,0.33603,0.002,15,0.40852,0.002,15,0.40907,0.002,15,0.40833,0.002,15,0.40529,0.002,15,0.40147,0.002,15,0.4659,0.002,15,0.46782,0.002,15,0.46671,0.002,15,0.46437,0.002,15,0.46004,0.002
15,0.20534,0.0022,15,0.2071,0.0022,15,0.20621,0.0022,15,0.20344,0.0022,15,0.19981,0.0022,15,0.2813,0.0022,15,0.28263,0.0022,15,0.28133,0.0022,15,0.27811,0.0022,15,0.27376,0.0022,15,0.35249,0.0022,15,0.35372,0.0022,15,0.34939,0.0022,15,0.34495,0.0022,15,0.41699,0.0022,15,0.41769,0.0022,15,0.41714,0.0022,15,0.41421,0.0022,15,0.41053,0.0022,15,0.47442,0.0022,15,0.47657,0.0022,15,0.47562,0.0022,15,0.47342,0.0022,15,0.46919,0.0022
15,0.21281,0.0024,15,0.21479,0.0024,15,0.21405,0.0024,15,0.21136,0.0024,15,0.20782,0.0024,15,0.28937,0.0024,15,0.29089,0.0024,15,0.28973,0.0024,15,0.28662,0.0024,15,0.28236,0.0024,15,0.36078,0.0024,15,0.36221,0.0024,15,0.35815,0.0024,15,0.35381,0.0024,15,0.4254,0.0024,15,0.42626,0.0024,15,0.4259,0.0024,15,0.42309,0.0024,15,0.41956,0.0024,15,0.48289,0.0024,15,0.48528,0.0024,15,0.4845,0.0024,15,0.48244,0.0024,15,0.4783,0.0024
15,0.22022,0.0026,15,0.22243,0.0026,15,0.22183,0.0026,15,0.21924,0.0026,15,0.21579,0.0026,15,0.29737,0.0026,15,0.29908,0.0026,15,0.29806,0.0026,15,0.29506,0.0026,15,0.2909,0.0026,15,0.36901,0.0026,15,0.37064,0.0026,15,0.36685,0.0026,15,0.36261,0.0026,15,0.43376,0.0026,15,0.43477,0.0026,15,0.43462,0.0026,15,0.43191,0.0026,15,0.42853,0.0026,15,0.49131,0.0026,15,0.49394,0.0026,15,0.49333,0.0026,15,0.49142,0.0026,15,0.48738,0.0026
15,0.22758,0.0028,15,0.23001,0.0028,15,0.22957,0.0028,15,0.22706,0.0028,15,0.22371,0.0028,15,0.30532,0.0028,15,0.30722,0.0028,15,0.30634,0.0028,15,0.30345,0.0028,15,0.29939,0.0028,15,0.37718,0.0028,15,0.37902,0.0028,15,0.3755,0.0028,15,0.37138,0.0028,15,0.44208,0.0028,15,0.44324,0.0028,15,0.4433,0.0028,15,0.44071,0.0028,15,0.43748,0.0028,15,0.49969,0.0028,0,0,0,0,0,0,0,0,0,15,0.49644,0.0028
15,0.2349,0.003,15,0.23755,0.003,15,0.23726,0.003,15,0.23484,0.003,15,0.23159,0.003,15,0.31321,0.003,15,0.31531,0.003,15,0.31457,0.003,15,0.31178,0.003,15,0.30784,0.003,15,0.3853,0.003,15,0.38734,0.003,15,0.3841,0.003,15,0.38009,0.003,15,0.45035,0.003,15,0.45167,0.003,15,0.45194,0.003,15,0.44946,0.003,15,0.44638,0.003,0,0,0,0,0,0,0,0,0,0,0,0,0,0,0
15,0.24217,0.0032,15,0.24504,0.0032,15,0.2449,0.0032,15,0.24257,0.0032,15,0.23943,0.0032,15,0.32105,0.0032,15,0.32335,0.0032,15,0.32274,0.0032,15,0.32007,0.0032,15,0.31623,0.0032,15,0.39337,0.0032,15,0.39562,0.0032,15,0.39267,0.0032,15,0.38877,0.0032,15,0.45859,0.0032,15,0.46005,0.0032,15,0.46055,0.0032,15,0.45819,0.0032,15,0.45527,0.0032,0,0,0,0,0,0,0,0,0,0,0,0,0,0,0
15,0.24939,0.0034,15,0.2525,0.0034,15,0.25251,0.0034,15,0.25027,0.0034,15,0.24723,0.0034,15,0.32884,0.0034,15,0.33135,0.0034,15,0.33088,0.0034,15,0.32832,0.0034,15,0.32459,0.0034,15,0.40139,0.0034,15,0.40386,0.0034,15,0.4012,0.0034,15,0.39741,0.0034,15,0.46679,0.0034,15,0.4684,0.0034,15,0.46914,0.0034,15,0.46688,0.0034,15,0.46412,0.0034,0,0,0,0,0,0,0,0,0,0,0,0,0,0,0
15,0.25658,0.0036,15,0.25991,0.0036,15,0.26007,0.0036,15,0.25793,0.0036,15,0.255,0.0036,15,0.33658,0.0036,15,0.33931,0.0036,15,0.33897,0.0036,15,0.33653,0.0036,15,0.33291,0.0036,15,0.40936,0.0036,15,0.41206,0.0036,15,0.4097,0.0036,15,0.40603,0.0036,15,0.47495,0.0036,15,0.47672,0.0036,15,0.4777,0.0036,15,0.47557,0.0036,15,0.47297,0.0036,0,0,0,0,0,0,0,0,0,0,0,0,0,0,0
15,0.26372,0.0038,15,0.26729,0.0038,15,0.2676,0.0038,15,0.26556,0.0038,15,0.26274,0.0038,15,0.34428,0.0038,15,0.34723,0.0038,15,0.34703,0.0038,15,0.3447,0.0038,15,0.3412,0.0038,15,0.41729,0.0038,15,0.42023,0.0038,15,0.41817,0.0038,15,0.41461,0.0038,15,0.48309,0.0038,15,0.485,0.0038,15,0.48624,0.0038,15,0.48424,0.0038,15,0.4818,0.0038,0,0,0,0,0,0,0,0,0,0,0,0,0,0,0
15,0.27083,0.004,15,0.27464,0.004,15,0.2751,0.004,15,0.27316,0.004,15,0.27046,0.004,15,0.35193,0.004,15,0.35513,0.004,15,0.35506,0.004,15,0.35284,0.004,15,0.34946,0.004,15,0.42518,0.004,15,0.42836,0.004,15,0.42662,0.004,15,0.42319,0.004,15,0.4912,0.004,15,0.49326,0.004,15,0.49478,0.004,15,0.49291,0.004,15,0.49064,0.004,0,0,0,0,0,0,0,0,0,0,0,0,0,0,0
15,0.27791,0.0042,15,0.28197,0.0042,15,0.28258,0.0042,15,0.28073,0.0042,15,0.27815,0.0042,15,0.35953,0.0042,15,0.36301,0.0042,15,0.36307,0.0042,15,0.36096,0.0042,15,0.35771,0.0042,15,0.43304,0.0042,15,0.43646,0.0042,15,0.43506,0.0042,15,0.43174,0.0042,15,0.49928,0.0042,0,0,0,0,0,0,0,0,0,15,0.49947,0.0042,0,0,0,0,0,0,0,0,0,0,0,0,0,0,0
15,0.28496,0.0044,15,0.28926,0.0044,15,0.29003,0.0044,15,0.28829,0.0044,15,0.28582,0.0044,15,0.3671,0.0044,15,0.37087,0.0044,15,0.37105,0.0044,15,0.36905,0.0044,15,0.36592,0.0044,15,0.44085,0.0044,15,0.44454,0.0044,15,0.44349,0.0044,15,0.44029,0.0044,0,0,0,0,0,0,0,0,0,0,0,0,0,0,0,0,0,0,0,0,0,0,0,0,0,0,0,0,0,0
15,0.29197,0.0046,15,0.29654,0.0046,15,0.29746,0.0046,15,0.29582,0.0046,15,0.29347,0.0046,15,0.37462,0.0046,15,0.37872,0.0046,15,0.37902,0.0046,15,0.37713,0.0046,15,0.37413,0.0046,15,0.44864,0.0046,15,0.45261,0.0046,15,0.45191,0.0046,15,0.44884,0.0046,0,0,0,0,0,0,0,0,0,0,0,0,0,0,0,0,0,0,0,0,0,0,0,0,0,0,0,0,0,0
15,0.29896,0.0048,15,0.3038,0.0048,15,0.30487,0.0048,15,0.30333,0.0048,15,0.30111,0.0048,15,0.38211,0.0048,15,0.38655,0.0048,15,0.38698,0.0048,15,0.38519,0.0048,15,0.38232,0.0048,15,0.45639,0.0048,15,0.46065,0.0048,15,0.46033,0.0048,15,0.4574,0.0048,0,0,0,0,0,0,0,0,0,0,0,0,0,0,0,0,0,0,0,0,0,0,0,0,0,0,0,0,0,0
15,0.30592,0.005,15,0.31104,0.005,15,0.31227,0.005,15,0.31084,0.005,15,0.30873,0.005,15,0.38956,0.005,15,0.39437,0.005,15,0.39492,0.005,15,0.39325,0.005,15,0.39051,0.005,15,0.46411,0.005,15,0.46868,0.005,15,0.46877,0.005,15,0.46596,0.005,0,0,0,0,0,0,0,0,0,0,0,0,0,0,0,0,0,0,0,0,0,0,0,0,0,0,0,0,0,0
15,0.31285,0.0052,15,0.31827,0.0052,15,0.31966,0.0052,15,0.31834,0.0052,15,0.31635,0.0052,15,0.39697,0.0052,15,0.40217,0.0052,15,0.40286,0.0052,15,0.4013,0.0052,15,0.39869,0.0052,15,0.4718,0.0052,15,0.4767,0.0052,15,0.47723,0.0052,15,0.47453,0.0052,0,0,0,0,0,0,0,0,0,0,0,0,0,0,0,0,0,0,0,0,0,0,0,0,0,0,0,0,0,0
15,0.31976,0.0054,15,0.32549,0.0054,15,0.32704,0.0054,15,0.32583,0.0054,15,0.32395,0.0054,15,0.40436,0.0054,15,0.40995,0.0054,15,0.41079,0.0054,15,0.40935,0.0054,15,0.40688,0.0054,15,0.47946,0.0054,15,0.48472,0.0054,15,0.48571,0.0054,15,0.48311,0.0054,0,0,0,0,0,0,0,0,0,0,0,0,0,0,0,0,0,0,0,0,0,0,0,0,0,0,0,0,0,0
15,0.32665,0.0056,15,0.33269,0.0056,15,0.33443,0.0056,15,0.33332,0.0056,15,0.33156,0.0056,15,0.41171,0.0056,15,0.41774,0.0056,15,0.41873,0.0056,15,0.41741,0.0056,15,0.41507,0.0056,15,0.4871,0.0056,15,0.49275,0.0056,15,0.49421,0.0056,15,0.49171,0.0056,0,0,0,0,0,0,0,0,0,0,0,0,0,0,0,0,0,0,0,0,0,0,0,0,0,0,0,0,0,0
15,0.33352,0.0058,15,0.33987,0.0058,15,0.34183,0.0058,15,0.34082,0.0058,15,0.33917,0.0058,15,0.41903,0.0058,15,0.42552,0.0058,15,0.42666,0.0058,15,0.42547,0.0058,15,0.42328,0.0058,15,0.49472,0.0058,0,0,0,0,0,0,0,0,0,0,0,0,0,0,0,0,0,0,0,0,0,0,0,0,0,0,0,0,0,0,0,0,0,0,0,0,0,0,0
15,0.34037,0.006,15,0.34705,0.006,15,0.34923,0.006,15,0.34832,0.006,15,0.34678,0.006,15,0.42632,0.006,15,0.4333,0.006,15,0.43461,0.006,15,0.43354,0.006,15,0.4315,0.006,0,0,0,0,0,0,0,0,0,0,0,0,0,0,0,0,0,0,0,0,0,0,0,0,0,0,0,0,0,0,0,0,0,0,0,0,0,0,0,0,0,0
12.5,0.11052,0.0002,12.5,0.11025,0.0002,12.5,0.10837,0.0002,12.5,0.10542,0.0002,12.5,0.10172,0.0002,12.5,0.17294,0.0002,12.5,0.17271,0.0002,12.5,0.1706,0.0002,12.5,0.1671,0.0002,12.5,0.16266,0.0002,12.5,0.23707,0.0002,12.5,0.23681,0.0002,12.5,0.23121,0.0002,12.5,0.22654,0.0002,12.5,0.2976,0.0002,12.5,0.29718,0.0002,12.5,0.29546,0.0002,12.5,0.29212,0.0002,12.5,0.28778,0.0002,12.5,0.35236,0.0002,12.5,0.35269,0.0002,12.5,0.35083,0.0002,12.5,0.34798,0.0002,12.5,0.34352,0.0002
12.5,0.11906,0.0004,12.5,0.11902,0.0004,12.5,0.11728,0.0004,12.5,0.1144,0.0004,12.5,0.11074,0.0004,12.5,0.18247,0.0004,12.5,0.18243,0.0004,12.5,0.18045,0.0004,12.5,0.17702,0.0004,12.5,0.17263,0.0004,12.5,0.24694,0.0004,12.5,0.24687,0.0004,12.5,0.24148,0.0004,12.5,0.23688,0.0004,12.5,0.3075,0.0004,12.5,0.30724,0.0004,12.5,0.30567,0.0004,12.5,0.30242,0.0004,12.5,0.29819,0.0004,12.5,0.36222,0.0004,12.5,0.36276,0.0004,12.5,0.36105,0.0004,12.5,0.3583,0.0004,12.5,0.35393,0.0004
12.5,0.12749,0.0006,12.5,0.12768,0.0006,12.5,0.12608,0.0006,12.5,0.12326,0.0006,12.5,0.11965,0.0006,12.5,0.19185,0.0006,12.5,0.19201,0.0006,12.5,0.19016,0.0006,12.5,0.1868,0.0006,12.5,0.18246,0.0006,12.5,0.25665,0.0006,12.5,0.25678,0.0006,12.5,0.25161,0.0006,12.5,0.24708,0.0006,12.5,0.31727,0.0006,12.5,0.31716,0.0006,12.5,0.31576,0.0006,12.5,0.31261,0.0006,12.5,0.3085,0.0006,12.5,0.37195,0.0006,12.5,0.3727,0.0006,12.5,0.37114,0.0006,12.5,0.36851,0.0006,12.5,0.3642,0.0006
12.5,0.13581,0.0008,12.5,0.13624,0.0008,12.5,0.13479,0.0008,12.5,0.13203,0.0008,12.5,0.12847,0.0008,12.5,0.2011,0.0008,12.5,0.20145,0.0008,12.5,0.19973,0.0008,12.5,0.19644,0.0008,12.5,0.19216,0.0008,12.5,0.26622,0.0008,12.5,0.26653,0.0008,12.5,0.26159,0.0008,12.5,0.25714,0.0008,12.5,0.32691,0.0008,12.5,0.32695,0.0008,12.5,0.3257,0.0008,12.5,0.32265,0.0008,12.5,0.31865,0.0008,12.5,0.38156,0.0008,12.5,0.38254,0.0008,12.5,0.3811,0.0008,12.5,0.3786,0.0008,12.5,0.37439,0.0008
12.5,0.14404,0.001,12.5,0.14471,0.001,12.5,0.14339,0.001,12.5,0.1407,0.001,12.5,0.1372,0.001,12.5,0.21021,0.001,12.5,0.21077,0.001,12.5,0.20917,0.001,12.5,0.20596,0.001,12.5,0.20175,0.001,12.5,0.27566,0.001,12.5,0.27616,0.001,12.5,0.27146,0.001,12.5,0.26707,0.001,12.5,0.33642,0.001,12.5,0.33662,0.001,12.5,0.33554,0.001,12.5,0.33259,0.001,12.5,0.32871,0.001,12.5,0.39105,0.001,12.5,0.39227,0.001,12.5,0.39098,0.001,12.5,0.3886,0.001,12.5,0.38445,0.001
12.5,0.15218,0.0012,12.5,0.15308,0.0012,12.5,0.15191,0.0012,12.5,0.14928,0.0012,12.5,0.14584,0.0012,12.5,0.21921,0.0012,12.5,0.21996,0.0012,12.5,0.21849,0.0012,12.5,0.21537,0.0012,12.5,0.21122,0.0012,12.5,0.28497,0.0012,12.5,0.28566,0.0012,12.5,0.28119,0.0012,12.5,0.27689,0.0012,12.5,0.34581,0.0012,12.5,0.34617,0.0012,12.5,0.34526,0.0012,12.5,0.34241,0.0012,12.5,0.33865,0.0012,12.5,0.40045,0.0012,12.5,0.4019,0.0012,12.5,0.40074,0.0012,12.5,0.39851,0.0012,12.5,0.39444,0.0012
12.5,0.16023,0.0014,12.5,0.16136,0.0014,12.5,0.16033,0.0014,12.5,0.15778,0.0014,12.5,0.15441,0.0014,12.5,0.22809,0.0014,12.5,0.22903,0.0014,12.5,0.2277,0.0014,12.5,0.22466,0.0014,12.5,0.22059,0.0014,12.5,0.29417,0.0014,12.5,0.29505,0.0014,12.5,0.29082,0.0014,12.5,0.2866,0.0014,12.5,0.3551,0.0014,12.5,0.35562,0.0014,12.5,0.35488,0.0014,12.5,0.35214,0.0014,12.5,0.34851,0.0014,12.5,0.40976,0.0014,12.5,0.41144,0.0014,12.5,0.41042,0.0014,12.5,0.40831,0.0014,12.5,0.40433,0.0014
12.5,0.1682,0.0016,12.5,0.16956,0.0016,12.5,0.16868,0.0016,12.5,0.16619,0.0016,12.5,0.16289,0.0016,12.5,0.23687,0.0016,12.5,0.23801,0.0016,12.5,0.23681,0.0016,12.5,0.23386,0.0016,12.5,0.22986,0.0016,12.5,0.30325,0.0016,12.5,0.30433,0.0016,12.5,0.30034,0.0016,12.5,0.29622,0.0016,12.5,0.3643,0.0016,12.5,0.36497,0.0016,12.5,0.3644,0.0016,12.5,0.36177,0.0016,12.5,0.35826,0.0016,12.5,0.41898,0.0016,12.5,0.42089,0.0016,12.5,0.42002,0.0016,12.5,0.41805,0.0016,12.5,0.41415,0.0016
12.5,0.17609,0.0018,12.5,0.17769,0.0018,12.5,0.17695,0.0018,12.5,0.17453,0.0018,12.5,0.17131,0.0018,12.5,0.24555,0.0018,12.5,0.24688,0.0018,12.5,0.24582,0.0018,12.5,0.24296,0.0018,12.5,0.23903,0.0018,12.5,0.31224,0.0018,12.5,0.3135,0.0018,12.5,0.30976,0.0018,12.5,0.30572,0.0018,12.5,0.37339,0.0018,12.5,0.37423,0.0018,12.5,0.37383,0.0018,12.5,0.37131,0.0018,12.5,0.36794,0.0018,12.5,0.42811,0.0018,12.5,0.43027,0.0018,12.5,0.42955,0.0018,12.5,0.4277,0.0018,12.5,0.4239,0.0018
12.5,0.18391,0.002,12.5,0.18574,0.002,12.5,0.18514,0.002,12.5,0.18281,0.002,12.5,0.17966,0.002,12.5,0.25413,0.002,12.5,0.25565,0.002,12.5,0.25473,0.002,12.5,0.25196,0.002,12.5,0.24813,0.002,12.5,0.32113,0.002,12.5,0.32259,0.002,12.5,0.3191,0.002,12.5,0.31515,0.002,12.5,0.38241,0.002,12.5,0.3834,0.002,12.5,0.38319,0.002,12.5,0.38077,0.002,12.5,0.37754,0.002,12.5,0.43717,0.002,12.5,0.43957,0.002,12.5,0.439,0.002,12.5,0.43729,0.002,12.5,0.43356,0.002
12.5,0.19166,0.0022,12.5,0.19372,0.0022,12.5,0.19327,0.0022,12.5,0.19101,0.0022,12.5,0.18794,0.0022,12.5,0.26263,0.0022,12.5,0.26435,0.0022,12.5,0.26355,0.0022,12.5,0.26088,0.0022,12.5,0.25714,0.0022,12.5,0.32993,0.0022,12.5,0.33158,0.0022,12.5,0.32834,0.0022,12.5,0.32449,0.0022,12.5,0.39135,0.0022,12.5,0.3925,0.0022,12.5,0.39247,0.0022,12.5,0.39015,0.0022,12.5,0.38705,0.0022,12.5,0.44617,0.0022,12.5,0.44881,0.0022,12.5,0.44839,0.0022,12.5,0.4468,0.0022,12.5,0.44319,0.0022
12.5,0.19934,0.0024,12.5,0.20163,0.0024,12.5,0.20133,0.0024,12.5,0.19915,0.0024,12.5,0.19617,0.0024,12.5,0.27105,0.0024,12.5,0.27295,0.0024,12.5,0.2723,0.0024,12.5,0.26973,0.0024,12.5,0.26607,0.0024,12.5,0.33864,0.0024,12.5,0.34049,0.0024,12.5,0.33751,0.0024,12.5,0.33376,0.0024,12.5,0.40021,0.0024,12.5,0.40152,0.0024,12.5,0.40168,0.0024,12.5,0.39947,0.0024,12.5,0.39652,0.0024,12.5,0.45509,0.0024,12.5,0.45798,0.0024,12.5,0.45771,0.0024,12.5,0.45628,0.0024,12.5,0.45273,0.0024
12.5,0.20697,0.0026,12.5,0.20948,0.0026,12.5,0.20933,0.0026,12.5,0.20723,0.0026,12.5,0.20433,0.0026,12.5,0.27939,0.0026,12.5,0.28149,0.0026,12.5,0.28096,0.0026,12.5,0.27849,0.0026,12.5,0.27493,0.0026,12.5,0.34728,0.0026,12.5,0.34933,0.0026,12.5,0.34661,0.0026,12.5,0.34295,0.0026,12.5,0.40901,0.0026,12.5,0.41047,0.0026,12.5,0.41082,0.0026,12.5,0.40872,0.0026,12.5,0.4059,0.0026,12.5,0.46396,0.0026,12.5,0.46709,0.0026,12.5,0.46699,0.0026,12.5,0.46568,0.0026,12.5,0.46225,0.0026
12.5,0.21453,0.0028,12.5,0.21728,0.0028,12.5,0.21728,0.0028,12.5,0.21525,0.0028,12.5,0.21245,0.0028,12.5,0.28766,0.0028,12.5,0.28995,0.0028,12.5,0.28956,0.0028,12.5,0.2872,0.0028,12.5,0.28373,0.0028,12.5,0.35584,0.0028,12.5,0.3581,0.0028,12.5,0.35564,0.0028,12.5,0.35209,0.0028,12.5,0.41774,0.0028,12.5,0.41936,0.0028,12.5,0.41991,0.0028,12.5,0.41792,0.0028,12.5,0.41526,0.0028,12.5,0.47277,0.0028,12.5,0.47615,0.0028,12.5,0.47621,0.0028,12.5,0.47506,0.0028,12.5,0.47171,0.0028
12.5,0.22204,0.003,12.5,0.22502,0.003,12.5,0.22516,0.003,12.5,0.22322,0.003,12.5,0.22052,0.003,12.5,0.29586,0.003,12.5,0.29835,0.003,12.5,0.2981,0.003,12.5,0.29583,0.003,12.5,0.29247,0.003,12.5,0.36434,0.003,12.5,0.3668,0.003,12.5,0.36461,0.003,12.5,0.36115,0.003,12.5,0.42641,0.003,12.5,0.42818,0.003,12.5,0.42895,0.003,12.5,0.42706,0.003,12.5,0.42454,0.003,12.5,0.48152,0.003,12.5,0.48516,0.003,12.5,0.4854,0.003,12.5,0.48439,0.003,12.5,0.48114,0.003
12.5,0.2295,0.0032,12.5,0.2327,0.0032,12.5,0.233,0.0032,12.5,0.23115,0.0032,12.5,0.22854,0.0032,12.5,0.304,0.0032,12.5,0.30669,0.0032,12.5,0.30657,0.0032,12.5,0.30441,0.0032,12.5,0.30115,0.0032,12.5,0.37277,0.0032,12.5,0.37544,0.0032,12.5,0.37353,0.0032,12.5,0.37018,0.0032,12.5,0.43503,0.0032,12.5,0.43696,0.0032,12.5,0.43795,0.0032,12.5,0.43617,0.0032,12.5,0.43381,0.0032,12.5,0.49022,0.0032,12.5,0.49412,0.0032,12.5,0.49454,0.0032,12.5,0.49369,0.0032,12.5,0.49053,0.0032
12.5,0.23692,0.0034,12.5,0.24035,0.0034,12.5,0.24079,0.0034,12.5,0.23903,0.0034,12.5,0.23653,0.0034,12.5,0.31208,0.0034,12.5,0.31497,0.0034,12.5,0.31499,0.0034,12.5,0.31294,0.0034,12.5,0.30978,0.0034,12.5,0.38114,0.0034,12.5,0.38403,0.0034,12.5,0.38239,0.0034,12.5,0.37915,0.0034,12.5,0.4436,0.0034,12.5,0.44568,0.0034,12.5,0.4469,0.0034,12.5,0.44523,0.0034,12.5,0.44302,0.0034,12.5,0.49887,0.0034,0,0,0,0,0,0,0,0,0,12.5,0.49991,0.0034
12.5,0.24428,0.0036,12.5,0.24794,0.0036,12.5,0.24854,0.0036,12.5,0.24686,0.0036,12.5,0.24447,0.0036,12.5,0.3201,0.0036,12.5,0.32321,0.0036,12.5,0.32336,0.0036,12.5,0.32141,0.0036,12.5,0.31837,0.0036,12.5,0.38945,0.0036,12.5,0.39256,0.0036,12.5,0.39122,0.0036,12.5,0.38809,0.0036,12.5,0.45213,0.0036,12.5,0.45436,0.0036,12.5,0.45582,0.0036,12.5,0.45427,0.0036,12.5,0.45222,0.0036,0,0,0,0,0,0,0,0,0,0,0,0,0,0,0
12.5,0.25161,0.0038,12.5,0.2555,0.0038,12.5,0.25625,0.0038,12.5,0.25467,0.0038,12.5,0.25238,0.0038,12.5,0.32807,0.0038,12.5,0.3314,0.0038,12.5,0.33168,0.0038,12.5,0.32984,0.0038,12.5,0.32691,0.0038,12.5,0.3977,0.0038,12.5,0.40105,0.0038,12.5,0.4,0.0038,12.5,0.39698,0.0038,12.5,0.46061,0.0038,12.5,0.46299,0.0038,12.5,0.46471,0.0038,12.5,0.46327,0.0038,12.5,0.46138,0.0038,0,0,0,0,0,0,0,0,0,0,0,0,0,0,0
12.5,0.25889,0.004,12.5,0.26303,0.004,12.5,0.26392,0.004,12.5,0.26243,0.004,12.5,0.26025,0.004,12.5,0.33598,0.004,12.5,0.33956,0.004,12.5,0.33996,0.004,12.5,0.33824,0.004,12.5,0.33542,0.004,12.5,0.4059,0.004,12.5,0.40949,0.004,12.5,0.40875,0.004,12.5,0.40585,0.004,12.5,0.46905,0.004,12.5,0.47158,0.004,12.5,0.47358,0.004,12.5,0.47227,0.004,12.5,0.47055,0.004,0,0,0,0,0,0,0,0,0,0,0,0,0,0,0
12.5,0.26613,0.0042,12.5,0.27052,0.0042,12.5,0.27156,0.0042,12.5,0.27017,0.0042,12.5,0.2681,0.0042,12.5,0.34384,0.0042,12.5,0.34769,0.0042,12.5,0.34822,0.0042,12.5,0.34659,0.0042,12.5,0.3439,0.0042,12.5,0.41405,0.0042,12.5,0.41789,0.0042,12.5,0.41747,0.0042,12.5,0.41469,0.0042,12.5,0.47746,0.0042,12.5,0.48013,0.0042,12.5,0.48242,0.0042,12.5,0.48128,0.0042,12.5,0.47969,0.0042,0,0,0,0,0,0,0,0,0,0,0,0,0,0,0
12.5,0.27334,0.0044,12.5,0.27798,0.0044,12.5,0.27917,0.0044,12.5,0.27787,0.0044,12.5,0.27592,0.0044,12.5,0.35164,0.0044,12.5,0.35579,0.0044,12.5,0.35644,0.0044,12.5,0.35492,0.0044,12.5,0.35234,0.0044,12.5,0.42215,0.0044,12.5,0.42626,0.0044,12.5,0.42618,0.0044,12.5,0.42352,0.0044,12.5,0.48583,0.0044,12.5,0.48865,0.0044,12.5,0.49125,0.0044,12.5,0.49041,0.0044,12.5,0.48884,0.0044,0,0,0,0,0,0,0,0,0,0,0,0,0,0,0
12.5,0.28051,0.0046,12.5,0.28541,0.0046,12.5,0.28675,0.0046,12.5,0.28556,0.0046,12.5,0.28372,0.0046,12.5,0.35941,0.0046,12.5,0.36387,0.0046,12.5,0.36464,0.0046,12.5,0.36323,0.0046,12.5,0.36077,0.0046,12.5,0.43021,0.0046,12.5,0.4346,0.0046,12.5,0.43487,0.0046,12.5,0.43234,0.0046,12.5,0.49417,0.0046,12.5,0.49715,0.0046,0,0,0,12.5,0.49974,0.0046,12.5,0.49798,0.0046,0,0,0,0,0,0,0,0,0,0,0,0,0,0,0
12.5,0.28765,0.0048,12.5,0.29283,0.0048,12.5,0.29432,0.0048,12.5,0.29322,0.0048,12.5,0.2915,0.0048,12.5,0.36712,0.0048,12.5,0.37194,0.0048,12.5,0.37282,0.0048,12.5,0.37151,0.0048,12.5,0.36917,0.0048,12.5,0.43823,0.0048,12.5,0.44291,0.0048,12.5,0.44356,0.0048,12.5,0.44115,0.0048,0,0,0,0,0,0,0,0,0,0,0,0,0,0,0,0,0,0,0,0,0,0,0,0,0,0,0,0,0,0
12.5,0.29476,0.005,12.5,0.30022,0.005,12.5,0.30186,0.005,12.5,0.30087,0.005,12.5,0.29926,0.005,12.5,0.37479,0.005,12.5,0.37998,0.005,12.5,0.38098,0.005,12.5,0.37978,0.005,12.5,0.37757,0.005,12.5,0.44621,0.005,12.5,0.4512,0.005,12.5,0.45226,0.005,12.5,0.44998,0.005,0,0,0,0,0,0,0,0,0,0,0,0,0,0,0,0,0,0,0,0,0,0,0,0,0,0,0,0,0,0
12.5,0.30184,0.0052,12.5,0.3076,0.0052,12.5,0.3094,0.0052,12.5,0.30851,0.0052,12.5,0.30701,0.0052,12.5,0.38242,0.0052,12.5,0.38799,0.0052,12.5,0.38913,0.0052,12.5,0.38804,0.0052,12.5,0.38595,0.0052,12.5,0.45415,0.0052,12.5,0.45947,0.0052,12.5,0.46096,0.0052,12.5,0.45879,0.0052,0,0,0,0,0,0,0,0,0,0,0,0,0,0,0,0,0,0,0,0,0,0,0,0,0,0,0,0,0,0
12.5,0.30889,0.0054,12.5,0.31496,0.0054,12.5,0.31693,0.0054,12.5,0.31613,0.0054,12.5,0.31475,0.0054,12.5,0.39,0.0054,12.5,0.39599,0.0054,12.5,0.39727,0.0054,12.5,0.39629,0.0054,12.5,0.39434,0.0054,12.5,0.46205,0.0054,12.5,0.46773,0.0054,12.5,0.46968,0.0054,12.5,0.46763,0.0054,0,0,0,0,0,0,0,0,0,0,0,0,0,0,0,0,0,0,0,0,0,0,0,0,0,0,0,0,0,0
12.5,0.31591,0.0056,12.5,0.3223,0.0056,12.5,0.32445,0.0056,12.5,0.32376,0.0056,12.5,0.32249,0.0056,12.5,0.39755,0.0056,12.5,0.40397,0.0056,12.5,0.40541,0.0056,12.5,0.40454,0.0056,12.5,0.40272,0.0056,12.5,0.46993,0.0056,12.5,0.47598,0.0056,12.5,0.47843,0.0056,12.5,0.47645,0.0056,0,0,0,0,0,0,0,0,0,0,0,0,0,0,0,0,0,0,0,0,0,0,0,0,0,0,0,0,0,0
12.5,0.32292,0.0058,12.5,0.32962,0.0058,12.5,0.33198,0.0058,12.5,0.33138,0.0058,12.5,0.33022,0.0058,12.5,0.40507,0.0058,12.5,0.41195,0.0058,12.5,0.41354,0.0058,12.5,0.41279,0.0058,12.5,0.41111,0.0058,12.5,0.47777,0.0058,12.5,0.48423,0.0058,12.5,0.4872,0.0058,12.5,0.4853,0.0058,0,0,0,0,0,0,0,0,0,0,0,0,0,0,0,0,0,0,0,0,0,0,0,0,0,0,0,0,0,0
10,0.093201,0.0002,10,0.093153,0.0002,10,0.091718,0.0002,10,0.08934,0.0002,10,0.086303,0.0002,10,0.14765,0.0002,10,0.14776,0.0002,10,0.1462,0.0002,10,0.14337,0.0002,10,0.1397,0.0002,10,0.20548,0.0002,10,0.20565,0.0002,10,0.20133,0.0002,10,0.19743,0.0002,10,0.2616,0.0002,10,0.26162,0.0002,10,0.2605,0.0002,10,0.25787,0.0002,10,0.25426,0.0002,10,0.31318,0.0002,10,0.31392,0.0002,10,0.31273,0.0002,10,0.31056,0.0002,10,0.30682,0.0002
10,0.10209,0.0004,10,0.10229,0.0004,10,0.101,0.0004,10,0.098674,0.0004,10,0.095674,0.0004,10,0.15782,0.0004,10,0.15813,0.0004,10,0.1567,0.0004,10,0.15393,0.0004,10,0.15029,0.0004,10,0.21622,0.0004,10,0.21657,0.0004,10,0.21245,0.0004,10,0.2086,0.0004,10,0.27247,0.0004,10,0.27264,0.0004,10,0.27167,0.0004,10,0.26913,0.0004,10,0.26561,0.0004,10,0.32401,0.0004,10,0.32496,0.0004,10,0.32389,0.0004,10,0.32184,0.0004,10,0.31816,0.0004
10,0.11086,0.0006,10,0.1113,0.0006,10,0.11015,0.0006,10,0.10789,0.0006,10,0.10493,0.0006,10,0.16782,0.0006,10,0.16833,0.0006,10,0.16702,0.0006,10,0.16431,0.0006,10,0.16071,0.0006,10,0.22675,0.0006,10,0.22729,0.0006,10,0.22338,0.0006,10,0.21958,0.0006,10,0.28314,0.0006,10,0.28346,0.0006,10,0.28265,0.0006,10,0.28019,0.0006,10,0.27677,0.0006,10,0.33465,0.0006,10,0.33582,0.0006,10,0.33488,0.0006,10,0.33296,0.0006,10,0.32935,0.0006
10,0.11951,0.0008,10,0.1202,0.0008,10,0.11919,0.0008,10,0.11698,0.0008,10,0.11407,0.0008,10,0.17764,0.0008,10,0.17836,0.0008,10,0.17717,0.0008,10,0.17453,0.0008,10,0.17098,0.0008,10,0.2371,0.0008,10,0.23783,0.0008,10,0.23412,0.0008,10,0.23038,0.0008,10,0.29363,0.0008,10,0.29411,0.0008,10,0.29346,0.0008,10,0.29108,0.0008,10,0.28777,0.0008,10,0.34513,0.0008,10,0.34653,0.0008,10,0.34571,0.0008,10,0.3439,0.0008,10,0.34035,0.0008
10,0.12806,0.001,10,0.12898,0.001,10,0.12812,0.001,10,0.12597,0.001,10,0.12311,0.001,10,0.18731,0.001,10,0.18823,0.001,10,0.18717,0.001,10,0.1846,0.001,10,0.18109,0.001,10,0.24727,0.001,10,0.24819,0.001,10,0.2447,0.001,10,0.24102,0.001,10,0.30395,0.001,10,0.30458,0.001,10,0.30408,0.001,10,0.30181,0.001,10,0.29861,0.001,10,0.35546,0.001,10,0.35708,0.001,10,0.3564,0.001,10,0.35471,0.001,10,0.35124,0.001
10,0.13649,0.0012,10,0.13766,0.0012,10,0.13694,0.0012,10,0.13486,0.0012,10,0.13205,0.0012,10,0.19684,0.0012,10,0.19796,0.0012,10,0.19702,0.0012,10,0.19452,0.0012,10,0.19108,0.0012,10,0.25728,0.0012,10,0.25838,0.0012,10,0.25513,0.0012,10,0.2515,0.0012,10,0.31411,0.0012,10,0.3149,0.0012,10,0.31457,0.0012,10,0.31239,0.0012,10,0.30929,0.0012,10,0.36563,0.0012,10,0.3675,0.0012,10,0.36694,0.0012,10,0.36536,0.0012,10,0.36197,0.0012
10,0.14483,0.0014,10,0.14624,0.0014,10,0.14567,0.0014,10,0.14364,0.0014,10,0.14089,0.0014,10,0.20622,0.0014,10,0.20754,0.0014,10,0.20674,0.0014,10,0.20431,0.0014,10,0.20093,0.0014,10,0.26713,0.0014,10,0.26844,0.0014,10,0.26538,0.0014,10,0.26184,0.0014,10,0.32413,0.0014,10,0.32509,0.0014,10,0.3249,0.0014,10,0.32282,0.0014,10,0.31985,0.0014,10,0.37568,0.0014,10,0.37779,0.0014,10,0.37736,0.0014,10,0.37592,0.0014,10,0.3726,0.0014
10,0.15308,0.0016,10,0.15472,0.0016,10,0.1543,0.0016,10,0.15234,0.0016,10,0.14965,0.0016,10,0.21548,0.0016,10,0.217,0.0016,10,0.21633,0.0016,10,0.21398,0.0016,10,0.21066,0.0016,10,0.27684,0.0016,10,0.27834,0.0016,10,0.27553,0.0016,10,0.27206,0.0016,10,0.33401,0.0016,10,0.33513,0.0016,10,0.33512,0.0016,10,0.33313,0.0016,10,0.33027,0.0016,10,0.3856,0.0016,10,0.38795,0.0016,10,0.38766,0.0016,10,0.38633,0.0016,10,0.38309,0.0016
10,0.16124,0.0018,10,0.16312,0.0018,10,0.16284,0.0018,10,0.16095,0.0018,10,0.15833,0.0018,10,0.22462,0.0018,10,0.22634,0.0018,10,0.2258,0.0018,10,0.22353,0.0018,10,0.22028,0.0018,10,0.28642,0.0018,10,0.28811,0.0018,10,0.28553,0.0018,10,0.28213,0.0018,10,0.34377,0.0018,10,0.34503,0.0018,10,0.34521,0.0018,10,0.34331,0.0018,10,0.34058,0.0018,10,0.3954,0.0018,10,0.398,0.0018,10,0.39786,0.0018,10,0.39665,0.0018,10,0.39349,0.0018
10,0.16932,0.002,10,0.17143,0.002,10,0.1713,0.002,10,0.16948,0.002,10,0.16693,0.002,10,0.23365,0.002,10,0.23556,0.002,10,0.23515,0.002,10,0.23296,0.002,10,0.22979,0.002,10,0.29588,0.002,10,0.29776,0.002,10,0.29542,0.002,10,0.29211,0.002,10,0.35341,0.002,10,0.35483,0.002,10,0.35517,0.002,10,0.35339,0.002,10,0.35077,0.002,10,0.4051,0.002,10,0.40795,0.002,10,0.40794,0.002,10,0.40686,0.002,10,0.40378,0.002
10,0.17732,0.0022,10,0.17967,0.0022,10,0.17968,0.0022,10,0.17793,0.0022,10,0.17546,0.0022,10,0.24257,0.0022,10,0.24467,0.0022,10,0.2444,0.0022,10,0.2423,0.0022,10,0.23921,0.0022,10,0.30522,0.0022,10,0.3073,0.0022,10,0.3052,0.0022,10,0.30196,0.0022,10,0.36295,0.0022,10,0.36453,0.0022,10,0.36504,0.0022,10,0.36336,0.0022,10,0.36088,0.0022,10,0.4147,0.0022,10,0.41781,0.0022,10,0.41794,0.0022,10,0.41699,0.0022,10,0.414,0.0022
10,0.18524,0.0024,10,0.18783,0.0024,10,0.18798,0.0024,10,0.18631,0.0024,10,0.18392,0.0024,10,0.25139,0.0024,10,0.25369,0.0024,10,0.25355,0.0024,10,0.25154,0.0024,10,0.24853,0.0024,10,0.31446,0.0024,10,0.31673,0.0024,10,0.31487,0.0024,10,0.31173,0.0024,10,0.37238,0.0024,10,0.37412,0.0024,10,0.37481,0.0024,10,0.37324,0.0024,10,0.37088,0.0024,10,0.42421,0.0024,10,0.42757,0.0024,10,0.42783,0.0024,10,0.42703,0.0024,10,0.42412,0.0024
10,0.1931,0.0026,10,0.19591,0.0026,10,0.19622,0.0026,10,0.19462,0.0026,10,0.19231,0.0026,10,0.26012,0.0026,10,0.26261,0.0026,10,0.2626,0.0026,10,0.26069,0.0026,10,0.25777,0.0026,10,0.32359,0.0026,10,0.32606,0.0026,10,0.32445,0.0026,10,0.32141,0.0026,10,0.38172,0.0026,10,0.38361,0.0026,10,0.3845,0.0026,10,0.38302,0.0026,10,0.38081,0.0026,10,0.43364,0.0026,10,0.43725,0.0026,10,0.43767,0.0026,10,0.437,0.0026,10,0.43418,0.0026
10,0.20089,0.0028,10,0.20394,0.0028,10,0.20439,0.0028,10,0.20287,0.0028,10,0.20065,0.0028,10,0.26876,0.0028,10,0.27145,0.0028,10,0.27156,0.0028,10,0.26976,0.0028,10,0.26691,0.0028,10,0.33263,0.0028,10,0.3353,0.0028,10,0.33394,0.0028,10,0.33099,0.0028,10,0.39097,0.0028,10,0.39303,0.0028,10,0.3941,0.0028,10,0.39274,0.0028,10,0.39067,0.0028,10,0.44298,0.0028,10,0.44685,0.0028,10,0.44743,0.0028,10,0.4469,0.0028,10,0.44418,0.0028
10,0.20862,0.003,10,0.2119,0.003,10,0.2125,0.003,10,0.21106,0.003,10,0.20893,0.003,10,0.27733,0.003,10,0.2802,0.003,10,0.28046,0.003,10,0.27874,0.003,10,0.276,0.003,10,0.34158,0.003,10,0.34446,0.003,10,0.34336,0.003,10,0.3405,0.003,10,0.40014,0.003,10,0.40236,0.003,10,0.40364,0.003,10,0.40236,0.003,10,0.40043,0.003,10,0.45225,0.003,10,0.45639,0.003,10,0.45713,0.003,10,0.45675,0.003,10,0.4541,0.003
10,0.21629,0.0032,10,0.2198,0.0032,10,0.22055,0.0032,10,0.21919,0.0032,10,0.21715,0.0032,10,0.28581,0.0032,10,0.28889,0.0032,10,0.28927,0.0032,10,0.28766,0.0032,10,0.285,0.0032,10,0.35044,0.0032,10,0.35353,0.0032,10,0.3527,0.0032,10,0.34993,0.0032,10,0.40923,0.0032,10,0.41161,0.0032,10,0.4131,0.0032,10,0.41194,0.0032,10,0.41016,0.0032,10,0.46145,0.0032,10,0.46585,0.0032,10,0.46676,0.0032,10,0.46652,0.0032,10,0.46399,0.0032
10,0.2239,0.0034,10,0.22765,0.0034,10,0.22855,0.0034,10,0.22727,0.0034,10,0.22533,0.0034,10,0.29422,0.0034,10,0.2975,0.0034,10,0.29802,0.0034,10,0.2965,0.0034,10,0.29396,0.0034,10,0.35923,0.0034,10,0.36254,0.0034,10,0.36196,0.0034,10,0.35931,0.0034,10,0.41826,0.0034,10,0.4208,0.0034,10,0.42251,0.0034,10,0.42144,0.0034,10,0.41981,0.0034,10,0.47058,0.0034,10,0.47526,0.0034,10,0.47634,0.0034,10,0.47627,0.0034,10,0.47381,0.0034
10,0.23147,0.0036,10,0.23545,0.0036,10,0.23649,0.0036,10,0.2353,0.0036,10,0.23346,0.0036,10,0.30257,0.0036,10,0.30606,0.0036,10,0.3067,0.0036,10,0.30529,0.0036,10,0.30284,0.0036,10,0.36793,0.0036,10,0.37147,0.0036,10,0.37118,0.0036,10,0.36862,0.0036,10,0.42723,0.0036,10,0.42992,0.0036,10,0.43186,0.0036,10,0.43091,0.0036,10,0.42944,0.0036,10,0.47964,0.0036,10,0.4846,0.0036,10,0.48588,0.0036,10,0.48596,0.0036,10,0.48362,0.0036
10,0.23898,0.0038,10,0.2432,0.0038,10,0.24439,0.0038,10,0.24329,0.0038,10,0.24155,0.0038,10,0.31084,0.0038,10,0.31456,0.0038,10,0.31533,0.0038,10,0.31402,0.0038,10,0.31168,0.0038,10,0.37658,0.0038,10,0.38034,0.0038,10,0.38033,0.0038,10,0.37789,0.0038,10,0.43613,0.0038,10,0.43898,0.0038,10,0.44117,0.0038,10,0.44032,0.0038,10,0.43901,0.0038,10,0.48864,0.0038,10,0.4939,0.0038,10,0.49538,0.0038,10,0.49563,0.0038,10,0.49338,0.0038
10,0.24645,0.004,10,0.25092,0.004,10,0.25225,0.004,10,0.25124,0.004,10,0.2496,0.004,10,0.31905,0.004,10,0.32301,0.004,10,0.32391,0.004,10,0.3227,0.004,10,0.32047,0.004,10,0.38515,0.004,10,0.38915,0.004,10,0.38945,0.004,10,0.3871,0.004,10,0.44498,0.004,10,0.44798,0.004,10,0.45045,0.004,10,0.44972,0.004,10,0.44857,0.004,10,0.49758,0.004,0,0,0,0,0,0,0,0,0,0,0,0
10,0.25387,0.0042,10,0.25859,0.0042,10,0.26007,0.0042,10,0.25915,0.0042,10,0.25762,0.0042,10,0.3272,0.0042,10,0.33143,0.0042,10,0.33244,0.0042,10,0.33133,0.0042,10,0.32922,0.0042,10,0.39365,0.0042,10,0.3979,0.0042,10,0.39851,0.0042,10,0.39629,0.0042,10,0.45378,0.0042,10,0.45693,0.0042,10,0.45968,0.0042,10,0.45913,0.0042,10,0.45809,0.0042,0,0,0,0,0,0,0,0,0,0,0,0,0,0,0
10,0.26126,0.0044,10,0.26623,0.0044,10,0.26786,0.0044,10,0.26703,0.0044,10,0.26561,0.0044,10,0.33528,0.0044,10,0.3398,0.0044,10,0.34094,0.0044,10,0.33993,0.0044,10,0.33793,0.0044,10,0.4021,0.0044,10,0.40661,0.0044,10,0.40755,0.0044,10,0.40544,0.0044,10,0.46253,0.0044,10,0.46583,0.0044,10,0.46889,0.0044,10,0.46876,0.0044,10,0.46761,0.0044,0,0,0,0,0,0,0,0,0,0,0,0,0,0,0
10,0.2686,0.0046,10,0.27384,0.0046,10,0.27562,0.0046,10,0.27488,0.0046,10,0.27357,0.0046,10,0.34331,0.0046,10,0.34816,0.0046,10,0.3494,0.0046,10,0.34849,0.0046,10,0.34661,0.0046,10,0.41049,0.0046,10,0.41528,0.0046,10,0.41656,0.0046,10,0.41457,0.0046,10,0.47123,0.0046,10,0.47468,0.0046,10,0.47808,0.0046,10,0.47827,0.0046,10,0.47711,0.0046,0,0,0,0,0,0,0,0,0,0,0,0,0,0,0
10,0.2759,0.0048,10,0.28142,0.0048,10,0.28334,0.0048,10,0.28271,0.0048,10,0.28151,0.0048,10,0.35128,0.0048,10,0.35648,0.0048,10,0.35784,0.0048,10,0.35702,0.0048,10,0.35525,0.0048,10,0.41882,0.0048,10,0.42391,0.0048,10,0.42555,0.0048,10,0.4237,0.0048,10,0.47991,0.0048,10,0.48349,0.0048,10,0.48725,0.0048,10,0.4877,0.0048,10,0.48662,0.0048,0,0,0,0,0,0,0,0,0,0,0,0,0,0,0
10,0.28317,0.005,10,0.28898,0.005,10,0.29105,0.005,10,0.29051,0.005,10,0.28942,0.005,10,0.35921,0.005,10,0.36477,0.005,10,0.36625,0.005,10,0.36553,0.005,10,0.36389,0.005,10,0.42711,0.005,10,0.4325,0.005,10,0.43455,0.005,10,0.43281,0.005,10,0.48856,0.005,10,0.49232,0.005,10,0.4964,0.005,10,0.49713,0.005,10,0.49609,0.005,0,0,0,0,0,0,0,0,0,0,0,0,0,0,0
10,0.29041,0.0052,10,0.29652,0.0052,10,0.29874,0.0052,10,0.2983,0.0052,10,0.29732,0.0052,10,0.36707,0.0052,10,0.37303,0.0052,10,0.37464,0.0052,10,0.37403,0.0052,10,0.3725,0.0052,10,0.43534,0.0052,10,0.44106,0.0052,10,0.44354,0.0052,10,0.44194,0.0052,10,0.49717,0.0052,0,0,0,0,0,0,0,0,0,0,0,0,0,0,0,0,0,0,0,0,0,0,0,0,0,0,0
10,0.29761,0.0054,10,0.30403,0.0054,10,0.30642,0.0054,10,0.30608,0.0054,10,0.30521,0.0054,10,0.37489,0.0054,10,0.38126,0.0054,10,0.38301,0.0054,10,0.3825,0.0054,10,0.3811,0.0054,10,0.44353,0.0054,10,0.4496,0.0054,10,0.45254,0.0054,10,0.45103,0.0054,0,0,0,0,0,0,0,0,0,0,0,0,0,0,0,0,0,0,0,0,0,0,0,0,0,0,0,0,0,0
10,0.30479,0.0056,10,0.31152,0.0056,10,0.3141,0.0056,10,0.31384,0.0056,10,0.31308,0.0056,10,0.38267,0.0056,10,0.38947,0.0056,10,0.39137,0.0056,10,0.39097,0.0056,10,0.3897,0.0056,10,0.45167,0.0056,10,0.45813,0.0056,10,0.46156,0.0056,10,0.46014,0.0056,0,0,0,0,0,0,0,0,0,0,0,0,0,0,0,0,0,0,0,0,0,0,0,0,0,0,0,0,0,0
7.5,0.074785,0.0002,7.5,0.074925,0.0002,7.5,0.073929,0.0002,7.5,0.072134,0.0002,7.5,0.069799,0.0002,7.5,0.11976,0.0002,7.5,0.12016,0.0002,7.5,0.11914,0.0002,7.5,0.11703,0.0002,7.5,0.11419,0.0002,7.5,0.16937,0.0002,7.5,0.16992,0.0002,7.5,0.16696,0.0002,7.5,0.16392,0.0002,7.5,0.21935,0.0002,7.5,0.21979,0.0002,7.5,0.21931,0.0002,7.5,0.21745,0.0002,7.5,0.21466,0.0002,7.5,0.26657,0.0002,7.5,0.2677,0.0002,7.5,0.26721,0.0002,7.5,0.26578,0.0002,7.5,0.26284,0.0002
7.5,0.084084,0.0004,7.5,0.08448,0.0004,7.5,0.083631,0.0004,7.5,0.081886,0.0004,7.5,0.079577,0.0004,7.5,0.13071,0.0004,7.5,0.13132,0.0004,7.5,0.13043,0.0004,7.5,0.12836,0.0004,7.5,0.12554,0.0004,7.5,0.18124,0.0004,7.5,0.18198,0.0004,7.5,0.17919,0.0004,7.5,0.17618,0.0004,7.5,0.23156,0.0004,7.5,0.23214,0.0004,7.5,0.2318,0.0004,7.5,0.23002,0.0004,7.5,0.2273,0.0004,7.5,0.2788,0.0004,7.5,0.28014,0.0004,7.5,0.27977,0.0004,7.5,0.27843,0.0004,7.5,0.27554,0.0004
7.5,0.09324,0.0006,7.5,0.09389,0.0006,7.5,0.093187,0.0006,7.5,0.091494,0.0006,7.5,0.089217,0.0006,7.5,0.14144,0.0006,7.5,0.14227,0.0006,7.5,0.14149,0.0006,7.5,0.13947,0.0006,7.5,0.13668,0.0006,7.5,0.19283,0.0006,7.5,0.19376,0.0006,7.5,0.19116,0.0006,7.5,0.18817,0.0006,7.5,0.24348,0.0006,7.5,0.24421,0.0006,7.5,0.24402,0.0006,7.5,0.24231,0.0006,7.5,0.23967,0.0006,7.5,0.29076,0.0006,7.5,0.29232,0.0006,7.5,0.29206,0.0006,7.5,0.29083,0.0006,7.5,0.28799,0.0006
7.5,0.10226,0.0008,7.5,0.10316,0.0008,7.5,0.10261,0.0008,7.5,0.10097,0.0008,7.5,0.098728,0.0008,7.5,0.15196,0.0008,7.5,0.153,0.0008,7.5,0.15235,0.0008,7.5,0.15039,0.0008,7.5,0.14762,0.0008,7.5,0.20417,0.0008,7.5,0.20529,0.0008,7.5,0.20288,0.0008,7.5,0.19993,0.0008,7.5,0.25514,0.0008,7.5,0.25603,0.0008,7.5,0.25598,0.0008,7.5,0.25435,0.0008,7.5,0.25179,0.0008,7.5,0.30248,0.0008,7.5,0.30425,0.0008,7.5,0.30411,0.0008,7.5,0.303,0.0008,7.5,0.30021,0.0008
7.5,0.11116,0.001,7.5,0.11231,0.001,7.5,0.1119,0.001,7.5,0.11032,0.001,7.5,0.10812,0.001,7.5,0.16229,0.001,7.5,0.16354,0.001,7.5,0.16302,0.001,7.5,0.16111,0.001,7.5,0.15838,0.001,7.5,0.21528,0.001,7.5,0.21659,0.001,7.5,0.21438,0.001,7.5,0.21147,0.001,7.5,0.26656,0.001,7.5,0.2676,0.001,7.5,0.26771,0.001,7.5,0.26616,0.001,7.5,0.26369,0.001,7.5,0.31396,0.001,7.5,0.31596,0.001,7.5,0.31594,0.001,7.5,0.31494,0.001,7.5,0.3122,0.001
7.5,0.11993,0.0012,7.5,0.12134,0.0012,7.5,0.12107,0.0012,7.5,0.11955,0.0012,7.5,0.11739,0.0012,7.5,0.17244,0.0012,7.5,0.17391,0.0012,7.5,0.17351,0.0012,7.5,0.17166,0.0012,7.5,0.16897,0.0012,7.5,0.22617,0.0012,7.5,0.22768,0.0012,7.5,0.22567,0.0012,7.5,0.22281,0.0012,7.5,0.27776,0.0012,7.5,0.27896,0.0012,7.5,0.27921,0.0012,7.5,0.27775,0.0012,7.5,0.27538,0.0012,7.5,0.32522,0.0012,7.5,0.32746,0.0012,7.5,0.32756,0.0012,7.5,0.3267,0.0012,7.5,0.324,0.0012
7.5,0.1286,0.0014,7.5,0.13025,0.0014,7.5,0.13013,0.0014,7.5,0.12866,0.0014,7.5,0.12656,0.0014,7.5,0.18242,0.0014,7.5,0.1841,0.0014,7.5,0.18383,0.0014,7.5,0.18205,0.0014,7.5,0.1794,0.0014,7.5,0.23686,0.0014,7.5,0.23856,0.0014,7.5,0.23676,0.0014,7.5,0.23395,0.0014,7.5,0.28875,0.0014,7.5,0.2901,0.0014,7.5,0.29052,0.0014,7.5,0.28914,0.0014,7.5,0.28687,0.0014,7.5,0.33629,0.0014,7.5,0.33879,0.0014,7.5,0.339,0.0014,7.5,0.33823,0.0014,7.5,0.33564,0.0014
7.5,0.13715,0.0016,7.5,0.13905,0.0016,7.5,0.13908,0.0016,7.5,0.13767,0.0016,7.5,0.13563,0.0016,7.5,0.19225,0.0016,7.5,0.19413,0.0016,7.5,0.19399,0.0016,7.5,0.19228,0.0016,7.5,0.18968,0.0016,7.5,0.24736,0.0016,7.5,0.24926,0.0016,7.5,0.24767,0.0016,7.5,0.24492,0.0016,7.5,0.29955,0.0016,7.5,0.30106,0.0016,7.5,0.30164,0.0016,7.5,0.30035,0.0016,7.5,0.29819,0.0016,7.5,0.34718,0.0016,7.5,0.34991,0.0016,7.5,0.35025,0.0016,7.5,0.34962,0.0016,7.5,0.34706,0.0016
7.5,0.14561,0.0018,7.5,0.14775,0.0018,7.5,0.14793,0.0018,7.5,0.14659,0.0018,7.5,0.1446,0.0018,7.5,0.20193,0.0018,7.5,0.20401,0.0018,7.5,0.204,0.0018,7.5,0.20236,0.0018,7.5,0.19983,0.0018,7.5,0.25769,0.0018,7.5,0.25978,0.0018,7.5,0.25842,0.0018,7.5,0.25573,0.0018,7.5,0.31017,0.0018,7.5,0.31185,0.0018,7.5,0.31259,0.0018,7.5,0.31139,0.0018,7.5,0.30934,0.0018,7.5,0.3579,0.0018,7.5,0.36089,0.0018,7.5,0.36135,0.0018,7.5,0.36082,0.0018,7.5,0.35837,0.0018
7.5,0.15397,0.002,7.5,0.15636,0.002,7.5,0.15668,0.002,7.5,0.15541,0.002,7.5,0.15348,0.002,7.5,0.21147,0.002,7.5,0.21375,0.002,7.5,0.21388,0.002,7.5,0.21231,0.002,7.5,0.20984,0.002,7.5,0.26786,0.002,7.5,0.27015,0.002,7.5,0.269,0.002,7.5,0.26638,0.002,7.5,0.32063,0.002,7.5,0.32247,0.002,7.5,0.32337,0.002,7.5,0.32227,0.002,7.5,0.32033,0.002,7.5,0.36846,0.002,7.5,0.37172,0.002,7.5,0.3723,0.002,7.5,0.37191,0.002,7.5,0.3695,0.002
7.5,0.16225,0.0022,7.5,0.16488,0.0022,7.5,0.16535,0.0022,7.5,0.16414,0.0022,7.5,0.16228,0.0022,7.5,0.22089,0.0022,7.5,0.22337,0.0022,7.5,0.22362,0.0022,7.5,0.22214,0.0022,7.5,0.21973,0.0022,7.5,0.27787,0.0022,7.5,0.28036,0.0022,7.5,0.27944,0.0022,7.5,0.27689,0.0022,7.5,0.33094,0.0022,7.5,0.33294,0.0022,7.5,0.33401,0.0022,7.5,0.33301,0.0022,7.5,0.33119,0.0022,7.5,0.37888,0.0022,7.5,0.38239,0.0022,7.5,0.38311,0.0022,7.5,0.38283,0.0022,7.5,0.38052,0.0022
7.5,0.17044,0.0024,7.5,0.17331,0.0024,7.5,0.17392,0.0024,7.5,0.17278,0.0024,7.5,0.171,0.0024,7.5,0.23018,0.0024,7.5,0.23286,0.0024,7.5,0.23324,0.0024,7.5,0.23184,0.0024,7.5,0.22951,0.0024,7.5,0.28775,0.0024,7.5,0.29043,0.0024,7.5,0.28975,0.0024,7.5,0.28727,0.0024,7.5,0.34112,0.0024,7.5,0.34327,0.0024,7.5,0.34452,0.0024,7.5,0.34362,0.0024,7.5,0.34191,0.0024,7.5,0.38917,0.0024,7.5,0.39295,0.0024,7.5,0.39379,0.0024,7.5,0.39364,0.0024,7.5,0.3914,0.0024
7.5,0.17855,0.0026,7.5,0.18166,0.0026,7.5,0.18242,0.0026,7.5,0.18135,0.0026,7.5,0.17964,0.0026,7.5,0.23936,0.0026,7.5,0.24224,0.0026,7.5,0.24275,0.0026,7.5,0.24144,0.0026,7.5,0.23918,0.0026,7.5,0.29749,0.0026,7.5,0.30038,0.0026,7.5,0.29992,0.0026,7.5,0.29753,0.0026,7.5,0.35116,0.0026,7.5,0.35347,0.0026,7.5,0.35491,0.0026,7.5,0.35408,0.0026,7.5,0.35251,0.0026,7.5,0.39933,0.0026,7.5,0.40337,0.0026,7.5,0.40436,0.0026,7.5,0.40434,0.0026,7.5,0.40219,0.0026
7.5,0.18659,0.0028,7.5,0.18994,0.0028,7.5,0.19085,0.0028,7.5,0.18985,0.0028,7.5,0.18822,0.0028,7.5,0.24844,0.0028,7.5,0.25151,0.0028,7.5,0.25215,0.0028,7.5,0.25093,0.0028,7.5,0.24875,0.0028,7.5,0.30711,0.0028,7.5,0.3102,0.0028,7.5,0.30999,0.0028,7.5,0.30767,0.0028,7.5,0.36107,0.0028,7.5,0.36356,0.0028,7.5,0.36518,0.0028,7.5,0.36445,0.0028,7.5,0.36302,0.0028,7.5,0.40938,0.0028,7.5,0.4137,0.0028,7.5,0.41483,0.0028,7.5,0.41494,0.0028,7.5,0.41286,0.0028
7.5,0.19456,0.003,7.5,0.19814,0.003,7.5,0.1992,0.003,7.5,0.19828,0.003,7.5,0.19673,0.003,7.5,0.25742,0.003,7.5,0.26069,0.003,7.5,0.26146,0.003,7.5,0.26032,0.003,7.5,0.25823,0.003,7.5,0.31661,0.003,7.5,0.31991,0.003,7.5,0.31994,0.003,7.5,0.31772,0.003,7.5,0.37088,0.003,7.5,0.37353,0.003,7.5,0.37533,0.003,7.5,0.37472,0.003,7.5,0.3734,0.003,7.5,0.41933,0.003,7.5,0.42392,0.003,7.5,0.4252,0.003,7.5,0.42544,0.003,7.5,0.42345,0.003
7.5,0.20246,0.0032,7.5,0.20628,0.0032,7.5,0.20749,0.0032,7.5,0.20664,0.0032,7.5,0.20518,0.0032,7.5,0.2663,0.0032,7.5,0.26977,0.0032,7.5,0.27067,0.0032,7.5,0.26963,0.0032,7.5,0.26762,0.0032,7.5,0.32601,0.0032,7.5,0.32952,0.0032,7.5,0.3298,0.0032,7.5,0.32768,0.0032,7.5,0.38058,0.0032,7.5,0.38339,0.0032,7.5,0.38539,0.0032,7.5,0.38486,0.0032,7.5,0.38371,0.0032,7.5,0.42917,0.0032,7.5,0.43403,0.0032,7.5,0.43546,0.0032,7.5,0.43585,0.0032,7.5,0.43395,0.0032
7.5,0.2103,0.0034,7.5,0.21436,0.0034,7.5,0.21571,0.0034,7.5,0.21495,0.0034,7.5,0.21358,0.0034,7.5,0.2751,0.0034,7.5,0.27877,0.0034,7.5,0.2798,0.0034,7.5,0.27885,0.0034,7.5,0.27694,0.0034,7.5,0.3353,0.0034,7.5,0.33903,0.0034,7.5,0.33957,0.0034,7.5,0.33752,0.0034,7.5,0.39018,0.0034,7.5,0.39316,0.0034,7.5,0.39537,0.0034,7.5,0.39494,0.0034,7.5,0.39393,0.0034,7.5,0.43891,0.0034,7.5,0.44406,0.0034,7.5,0.44565,0.0034,7.5,0.44619,0.0034,7.5,0.44438,0.0034
7.5,0.21808,0.0036,7.5,0.22238,0.0036,7.5,0.22388,0.0036,7.5,0.22319,0.0036,7.5,0.22192,0.0036,7.5,0.28381,0.0036,7.5,0.2877,0.0036,7.5,0.28885,0.0036,7.5,0.288,0.0036,7.5,0.28618,0.0036,7.5,0.3445,0.0036,7.5,0.34844,0.0036,7.5,0.34926,0.0036,7.5,0.34731,0.0036,7.5,0.3997,0.0036,7.5,0.40284,0.0036,7.5,0.40528,0.0036,7.5,0.40494,0.0036,7.5,0.40408,0.0036,7.5,0.44857,0.0036,7.5,0.454,0.0036,7.5,0.45578,0.0036,7.5,0.45647,0.0036,7.5,0.45475,0.0036
7.5,0.2258,0.0038,7.5,0.23035,0.0038,7.5,0.23199,0.0038,7.5,0.23139,0.0038,7.5,0.23022,0.0038,7.5,0.29244,0.0038,7.5,0.29655,0.0038,7.5,0.29783,0.0038,7.5,0.29707,0.0038,7.5,0.29535,0.0038,7.5,0.3536,0.0038,7.5,0.35778,0.0038,7.5,0.35885,0.0038,7.5,0.35701,0.0038,7.5,0.40913,0.0038,7.5,0.41243,0.0038,7.5,0.41512,0.0038,7.5,0.41488,0.0038,7.5,0.41418,0.0038,7.5,0.45814,0.0038,7.5,0.46387,0.0038,7.5,0.46584,0.0038,7.5,0.46669,0.0038,7.5,0.46506,0.0038
7.5,0.23347,0.004,7.5,0.23827,0.004,7.5,0.24006,0.004,7.5,0.23954,0.004,7.5,0.23846,0.004,7.5,0.30099,0.004,7.5,0.30535,0.004,7.5,0.30675,0.004,7.5,0.30609,0.004,7.5,0.30447,0.004,7.5,0.36262,0.004,7.5,0.36703,0.004,7.5,0.3684,0.004,7.5,0.36666,0.004,7.5,0.41849,0.004,7.5,0.42195,0.004,7.5,0.42489,0.004,7.5,0.42477,0.004,7.5,0.4242,0.004,7.5,0.46763,0.004,7.5,0.47366,0.004,7.5,0.47584,0.004,7.5,0.47687,0.004,7.5,0.47534,0.004
7.5,0.24109,0.0042,7.5,0.24614,0.0042,7.5,0.24808,0.0042,7.5,0.24765,0.0042,7.5,0.24667,0.0042,7.5,0.30947,0.0042,7.5,0.31408,0.0042,7.5,0.31561,0.0042,7.5,0.31504,0.0042,7.5,0.31354,0.0042,7.5,0.37156,0.0042,7.5,0.37622,0.0042,7.5,0.37788,0.0042,7.5,0.37624,0.0042,7.5,0.42778,0.0042,7.5,0.43139,0.0042,7.5,0.43461,0.0042,7.5,0.43464,0.0042,7.5,0.4342,0.0042,7.5,0.47704,0.0042,7.5,0.48339,0.0042,7.5,0.4858,0.0042,7.5,0.48702,0.0042,7.5,0.48559,0.0042
7.5,0.24867,0.0044,7.5,0.25397,0.0044,7.5,0.25606,0.0044,7.5,0.25572,0.0044,7.5,0.25485,0.0044,7.5,0.31788,0.0044,7.5,0.32278,0.0044,7.5,0.32442,0.0044,7.5,0.32394,0.0044,7.5,0.32254,0.0044,7.5,0.38042,0.0044,7.5,0.38534,0.0044,7.5,0.38731,0.0044,7.5,0.38578,0.0044,7.5,0.437,0.0044,7.5,0.44077,0.0044,7.5,0.44429,0.0044,7.5,0.44478,0.0044,7.5,0.44417,0.0044,7.5,0.48637,0.0044,7.5,0.49306,0.0044,7.5,0.49571,0.0044,7.5,0.49715,0.0044,7.5,0.49584,0.0044
7.5,0.2562,0.0046,7.5,0.26177,0.0046,7.5,0.264,0.0046,7.5,0.26375,0.0046,7.5,0.26298,0.0046,7.5,0.32621,0.0046,7.5,0.33144,0.0046,7.5,0.33318,0.0046,7.5,0.3328,0.0046,7.5,0.33152,0.0046,7.5,0.3892,0.0046,7.5,0.39439,0.0046,7.5,0.3967,0.0046,7.5,0.39529,0.0046,7.5,0.44615,0.0046,7.5,0.45007,0.0046,7.5,0.45393,0.0046,7.5,0.45475,0.0046,7.5,0.45412,0.0046,7.5,0.49564,0.0046,0,0,0,0,0,0,0,0,0,0,0,0
7.5,0.26368,0.0048,7.5,0.26954,0.0048,7.5,0.27191,0.0048,7.5,0.27175,0.0048,7.5,0.27109,0.0048,7.5,0.33448,0.0048,7.5,0.34006,0.0048,7.5,0.3419,0.0048,7.5,0.34162,0.0048,7.5,0.34044,0.0048,7.5,0.39791,0.0048,7.5,0.4034,0.0048,7.5,0.40607,0.0048,7.5,0.40478,0.0048,7.5,0.45525,0.0048,7.5,0.45932,0.0048,7.5,0.46353,0.0048,7.5,0.46463,0.0048,7.5,0.46406,0.0048,0,0,0,0,0,0,0,0,0,0,0,0,0,0,0
7.5,0.27113,0.005,7.5,0.27728,0.005,7.5,0.27979,0.005,7.5,0.27973,0.005,7.5,0.27918,0.005,7.5,0.34269,0.005,7.5,0.34864,0.005,7.5,0.3506,0.005,7.5,0.3504,0.005,7.5,0.34934,0.005,7.5,0.40656,0.005,7.5,0.41235,0.005,7.5,0.41541,0.005,7.5,0.41425,0.005,7.5,0.46432,0.005,7.5,0.4685,0.005,7.5,0.4731,0.005,7.5,0.47448,0.005,7.5,0.47393,0.005,0,0,0,0,0,0,0,0,0,0,0,0,0,0,0
7.5,0.27853,0.0052,7.5,0.28499,0.0052,7.5,0.28766,0.0052,7.5,0.28768,0.0052,7.5,0.28724,0.0052,7.5,0.35084,0.0052,7.5,0.35717,0.0052,7.5,0.35926,0.0052,7.5,0.35916,0.0052,7.5,0.35821,0.0052,7.5,0.41514,0.0052,7.5,0.42126,0.0052,7.5,0.42474,0.0052,7.5,0.4237,0.0052,7.5,0.47355,0.0052,7.5,0.47763,0.0052,7.5,0.48265,0.0052,7.5,0.48432,0.0052,7.5,0.48381,0.0052,0,0,0,0,0,0,0,0,0,0,0,0,0,0,0
7.5,0.2859,0.0054,7.5,0.29267,0.0054,7.5,0.2955,0.0054,7.5,0.29562,0.0054,7.5,0.29528,0.0054,7.5,0.35892,0.0054,7.5,0.36567,0.0054,7.5,0.3679,0.0054,7.5,0.36789,0.0054,7.5,0.36707,0.0054,7.5,0.42366,0.0054,7.5,0.43014,0.0054,7.5,0.43407,0.0054,7.5,0.43315,0.0054,7.5,0.48248,0.0054,7.5,0.48671,0.0054,7.5,0.49218,0.0054,7.5,0.49418,0.0054,7.5,0.49369,0.0054,0,0,0,0,0,0,0,0,0,0,0,0,0,0,0
5,0.05512,0.0002,5,0.055395,0.0002,5,0.054823,0.0002,5,0.053629,0.0002,5,0.052029,0.0002,5,0.08876,0.0002,5,0.089356,0.0002,5,0.088846,0.0002,5,0.087482,0.0002,5,0.085541,0.0002,5,0.12737,0.0002,5,0.12821,0.0002,5,0.12664,0.0002,5,0.12457,0.0002,5,0.16815,0.0002,5,0.16897,0.0002,5,0.16913,0.0002,5,0.16812,0.0002,5,0.16627,0.0002,5,0.20846,0.0002,5,0.20996,0.0002,5,0.21022,0.0002,5,0.20957,0.0002,5,0.20759,0.0002
5,0.064885,0.0004,5,0.065433,0.0004,5,0.065014,0.0004,5,0.063864,0.0004,5,0.06228,0.0004,5,0.10064,0.0004,5,0.10148,0.0004,5,0.1011,0.0004,5,0.099769,0.0004,5,0.097827,0.0004,5,0.14071,0.0004,5,0.14176,0.0004,5,0.14036,0.0004,5,0.13828,0.0004,5,0.18229,0.0004,5,0.18326,0.0004,5,0.18356,0.0004,5,0.18261,0.0004,5,0.1808,0.0004,5,0.22288,0.0004,5,0.22458,0.0004,5,0.22495,0.0004,5,0.2244,0.0004,5,0.22243,0.0004
5,0.074485,0.0006,5,0.075301,0.0006,5,0.075034,0.0006,5,0.073932,0.0006,5,0.072368,0.0006,5,0.11225,0.0006,5,0.11333,0.0006,5,0.11308,0.0006,5,0.11179,0.0006,5,0.10985,0.0006,5,0.15369,0.0006,5,0.15494,0.0006,5,0.15371,0.0006,5,0.15164,0.0006,5,0.19601,0.0006,5,0.19713,0.0006,5,0.19757,0.0006,5,0.19667,0.0006,5,0.19492,0.0006,5,0.23687,0.0006,5,0.23877,0.0006,5,0.23926,0.0006,5,0.23879,0.0006,5,0.23684,0.0006
5,0.083927,0.0008,5,0.08501,0.0008,5,0.084894,0.0008,5,0.083841,0.0008,5,0.082304,0.0008,5,0.12361,0.0008,5,0.12492,0.0008,5,0.1248,0.0008,5,0.12355,0.0008,5,0.12162,0.0008,5,0.16633,0.0008,5,0.16779,0.0008,5,0.16673,0.0008,5,0.16467,0.0008,5,0.20933,0.0008,5,0.21061,0.0008,5,0.21119,0.0008,5,0.21036,0.0008,5,0.20866,0.0008,5,0.25046,0.0008,5,0.25258,0.0008,5,0.25317,0.0008,5,0.25281,0.0008,5,0.25088,0.0008
5,0.093224,0.001,5,0.09457,0.001,5,0.094604,0.001,5,0.093603,0.001,5,0.092097,0.001,5,0.13473,0.001,5,0.13627,0.001,5,0.13628,0.001,5,0.13507,0.001,5,0.13317,0.001,5,0.17866,0.001,5,0.18032,0.001,5,0.17944,0.001,5,0.1774,0.001,5,0.22231,0.001,5,0.22374,0.001,5,0.22447,0.001,5,0.2237,0.001,5,0.22207,0.001,5,0.26369,0.001,5,0.26603,0.001,5,0.26673,0.001,5,0.26647,0.001,5,0.26457,0.001
5,0.10238,0.0012,5,0.10399,0.0012,5,0.10417,0.0012,5,0.10323,0.0012,5,0.10176,0.0012,5,0.14564,0.0012,5,0.1474,0.0012,5,0.14753,0.0012,5,0.14638,0.0012,5,0.1445,0.0012,5,0.19069,0.0012,5,0.19256,0.0012,5,0.19187,0.0012,5,0.18985,0.0012,5,0.23495,0.0012,5,0.23654,0.0012,5,0.23742,0.0012,5,0.23673,0.0012,5,0.23517,0.0012,5,0.27658,0.0012,5,0.27915,0.0012,5,0.27996,0.0012,5,0.2798,0.0012,5,0.27795,0.0012
5,0.11141,0.0014,5,0.11328,0.0014,5,0.11361,0.0014,5,0.11272,0.0014,5,0.11129,0.0014,5,0.15633,0.0014,5,0.15832,0.0014,5,0.15858,0.0014,5,0.15748,0.0014,5,0.15563,0.0014,5,0.20246,0.0014,5,0.20453,0.0014,5,0.20403,0.0014,5,0.20204,0.0014,5,0.2473,0.0014,5,0.24905,0.0014,5,0.25008,0.0014,5,0.24946,0.0014,5,0.24798,0.0014,5,0.28917,0.0014,5,0.29197,0.0014,5,0.29289,0.0014,5,0.29285,0.0014,5,0.29104,0.0014
5,0.12032,0.0016,5,0.12244,0.0016,5,0.12293,0.0016,5,0.12209,0.0016,5,0.12071,0.0016,5,0.16683,0.0016,5,0.16904,0.0016,5,0.16943,0.0016,5,0.16839,0.0016,5,0.16658,0.0016,5,0.21398,0.0016,5,0.21625,0.0016,5,0.21595,0.0016,5,0.214,0.0016,5,0.25937,0.0016,5,0.26127,0.0016,5,0.26246,0.0016,5,0.26192,0.0016,5,0.26053,0.0016,5,0.30147,0.0016,5,0.30452,0.0016,5,0.30555,0.0016,5,0.30562,0.0016,5,0.30386,0.0016
5,0.12911,0.0018,5,0.13149,0.0018,5,0.13212,0.0018,5,0.13134,0.0018,5,0.13001,0.0018,5,0.17715,0.0018,5,0.17958,0.0018,5,0.1801,0.0018,5,0.17912,0.0018,5,0.17736,0.0018,5,0.22526,0.0018,5,0.22773,0.0018,5,0.22764,0.0018,5,0.22573,0.0018,5,0.27118,0.0018,5,0.27325,0.0018,5,0.27459,0.0018,5,0.27413,0.0018,5,0.27283,0.0018,5,0.31351,0.0018,5,0.31682,0.0018,5,0.31796,0.0018,5,0.31814,0.0018,5,0.31644,0.0018
5,0.13779,0.002,5,0.14043,0.002,5,0.14121,0.002,5,0.14049,0.002,5,0.13922,0.002,5,0.18731,0.002,5,0.18994,0.002,5,0.1906,0.002,5,0.18969,0.002,5,0.18797,0.002,5,0.23633,0.002,5,0.239,0.002,5,0.23912,0.002,5,0.23726,0.002,5,0.28276,0.002,5,0.28499,0.002,5,0.28649,0.002,5,0.28611,0.002,5,0.28491,0.002,5,0.32531,0.002,5,0.32888,0.002,5,0.33014,0.002,5,0.33044,0.002,5,0.32879,0.002
5,0.14638,0.0022,5,0.14926,0.0022,5,0.15019,0.0022,5,0.14954,0.0022,5,0.14832,0.0022,5,0.19731,0.0022,5,0.20015,0.0022,5,0.20093,0.0022,5,0.20009,0.0022,5,0.19843,0.0022,5,0.2472,0.0022,5,0.25008,0.0022,5,0.2504,0.0022,5,0.2486,0.0022,5,0.29412,0.0022,5,0.29651,0.0022,5,0.29818,0.0022,5,0.29788,0.0022,5,0.29679,0.0022,5,0.3369,0.0022,5,0.34074,0.0022,5,0.34211,0.0022,5,0.34253,0.0022,5,0.34094,0.0022
5,0.15486,0.0024,5,0.158,0.0024,5,0.15908,0.0024,5,0.15849,0.0024,5,0.15733,0.0024,5,0.20716,0.0024,5,0.2102,0.0024,5,0.21112,0.0024,5,0.21036,0.0024,5,0.20875,0.0024,5,0.25788,0.0024,5,0.26096,0.0024,5,0.26151,0.0024,5,0.25976,0.0024,5,0.30529,0.0024,5,0.30784,0.0024,5,0.30967,0.0024,5,0.30946,0.0024,5,0.30848,0.0024,5,0.34828,0.0024,5,0.35239,0.0024,5,0.35389,0.0024,5,0.35442,0.0024,5,0.3529,0.0024
5,0.16326,0.0026,5,0.16664,0.0026,5,0.16787,0.0026,5,0.16734,0.0026,5,0.16626,0.0026,5,0.21687,0.0026,5,0.22012,0.0026,5,0.22117,0.0026,5,0.22048,0.0026,5,0.21893,0.0026,5,0.26839,0.0026,5,0.27168,0.0026,5,0.27244,0.0026,5,0.27076,0.0026,5,0.31626,0.0026,5,0.31898,0.0026,5,0.32097,0.0026,5,0.32086,0.0026,5,0.31999,0.0026,5,0.35948,0.0026,5,0.36387,0.0026,5,0.36548,0.0026,5,0.36614,0.0026,5,0.36469,0.0026
5,0.17157,0.0028,5,0.1752,0.0028,5,0.17657,0.0028,5,0.17612,0.0028,5,0.17511,0.0028,5,0.22645,0.0028,5,0.22991,0.0028,5,0.23108,0.0028,5,0.23047,0.0028,5,0.229,0.0028,5,0.27874,0.0028,5,0.28223,0.0028,5,0.28322,0.0028,5,0.2816,0.0028,5,0.32706,0.0028,5,0.32995,0.0028,5,0.33212,0.0028,5,0.33209,0.0028,5,0.33134,0.0028,5,0.3705,0.0028,5,0.37518,0.0028,5,0.37691,0.0028,5,0.3777,0.0028,5,0.37632,0.0028
5,0.1798,0.003,5,0.18367,0.003,5,0.1852,0.003,5,0.18481,0.003,5,0.18388,0.003,5,0.23592,0.003,5,0.23957,0.003,5,0.24088,0.003,5,0.24035,0.003,5,0.23895,0.003,5,0.28893,0.003,5,0.29263,0.003,5,0.29385,0.003,5,0.29231,0.003,5,0.33771,0.003,5,0.34076,0.003,5,0.34311,0.003,5,0.34317,0.003,5,0.34255,0.003,5,0.38137,0.003,5,0.38633,0.003,5,0.3882,0.003,5,0.38911,0.003,5,0.38781,0.003
5,0.18796,0.0032,5,0.19208,0.0032,5,0.19375,0.0032,5,0.19344,0.0032,5,0.19258,0.0032,5,0.24527,0.0032,5,0.24913,0.0032,5,0.25056,0.0032,5,0.25012,0.0032,5,0.24879,0.0032,5,0.29899,0.0032,5,0.3029,0.0032,5,0.30436,0.0032,5,0.30289,0.0032,5,0.3482,0.0032,5,0.35142,0.0032,5,0.35396,0.0032,5,0.35411,0.0032,5,0.35362,0.0032,5,0.39208,0.0032,5,0.39734,0.0032,5,0.39934,0.0032,5,0.40038,0.0032,5,0.39916,0.0032
5,0.19604,0.0034,5,0.20041,0.0034,5,0.20223,0.0034,5,0.20199,0.0034,5,0.20122,0.0034,5,0.25451,0.0034,5,0.25858,0.0034,5,0.26013,0.0034,5,0.25978,0.0034,5,0.25854,0.0034,5,0.30891,0.0034,5,0.31304,0.0034,5,0.31473,0.0034,5,0.31335,0.0034,5,0.35856,0.0034,5,0.36195,0.0034,5,0.36469,0.0034,5,0.36492,0.0034,5,0.36457,0.0034,5,0.40266,0.0034,5,0.40821,0.0034,5,0.41036,0.0034,5,0.41154,0.0034,5,0.4104,0.0034
5,0.20406,0.0036,5,0.20867,0.0036,5,0.21064,0.0036,5,0.21048,0.0036,5,0.2098,0.0036,5,0.26365,0.0036,5,0.26793,0.0036,5,0.26961,0.0036,5,0.26935,0.0036,5,0.26819,0.0036,5,0.3187,0.0036,5,0.32305,0.0036,5,0.325,0.0036,5,0.3237,0.0036,5,0.36879,0.0036,5,0.37235,0.0036,5,0.3753,0.0036,5,0.37563,0.0036,5,0.37541,0.0036,5,0.41311,0.0036,5,0.41896,0.0036,5,0.42127,0.0036,5,0.42259,0.0036,5,0.42153,0.0036
5,0.21201,0.0038,5,0.21687,0.0038,5,0.21899,0.0038,5,0.2189,0.0038,5,0.21832,0.0038,5,0.27269,0.0038,5,0.2772,0.0038,5,0.279,0.0038,5,0.27883,0.0038,5,0.27776,0.0038,5,0.32838,0.0038,5,0.33296,0.0038,5,0.33517,0.0038,5,0.33395,0.0038,5,0.3789,0.0038,5,0.38263,0.0038,5,0.38581,0.0038,5,0.38623,0.0038,5,0.38615,0.0038,5,0.42344,0.0038,5,0.42959,0.0038,5,0.43208,0.0038,5,0.43355,0.0038,5,0.43258,0.0038
5,0.21991,0.004,5,0.22502,0.004,5,0.22728,0.004,5,0.22728,0.004,5,0.22678,0.004,5,0.28164,0.004,5,0.28638,0.004,5,0.28831,0.004,5,0.28822,0.004,5,0.28726,0.004,5,0.33794,0.004,5,0.34276,0.004,5,0.34524,0.004,5,0.34412,0.004,5,0.38891,0.004,5,0.39281,0.004,5,0.39623,0.004,5,0.39674,0.004,5,0.39681,0.004,5,0.43365,0.004,5,0.44012,0.004,5,0.44279,0.004,5,0.44443,0.004,5,0.44354,0.004
5,0.22775,0.0042,5,0.23311,0.0042,5,0.23552,0.0042,5,0.2356,0.0042,5,0.2352,0.0042,5,0.2905,0.0042,5,0.2955,0.0042,5,0.29754,0.0042,5,0.29755,0.0042,5,0.29668,0.0042,5,0.3474,0.0042,5,0.35246,0.0042,5,0.35523,0.0042,5,0.3542,0.0042,5,0.39882,0.0042,5,0.40287,0.0042,5,0.40656,0.0042,5,0.40719,0.0042,5,0.4074,0.0042,5,0.44375,0.0042,5,0.45054,0.0042,5,0.45342,0.0042,5,0.45525,0.0042,5,0.45445,0.0042
5,0.23553,0.0044,5,0.24116,0.0044,5,0.24371,0.0044,5,0.24387,0.0044,5,0.24358,0.0044,5,0.29927,0.0044,5,0.30456,0.0044,5,0.30671,0.0044,5,0.30681,0.0044,5,0.30604,0.0044,5,0.35676,0.0044,5,0.36208,0.0044,5,0.36514,0.0044,5,0.36422,0.0044,5,0.40863,0.0044,5,0.41285,0.0044,5,0.41683,0.0044,5,0.41772,0.0044,5,0.41794,0.0044,5,0.45374,0.0044,5,0.46088,0.0044,5,0.46398,0.0044,5,0.46602,0.0044,5,0.4653,0.0044
5,0.24326,0.0046,5,0.24917,0.0046,5,0.25186,0.0046,5,0.25211,0.0046,5,0.25191,0.0046,5,0.30796,0.0046,5,0.31356,0.0046,5,0.31582,0.0046,5,0.316,0.0046,5,0.31534,0.0046,5,0.36602,0.0046,5,0.37161,0.0046,5,0.37499,0.0046,5,0.37418,0.0046,5,0.41835,0.0046,5,0.42273,0.0046,5,0.42703,0.0046,5,0.42845,0.0046,5,0.42843,0.0046,5,0.46364,0.0046,5,0.47112,0.0046,5,0.47448,0.0046,5,0.47677,0.0046,5,0.47615,0.0046
5,0.25094,0.0048,5,0.25713,0.0048,5,0.25997,0.0048,5,0.26031,0.0048,5,0.26021,0.0048,5,0.31657,0.0048,5,0.32252,0.0048,5,0.32488,0.0048,5,0.32515,0.0048,5,0.32459,0.0048,5,0.37519,0.0048,5,0.38107,0.0048,5,0.38479,0.0048,5,0.3841,0.0048,5,0.42799,0.0048,5,0.43252,0.0048,5,0.43717,0.0048,5,0.43889,0.0048,5,0.43888,0.0048,5,0.47345,0.0048,5,0.48129,0.0048,5,0.48492,0.0048,5,0.48755,0.0048,5,0.48702,0.0048
5,0.25858,0.005,5,0.26507,0.005,5,0.26804,0.005,5,0.26847,0.005,5,0.26848,0.005,5,0.32511,0.005,5,0.33143,0.005,5,0.3339,0.005,5,0.33425,0.005,5,0.3338,0.005,5,0.38427,0.005,5,0.39046,0.005,5,0.39455,0.005,5,0.39399,0.005,5,0.43756,0.005,5,0.44224,0.005,5,0.44727,0.005,5,0.44927,0.005,5,0.44928,0.005,5,0.48317,0.005,5,0.49139,0.005,5,0.49532,0.005,5,0.49837,0.005,5,0.49807,0.005
5,0.26617,0.0052,5,0.27297,0.0052,5,0.27609,0.0052,5,0.27661,0.0052,5,0.27672,0.0052,5,0.33357,0.0052,5,0.34028,0.0052,5,0.34287,0.0052,5,0.34331,0.0052,5,0.34297,0.0052,5,0.39328,0.0052,5,0.39979,0.0052,5,0.40429,0.0052,5,0.40385,0.0052,5,0.44708,0.0052,5,0.45188,0.0052,5,0.45732,0.0052,5,0.45962,0.0052,5,0.45965,0.0052,5,0.49281,0.0052,0,0,0,0,0,0,0,0,0,0,0,0
15,0.11014,-0.0002,15,0.10915,-0.0002,15,0.10654,-0.0002,15,0.10292,-0.0002,15,0.098477,-0.0002,15,0.17768,-0.0002,15,0.17669,-0.0002,15,0.17379,-0.0002,15,0.16952,-0.0002,15,0.16424,-0.0002,15,0.24637,-0.0002,15,0.24531,-0.0002,15,0.23803,-0.0002,15,0.23252,-0.0002,15,0.31034,-0.0002,15,0.30919,-0.0002,15,0.30655,-0.0002,15,0.30233,-0.0002,15,0.2971,-0.0002,15,0.36782,-0.0002,15,0.3673,-0.0002,15,0.36455,-0.0002,15,0.36078,-0.0002,15,0.35551,-0.0002
15,0.1016,-0.0004,15,0.10038,-0.0004,15,0.097629,-0.0004,15,0.093953,-0.0004,15,0.089469,-0.0004,15,0.16828,-0.0004,15,0.1671,-0.0004,15,0.16408,-0.0004,15,0.15974,-0.0004,15,0.15441,-0.0004,15,0.23675,-0.0004,15,0.23552,-0.0004,15,0.22802,-0.0004,15,0.22245,-0.0004,15,0.30079,-0.0004,15,0.29947,-0.0004,15,0.29668,-0.0004,15,0.29238,-0.0004,15,0.28704,-0.0004,15,0.35835,-0.0004,15,0.35762,-0.0004,15,0.35472,-0.0004,15,0.35085,-0.0004,15,0.3455,-0.0004
15,0.092942,-0.0006,15,0.091492,-0.0006,15,0.088604,-0.0006,15,0.08487,-0.0006,15,0.080349,-0.0006,15,0.15873,-0.0006,15,0.15735,-0.0006,15,0.15421,-0.0006,15,0.14981,-0.0006,15,0.14444,-0.0006,15,0.227,-0.0006,15,0.22559,-0.0006,15,0.21787,-0.0006,15,0.21223,-0.0006,15,0.2911,-0.0006,15,0.28964,-0.0006,15,0.28669,-0.0006,15,0.28229,-0.0006,15,0.27684,-0.0006,15,0.34878,-0.0006,15,0.34786,-0.0006,15,0.34482,-0.0006,15,0.34081,-0.0006,15,0.33539,-0.0006
15,0.08416,-0.0008,15,0.082479,-0.0008,15,0.079453,-0.0008,15,0.075664,-0.0008,15,0.07111,-0.0008,15,0.14901,-0.0008,15,0.14744,-0.0008,15,0.14419,-0.0008,15,0.13972,-0.0008,15,0.13431,-0.0008,15,0.21707,-0.0008,15,0.21548,-0.0008,15,0.20757,-0.0008,15,0.20186,-0.0008,15,0.28127,-0.0008,15,0.27966,-0.0008,15,0.27656,-0.0008,15,0.27206,-0.0008,15,0.26651,-0.0008,15,0.33906,-0.0008,15,0.33794,-0.0008,15,0.33477,-0.0008,15,0.33065,-0.0008,15,0.32515,-0.0008
15,0.075246,-0.001,15,0.073333,-0.001,15,0.07017,-0.001,15,0.066327,-0.001,15,0.061746,-0.001,15,0.13911,-0.001,15,0.13735,-0.001,15,0.13399,-0.001,15,0.12947,-0.001,15,0.12402,-0.001,15,0.20697,-0.001,15,0.20521,-0.001,15,0.19709,-0.001,15,0.19132,-0.001,15,0.27127,-0.001,15,0.26952,-0.001,15,0.26627,-0.001,15,0.26168,-0.001,15,0.25603,-0.001,15,0.32922,-0.001,15,0.32792,-0.001,15,0.32461,-0.001,15,0.32037,-0.001,15,0.3148,-0.001
15,0.06619,-0.0012,15,0.064044,-0.0012,15,0.060746,-0.0012,15,0.056852,-0.0012,15,0.052248,-0.0012,15,0.12902,-0.0012,15,0.12708,-0.0012,15,0.1236,-0.0012,15,0.11904,-0.0012,15,0.11356,-0.0012,15,0.19667,-0.0012,15,0.19474,-0.0012,15,0.18643,-0.0012,15,0.18061,-0.0012,15,0.26111,-0.0012,15,0.25921,-0.0012,15,0.25582,-0.0012,15,0.25114,-0.0012,15,0.24539,-0.0012,15,0.31922,-0.0012,15,0.31773,-0.0012,15,0.31428,-0.0012,15,0.30993,-0.0012,15,0.3043,-0.0012
15,0.056984,-0.0014,15,0.054605,-0.0014,15,0.051172,-0.0014,15,0.047229,-0.0014,15,0.042608,-0.0014,15,0.11873,-0.0014,15,0.1166,-0.0014,15,0.11302,-0.0014,15,0.10841,-0.0014,15,0.10291,-0.0014,15,0.18616,-0.0014,15,0.18407,-0.0014,15,0.17557,-0.0014,15,0.16971,-0.0014,15,0.25076,-0.0014,15,0.24872,-0.0014,15,0.24519,-0.0014,15,0.24043,-0.0014,15,0.23459,-0.0014,15,0.30907,-0.0014,15,0.30741,-0.0014,15,0.30382,-0.0014,15,0.29935,-0.0014,15,0.29367,-0.0014
15,0.047619,-0.0016,15,0.045005,-0.0016,15,0.041439,-0.0016,15,0.037449,-0.0016,15,0.032816,-0.0016,15,0.10822,-0.0016,15,0.10592,-0.0016,15,0.10223,-0.0016,15,0.097584,-0.0016,15,0.09206,-0.0016,15,0.17542,-0.0016,15,0.17318,-0.0016,15,0.1645,-0.0016,15,0.1586,-0.0016,15,0.24021,-0.0016,15,0.23804,-0.0016,15,0.23437,-0.0016,15,0.22953,-0.0016,15,0.2236,-0.0016,15,0.29875,-0.0016,15,0.29691,-0.0016,15,0.29319,-0.0016,15,0.28862,-0.0016,15,0.28286,-0.0016
15,0.038083,-0.0018,15,0.035234,-0.0018,15,0.031535,-0.0018,15,0.027502,-0.0018,15,0.022862,-0.0018,15,0.097487,-0.0018,15,0.094998,-0.0018,15,0.091213,-0.0018,15,0.086536,-0.0018,15,0.081001,-0.0018,15,0.16445,-0.0018,15,0.16206,-0.0018,15,0.15321,-0.0018,15,0.14728,-0.0018,15,0.22945,-0.0018,15,0.22715,-0.0018,15,0.22335,-0.0018,15,0.21843,-0.0018,15,0.21242,-0.0018,15,0.28825,-0.0018,15,0.28624,-0.0018,15,0.2824,-0.0018,15,0.27771,-0.0018,15,0.2719,-0.0018
15,0.028364,-0.002,15,0.02528,-0.002,15,0.02145,-0.002,15,0.017376,-0.002,15,0.012735,-0.002,15,0.086502,-0.002,15,0.083834,-0.002,15,0.079954,-0.002,15,0.075252,-0.002,15,0.069715,-0.002,15,0.15322,-0.002,15,0.15068,-0.002,15,0.14168,-0.002,15,0.13572,-0.002,15,0.21847,-0.002,15,0.21603,-0.002,15,0.21211,-0.002,15,0.20712,-0.002,15,0.20103,-0.002,15,0.27756,-0.002,15,0.27538,-0.002,15,0.27141,-0.002,15,0.26662,-0.002,15,0.26076,-0.002
15,0.018451,-0.0022,15,0.01513,-0.0022,15,0.01117,-0.0022,15,0.007059,-0.0022,15,0.0024238,-0.0022,15,0.075251,-0.0022,15,0.072406,-0.0022,15,0.068436,-0.0022,15,0.063716,-0.0022,15,0.058184,-0.0022,15,0.1417,-0.0022,15,0.13903,-0.0022,15,0.12988,-0.0022,15,0.1239,-0.0022,15,0.20724,-0.0022,15,0.20468,-0.0022,15,0.20064,-0.0022,15,0.19558,-0.0022,15,0.18942,-0.0022,15,0.26666,-0.0022,15,0.26432,-0.0022,15,0.26023,-0.0022,15,0.25534,-0.0022,15,0.24942,-0.0022
15,0.008328,-0.0024,15,0.0047696,-0.0024,15,0.00068062,-0.0024,15,-0.0034634,-0.0024,15,-0.0080862,-0.0024,15,0.063712,-0.0024,15,0.060693,-0.0024,15,0.056638,-0.0024,15,0.051907,-0.0024,15,0.04639,-0.0024,15,0.12989,-0.0024,15,0.12708,-0.0024,15,0.11781,-0.0024,15,0.11182,-0.0024,15,0.19574,-0.0024,15,0.19306,-0.0024,15,0.1889,-0.0024,15,0.18378,-0.0024,15,0.17756,-0.0024,15,0.25554,-0.0024,15,0.25305,-0.0024,15,0.24884,-0.0024,15,0.24385,-0.0024,15,0.23788,-0.0024
15,-0.0020211,-0.0026,15,-0.005818,-0.0026,15,-0.010033,-0.0026,15,-0.014206,-0.0026,15,-0.01881,-0.0026,15,0.051863,-0.0026,15,0.048673,-0.0026,15,0.044538,-0.0026,15,0.039804,-0.0026,15,0.034313,-0.0026,15,0.11774,-0.0026,15,0.11482,-0.0026,15,0.10542,-0.0026,15,0.099437,-0.0026,15,0.18396,-0.0026,15,0.18116,-0.0026,15,0.17689,-0.0026,15,0.17172,-0.0026,15,0.16544,-0.0026,15,0.24419,-0.0026,15,0.24153,-0.0026,15,0.23721,-0.0026,15,0.23213,-0.0026,15,0.22612,-0.0026
15,-0.012614,-0.0028,15,-0.01665,-0.0028,15,-0.02099,-0.0028,15,-0.025187,-0.0028,15,-0.029763,-0.0028,15,0.039679,-0.0028,15,0.036321,-0.0028,15,0.032112,-0.0028,15,0.027384,-0.0028,15,0.02193,-0.0028,15,0.10524,-0.0028,15,0.1022,-0.0028,15,0.092711,-0.0028,15,0.086737,-0.0028,15,0.17186,-0.0028,15,0.16896,-0.0028,15,0.16459,-0.0028,15,0.15937,-0.0028,15,0.15304,-0.0028,15,0.23257,-0.0028,15,0.22977,-0.0028,15,0.22534,-0.0028,15,0.22016,-0.0028,15,0.21412,-0.0028
15,-0.023472,-0.003,15,-0.027748,-0.003,15,-0.032208,-0.003,15,-0.036425,-0.003,15,-0.040966,-0.003,15,0.027131,-0.003,15,0.02361,-0.003,15,0.019331,-0.003,15,0.01462,-0.003,15,0.0092147,-0.003,15,0.092349,-0.003,15,0.089206,-0.003,15,0.079638,-0.003,15,0.07369,-0.003,15,0.15943,-0.003,15,0.15642,-0.003,15,0.15195,-0.003,15,0.1467,-0.003,15,0.14033,-0.003,15,0.22069,-0.003,15,0.21773,-0.003,15,0.21321,-0.003,15,0.20794,-0.003,15,0.20186,-0.003
15,-0.034617,-0.0032,15,-0.039132,-0.0032,15,-0.04371,-0.0032,15,-0.04794,-0.0032,15,-0.052436,-0.0032,15,0.014189,-0.0032,15,0.010508,-0.0032,15,0.0061667,-0.0032,15,0.0014809,-0.0032,15,-0.0038573,-0.0032,15,0.079032,-0.0032,15,0.075798,-0.0032,15,0.066173,-0.0032,15,0.060267,-0.0032,15,0.14663,-0.0032,15,0.14352,-0.0032,15,0.13896,-0.0032,15,0.13368,-0.0032,15,0.12729,-0.0032,15,0.2085,-0.0032,15,0.20539,-0.0032,15,0.20078,-0.0032,15,0.19543,-0.0032,15,0.18933,-0.0032
15,-0.046076,-0.0034,15,-0.050832,-0.0034,15,-0.055524,-0.0034,15,-0.05976,-0.0034,15,-0.064201,-0.0034,15,0.00082033,-0.0034,15,-0.0030145,-0.0034,15,-0.0074131,-0.0034,15,-0.012062,-0.0034,15,-0.017324,-0.0034,15,0.065251,-0.0034,15,0.061937,-0.0034,15,0.052279,-0.0034,15,0.046432,-0.0034,15,0.13342,-0.0034,15,0.13023,-0.0034,15,0.12559,-0.0034,15,0.12029,-0.0034,15,0.11389,-0.0034,15,0.19599,-0.0034,15,0.19274,-0.0034,15,0.18804,-0.0034,15,0.18261,-0.0034,15,0.1765,-0.0034
15,-0.05788,-0.0036,15,-0.062876,-0.0036,15,-0.067677,-0.0036,15,-0.071912,-0.0036,15,-0.076287,-0.0036,15,-0.013022,-0.0036,15,-0.017005,-0.0036,15,-0.021454,-0.0036,15,-0.026053,-0.0036,15,-0.03122,-0.0036,15,0.05096,-0.0036,15,0.047581,-0.0036,15,0.037917,-0.0036,15,0.032147,-0.0036,15,0.11978,-0.0036,15,0.1165,-0.0036,15,0.11179,-0.0036,15,0.10649,-0.0036,15,0.10009,-0.0036,15,0.18312,-0.0036,15,0.17973,-0.0036,15,0.17496,-0.0036,15,0.16946,-0.0036,15,0.16334,-0.0036
15,-0.070062,-0.0038,15,-0.075298,-0.0038,15,-0.080203,-0.0038,15,-0.084427,-0.0038,15,-0.088724,-0.0038,15,-0.02738,-0.0038,15,-0.031505,-0.0038,15,-0.035997,-0.0038,15,-0.040534,-0.0038,15,-0.045584,-0.0038,15,0.036116,-0.0038,15,0.032687,-0.0038,15,0.02304,-0.0038,15,0.01737,-0.0038,15,0.10564,-0.0038,15,0.1023,-0.0038,15,0.09753,-0.0038,15,0.092238,-0.0038,15,0.085855,-0.0038,15,0.16987,-0.0038,15,0.16634,-0.0038,15,0.16151,-0.0038,15,0.15595,-0.0038,15,0.14983,-0.0038
15,-0.08266,-0.004,15,-0.088139,-0.004,15,-0.093142,-0.004,15,-0.097344,-0.004,15,-0.10155,-0.004,15,-0.042305,-0.004,15,-0.046562,-0.004,15,-0.051092,-0.004,15,-0.055552,-0.004,15,-0.060464,-0.004,15,0.020645,-0.004,15,0.017185,-0.004,15,0.0075963,-0.004,15,0.0020469,-0.004,15,0.090978,-0.004,15,0.087568,-0.004,15,0.082756,-0.004,15,0.077491,-0.004,15,0.071148,-0.004,15,0.15621,-0.004,15,0.15253,-0.004,15,0.14766,-0.004,15,0.14204,-0.004,15,0.13593,-0.004
15,-0.095721,-0.0042,15,-0.10145,-0.0042,15,-0.10654,-0.0042,15,-0.11071,-0.0042,15,-0.1148,-0.0042,15,-0.057854,-0.0042,15,-0.062232,-0.0042,15,-0.066796,-0.0042,15,-0.071164,-0.0042,15,-0.075913,-0.0042,15,0.0044889,-0.0042,15,0.0010192,-0.0042,15,-0.0084779,-0.0042,15,-0.013877,-0.0042,15,0.075719,-0.0042,15,0.072259,-0.0042,15,0.067418,-0.0042,15,0.062198,-0.0042,15,0.055918,-0.0042,15,0.14208,-0.0042,15,0.13825,-0.0042,15,0.13336,-0.0042,15,0.1277,-0.0042,15,0.12161,-0.0042
15,-0.10929,-0.0044,15,-0.11528,-0.0044,15,-0.12045,-0.0044,15,-0.12457,-0.0044,15,-0.12853,-0.0044,15,-0.074094,-0.0044,15,-0.078578,-0.0044,15,-0.083172,-0.0044,15,-0.087432,-0.0044,15,-0.091991,-0.0044,15,-0.012428,-0.0044,15,-0.015883,-0.0044,15,-0.025249,-0.0044,15,-0.030465,-0.0044,15,0.059803,-0.0044,15,0.056315,-0.0044,15,0.051454,-0.0044,15,0.0463,-0.0044,15,0.040111,-0.0044,15,0.12745,-0.0044,15,0.12348,-0.0044,15,0.11858,-0.0044,15,0.11288,-0.0044,15,0.10684,-0.0044
15,-0.12344,-0.0046,15,-0.12972,-0.0046,15,-0.13495,-0.0046,15,-0.13899,-0.0046,15,-0.14278,-0.0046,15,-0.091097,-0.0046,15,-0.095671,-0.0046,15,-0.1003,-0.0046,15,-0.10443,-0.0046,15,-0.10877,-0.0046,15,-0.030189,-0.0046,15,-0.033603,-0.0046,15,-0.042794,-0.0046,15,-0.047793,-0.0046,15,0.043171,-0.0046,15,0.039647,-0.0046,15,0.03479,-0.0046,15,0.029732,-0.0046,15,0.023664,-0.0046,15,0.11227,-0.0046,15,0.10814,-0.0046,15,0.10327,-0.0046,15,0.097543,-0.0046,15,0.091553,-0.0046
15,-0.13825,-0.0048,15,-0.14488,-0.0048,15,-0.15012,-0.0048,15,-0.15405,-0.0048,15,-0.15765,-0.0048,15,-0.10895,-0.0048,15,-0.11359,-0.0048,15,-0.11826,-0.0048,15,-0.12224,-0.0048,15,-0.12632,-0.0048,15,-0.048892,-0.0048,15,-0.05223,-0.0048,15,-0.061203,-0.0048,15,-0.065945,-0.0048,15,0.025706,-0.0048,15,0.022179,-0.0048,15,0.017349,-0.0048,15,0.01238,-0.0048,15,0.0064765,-0.0048,15,0.096471,-0.0048,15,0.092188,-0.0048,15,0.087356,-0.0048,15,0.081633,-0.0048,15,0.075715,-0.0048
15,-0.15381,-0.005,15,-0.16096,-0.005,15,-0.16613,-0.005,15,-0.16986,-0.005,15,-0.17319,-0.005,15,-0.12775,-0.005,15,-0.13242,-0.005,15,-0.13716,-0.005,15,-0.14097,-0.005,15,-0.14475,-0.005,15,-0.068641,-0.005,15,-0.071866,-0.005,15,-0.080577,-0.005,15,-0.085016,-0.005,15,0.0073219,-0.005,15,0.0038141,-0.005,15,-0.0009631,-0.005,15,-0.0057951,-0.005,15,-0.011494,-0.005,15,0.07999,-0.005,15,0.075544,-0.005,15,0.070791,-0.005,15,0.065087,-0.005,15,0.059262,-0.005
15,-0.17037,-0.0052,15,-0.17815,-0.0052,15,-0.18318,-0.0052,15,-0.18656,-0.0052,15,-0.18953,-0.0052,15,-0.14763,-0.0052,15,-0.15227,-0.0052,15,-0.15714,-0.0052,15,-0.16073,-0.0052,15,-0.16415,-0.0052,15,-0.089555,-0.0052,15,-0.09262,-0.0052,15,-0.10103,-0.0052,15,-0.10512,-0.0052,15,-0.012095,-0.0052,15,-0.015557,-0.0052,15,-0.020251,-0.0052,15,-0.024917,-0.0052,15,-0.030362,-0.0052,15,0.062753,-0.0052,15,0.058133,-0.0052,15,0.053495,-0.0052,15,0.047838,-0.0052,15,0.042129,-0.0052
15,-0.18858,-0.0054,15,-0.19683,-0.0054,15,-0.20157,-0.0054,15,-0.20435,-0.0054,15,-0.20681,-0.0054,15,-0.16879,-0.0054,15,-0.17329,-0.0054,15,-0.17842,-0.0054,15,-0.18168,-0.0054,15,-0.18466,-0.0054,15,-0.11176,-0.0054,15,-0.11461,-0.0054,15,-0.12269,-0.0054,15,-0.12637,-0.0054,15,-0.032676,-0.0054,15,-0.036061,-0.0054,15,-0.040636,-0.0054,15,-0.045107,-0.0054,15,-0.050239,-0.0054,15,0.044687,-0.0054,15,0.03986,-0.0054,15,0.035369,-0.0054,15,0.029766,-0.0054,15,0.02424,-0.0054
15,-0.20979,-0.0056,15,-0.2181,-0.0056,15,-0.2218,-0.0056,15,-0.22352,-0.0056,15,-0.22525,-0.0056,15,-0.19159,-0.0056,15,-0.19576,-0.0056,15,-0.20127,-0.0056,15,-0.20405,-0.0056,15,-0.20644,-0.0056,15,-0.13543,-0.0056,15,-0.13799,-0.0056,15,-0.1457,-0.0056,15,-0.14891,-0.0056,15,-0.054564,-0.0056,15,-0.057841,-0.0056,15,-0.062253,-0.0056,15,-0.066502,-0.0056,15,-0.071252,-0.0056,15,0.025659,-0.0056,15,0.020609,-0.0056,15,0.016321,-0.0056,15,0.01083,-0.0056,15,0.0054306,-0.0056
12.5,0.093103,-0.0002,12.5,0.092355,-0.0002,15,-0.24424,-0.0058,15,-0.24457,-0.0058,15,-0.24531,-0.0058,15,-0.21652,-0.0058,15,-0.22041,-0.0058,15,-0.22594,-0.0058,15,-0.22822,-0.0058,15,-0.22968,-0.0058,15,-0.16075,-0.0058,15,-0.16296,-0.0058,15,-0.17022,-0.0058,15,-0.17288,-0.0058,15,-0.077914,-0.0058,15,-0.081061,-0.0058,15,-0.08525,-0.0058,15,-0.089256,-0.0058,15,-0.093547,-0.0058,15,0.0055751,-0.0058,15,0.00025756,-0.0058,15,-0.0037704,-0.0058,15,-0.0090999,-0.0058,15,-0.01429,-0.0058
12.5,0.084204,-0.0004,12.5,0.083218,-0.0004,12.5,0.090192,-0.0002,15,-0.26853,-0.006,15,-0.26747,-0.006,15,-0.24343,-0.006,15,-0.24797,-0.006,15,-0.25246,-0.006,15,-0.2545,-0.006,15,-0.25466,-0.006,15,-0.1879,-0.006,15,-0.19,-0.006,15,-0.19645,-0.006,15,-0.19845,-0.006,15,-0.10287,-0.006,15,-0.10591,-0.006,15,-0.10978,-0.006,15,-0.11354,-0.006,15,-0.11729,-0.006,15,-0.015689,-0.006,15,-0.021344,-0.006,15,-0.02505,-0.006,15,-0.030148,-0.006,15,-0.035087,-0.006
12.5,0.075168,-0.0006,12.5,0.073943,-0.0006,12.5,0.080915,-0.0004,12.5,0.087133,-0.0002,12.5,0.083348,-0.0002,12.5,0.1534,-0.0002,12.5,0.15277,-0.0002,12.5,0.15043,-0.0002,12.5,0.14681,-0.0002,12.5,0.14228,-0.0002,12.5,0.21681,-0.0002,12.5,0.2162,-0.0002,12.5,0.21018,-0.0002,12.5,0.20539,-0.0002,12.5,0.27732,-0.0002,12.5,0.2766,-0.0002,12.5,0.27456,-0.0002,12.5,0.27103,-0.0002,12.5,0.26649,-0.0002,12.5,0.33223,-0.0002,12.5,0.33215,-0.0002,12.5,0.33003,-0.0002,12.5,0.32693,-0.0002,12.5,0.32233,-0.0002
12.5,0.065989,-0.0008,12.5,0.064523,-0.0008,12.5,0.071501,-0.0006,12.5,0.077802,-0.0004,12.5,0.073985,-0.0004,12.5,0.14337,-0.0004,12.5,0.14255,-0.0004,12.5,0.14008,-0.0004,12.5,0.13641,-0.0004,12.5,0.13184,-0.0004,12.5,0.20641,-0.0004,12.5,0.20561,-0.0004,12.5,0.19939,-0.0004,12.5,0.19456,-0.0004,12.5,0.26692,-0.0004,12.5,0.26605,-0.0004,12.5,0.26387,-0.0004,12.5,0.26025,-0.0004,12.5,0.25561,-0.0004,12.5,0.32193,-0.0004,12.5,0.32165,-0.0004,12.5,0.3194,-0.0004,12.5,0.31619,-0.0004,12.5,0.31153,-0.0004
12.5,0.056655,-0.001,12.5,0.054948,-0.001,12.5,0.061942,-0.0008,12.5,0.068336,-0.0006,12.5,0.064492,-0.0006,12.5,0.13315,-0.0006,12.5,0.13213,-0.0006,12.5,0.12955,-0.0006,12.5,0.12583,-0.0006,12.5,0.12123,-0.0006,12.5,0.1958,-0.0006,12.5,0.19483,-0.0006,12.5,0.18842,-0.0006,12.5,0.18353,-0.0006,12.5,0.25633,-0.0006,12.5,0.25532,-0.0006,12.5,0.25299,-0.0006,12.5,0.24929,-0.0006,12.5,0.24455,-0.0006,12.5,0.31147,-0.0006,12.5,0.31101,-0.0006,12.5,0.30863,-0.0006,12.5,0.30529,-0.0006,12.5,0.30057,-0.0006
12.5,0.047157,-0.0012,12.5,0.045208,-0.0012,12.5,0.052229,-0.001,12.5,0.058727,-0.0008,12.5,0.054861,-0.0008,12.5,0.12273,-0.0008,12.5,0.12152,-0.0008,12.5,0.11882,-0.0008,12.5,0.11506,-0.0008,12.5,0.11044,-0.0008,12.5,0.18496,-0.0008,12.5,0.18383,-0.0008,12.5,0.17723,-0.0008,12.5,0.1723,-0.0008,12.5,0.24554,-0.0008,12.5,0.24439,-0.0008,12.5,0.24192,-0.0008,12.5,0.23813,-0.0008,12.5,0.23331,-0.0008,12.5,0.30084,-0.0008,12.5,0.30017,-0.0008,12.5,0.29766,-0.0008,12.5,0.29423,-0.0008,12.5,0.28944,-0.0008
12.5,0.037484,-0.0014,12.5,0.035291,-0.0014,12.5,0.042351,-0.0012,12.5,0.048966,-0.001,12.5,0.045083,-0.001,12.5,0.11209,-0.001,12.5,0.11068,-0.001,12.5,0.10788,-0.001,12.5,0.10408,-0.001,12.5,0.099436,-0.001,12.5,0.17389,-0.001,12.5,0.17259,-0.001,12.5,0.16582,-0.001,12.5,0.16086,-0.001,12.5,0.23453,-0.001,12.5,0.23324,-0.001,12.5,0.23063,-0.001,12.5,0.22677,-0.001,12.5,0.22186,-0.001,12.5,0.29,-0.001,12.5,0.28916,-0.001,12.5,0.28652,-0.001,12.5,0.28298,-0.001,12.5,0.27816,-0.001
12.5,0.027624,-0.0016,12.5,0.025185,-0.0016,12.5,0.032298,-0.0014,12.5,0.039043,-0.0012,12.5,0.035148,-0.0012,12.5,0.10122,-0.0012,12.5,0.099616,-0.0012,12.5,0.09671,-0.0012,12.5,0.092871,-0.0012,12.5,0.088221,-0.0012,12.5,0.16256,-0.0012,12.5,0.16111,-0.0012,12.5,0.15417,-0.0012,12.5,0.14918,-0.0012,12.5,0.22328,-0.0012,12.5,0.22185,-0.0012,12.5,0.21912,-0.0012,12.5,0.21518,-0.0012,12.5,0.2102,-0.0012,12.5,0.27897,-0.0012,12.5,0.27794,-0.0012,12.5,0.27518,-0.0012,12.5,0.27153,-0.0012,12.5,0.26664,-0.0012
12.5,0.017563,-0.0018,12.5,0.014877,-0.0018,12.5,0.022056,-0.0016,12.5,0.028947,-0.0014,12.5,0.025047,-0.0014,12.5,0.090094,-0.0014,12.5,0.088302,-0.0014,12.5,0.085294,-0.0014,12.5,0.081427,-0.0014,12.5,0.076775,-0.0014,12.5,0.15096,-0.0014,12.5,0.14935,-0.0014,12.5,0.14225,-0.0014,12.5,0.13724,-0.0014,12.5,0.21177,-0.0014,12.5,0.21022,-0.0014,12.5,0.20735,-0.0014,12.5,0.20335,-0.0014,12.5,0.1983,-0.0014,12.5,0.26771,-0.0014,12.5,0.26651,-0.0014,12.5,0.26363,-0.0014,12.5,0.25988,-0.0014,12.5,0.25494,-0.0014
12.5,0.0072851,-0.002,12.5,0.0043509,-0.002,12.5,0.011613,-0.0018,12.5,0.018666,-0.0016,12.5,0.014766,-0.0016,12.5,0.078703,-0.0016,12.5,0.07672,-0.0016,12.5,0.073613,-0.0016,12.5,0.069726,-0.0016,12.5,0.065079,-0.0016,12.5,0.13906,-0.0016,12.5,0.13729,-0.0016,12.5,0.13006,-0.0016,12.5,0.12503,-0.0016,12.5,0.19999,-0.0016,12.5,0.19831,-0.0016,12.5,0.19532,-0.0016,12.5,0.19126,-0.0016,12.5,0.18614,-0.0016,12.5,0.25621,-0.0016,12.5,0.25484,-0.0016,12.5,0.25185,-0.0016,12.5,0.248,-0.0016,12.5,0.24301,-0.0016
12.5,-0.0032258,-0.0022,12.5,-0.0064101,-0.0022,12.5,0.00095352,-0.002,12.5,0.0081868,-0.0018,12.5,0.0042927,-0.0018,12.5,0.067024,-0.0018,12.5,0.064851,-0.0018,12.5,0.061649,-0.0018,12.5,0.057748,-0.0018,12.5,0.053115,-0.0018,12.5,0.12683,-0.0018,12.5,0.12492,-0.0018,12.5,0.11755,-0.0018,12.5,0.11253,-0.0018,12.5,0.18791,-0.0018,12.5,0.18611,-0.0018,12.5,0.183,-0.0018,12.5,0.17888,-0.0018,12.5,0.17371,-0.0018,12.5,0.24445,-0.0018,12.5,0.24293,-0.0018,12.5,0.23981,-0.0018,12.5,0.23587,-0.0018,12.5,0.23084,-0.0018
12.5,-0.013989,-0.0024,12.5,-0.017425,-0.0024,12.5,-0.0099395,-0.0022,12.5,-0.0025057,-0.002,12.5,-0.0063866,-0.002,12.5,0.055034,-0.002,12.5,0.052671,-0.002,12.5,0.049379,-0.002,12.5,0.045471,-0.002,12.5,0.040863,-0.002,12.5,0.11425,-0.002,12.5,0.11221,-0.002,12.5,0.10472,-0.002,12.5,0.099707,-0.002,12.5,0.1755,-0.002,12.5,0.17358,-0.002,12.5,0.17037,-0.002,12.5,0.1662,-0.002,12.5,0.16098,-0.002,12.5,0.23241,-0.002,12.5,0.23073,-0.002,12.5,0.22751,-0.002,12.5,0.22348,-0.002,12.5,0.21841,-0.002
12.5,-0.025025,-0.0026,12.5,-0.028714,-0.0026,12.5,-0.021085,-0.0024,12.5,-0.013428,-0.0022,12.5,-0.017288,-0.0022,12.5,0.042708,-0.0022,12.5,0.040158,-0.0022,12.5,0.036779,-0.0022,12.5,0.032871,-0.0022,12.5,0.028298,-0.0022,12.5,0.10129,-0.0022,12.5,0.099117,-0.0022,12.5,0.091532,-0.0022,12.5,0.086537,-0.0022,12.5,0.16274,-0.0022,12.5,0.16071,-0.0022,12.5,0.15739,-0.0022,12.5,0.15318,-0.0022,12.5,0.14792,-0.0022,12.5,0.22007,-0.0022,12.5,0.21824,-0.0022,12.5,0.21492,-0.0022,12.5,0.2108,-0.0022,12.5,0.20571,-0.0022
12.5,-0.036359,-0.0028,12.5,-0.040303,-0.0028,12.5,-0.032501,-0.0026,12.5,-0.024597,-0.0024,12.5,-0.02843,-0.0024,12.5,0.030019,-0.0024,12.5,0.027282,-0.0024,12.5,0.02382,-0.0024,12.5,0.019925,-0.0024,12.5,0.015395,-0.0024,12.5,0.087913,-0.0024,12.5,0.085619,-0.0024,12.5,0.077951,-0.0024,12.5,0.07299,-0.0024,12.5,0.1496,-0.0024,12.5,0.14746,-0.0024,12.5,0.14404,-0.0024,12.5,0.1398,-0.0024,12.5,0.13451,-0.0024,12.5,0.20741,-0.0024,12.5,0.20542,-0.0024,12.5,0.20201,-0.0024,12.5,0.1978,-0.0024,12.5,0.19269,-0.0024
12.5,-0.048019,-0.003,12.5,-0.052218,-0.003,12.5,-0.044216,-0.0028,12.5,-0.036034,-0.0026,12.5,-0.039829,-0.0026,12.5,0.016936,-0.0026,12.5,0.014013,-0.0026,12.5,0.010473,-0.0026,12.5,0.006596,-0.0026,12.5,0.0021281,-0.0026,12.5,0.074083,-0.0026,12.5,0.071675,-0.0026,12.5,0.063945,-0.0026,12.5,0.059033,-0.0026,12.5,0.13603,-0.0026,12.5,0.13379,-0.0026,12.5,0.13029,-0.0026,12.5,0.12602,-0.0026,12.5,0.12072,-0.0026,12.5,0.19439,-0.0026,12.5,0.19226,-0.0026,12.5,0.18876,-0.0026,12.5,0.18447,-0.0026,12.5,0.17935,-0.0026
12.5,-0.060034,-0.0032,12.5,-0.064492,-0.0032,12.5,-0.056255,-0.003,12.5,-0.047762,-0.0028,12.5,-0.051513,-0.0028,12.5,0.0034279,-0.0028,12.5,0.00032198,-0.0028,12.5,-0.003294,-0.0028,12.5,-0.007146,-0.0028,12.5,-0.011541,-0.0028,12.5,0.059757,-0.0028,12.5,0.057251,-0.0028,12.5,0.049473,-0.0028,12.5,0.044627,-0.0028,12.5,0.122,-0.0028,12.5,0.11966,-0.0028,12.5,0.11608,-0.0028,12.5,0.11181,-0.0028,12.5,0.10651,-0.0028,12.5,0.18098,-0.0028,12.5,0.1787,-0.0028,12.5,0.17513,-0.0028,12.5,0.17077,-0.0028,12.5,0.16565,-0.0028
12.5,-0.072442,-0.0034,12.5,-0.077161,-0.0034,12.5,-0.068648,-0.0032,12.5,-0.059808,-0.003,12.5,-0.063503,-0.003,12.5,-0.01055,-0.003,12.5,-0.013837,-0.003,12.5,-0.017525,-0.003,12.5,-0.021339,-0.003,12.5,-0.025645,-0.003,12.5,0.044895,-0.003,12.5,0.042289,-0.003,12.5,0.034492,-0.003,12.5,0.029729,-0.003,12.5,0.10746,-0.003,12.5,0.10504,-0.003,12.5,0.10139,-0.003,12.5,0.097121,-0.003,12.5,0.09184,-0.003,12.5,0.16715,-0.003,12.5,0.16473,-0.003,12.5,0.16109,-0.003,12.5,0.15667,-0.003,12.5,0.15155,-0.003
12.5,-0.08528,-0.0036,12.5,-0.090266,-0.0036,12.5,-0.081431,-0.0034,12.5,-0.072202,-0.0032,12.5,-0.07583,-0.0032,12.5,-0.025037,-0.0032,12.5,-0.028503,-0.0032,12.5,-0.032259,-0.0032,12.5,-0.036026,-0.0032,12.5,-0.040227,-0.0032,12.5,0.02943,-0.0032,12.5,0.026742,-0.0032,12.5,0.018949,-0.0032,12.5,0.014291,-0.0032,12.5,0.09236,-0.0032,12.5,0.089867,-0.0032,12.5,0.086152,-0.0032,12.5,0.081906,-0.0032,12.5,0.076663,-0.0032,12.5,0.15286,-0.0032,12.5,0.1503,-0.0032,12.5,0.1466,-0.0032,12.5,0.14213,-0.0032,12.5,0.13703,-0.0032
12.5,-0.098596,-0.0038,12.5,-0.10386,-0.0038,12.5,-0.094647,-0.0036,12.5,-0.084977,-0.0034,12.5,-0.088527,-0.0034,12.5,-0.040082,-0.0034,12.5,-0.043723,-0.0034,12.5,-0.047546,-0.0034,12.5,-0.051254,-0.0034,12.5,-0.055331,-0.0034,12.5,0.01331,-0.0034,12.5,0.010552,-0.0034,12.5,0.0027886,-0.0034,12.5,-0.0017408,-0.0034,12.5,0.076644,-0.0034,12.5,0.074088,-0.0034,12.5,0.070321,-0.0034,12.5,0.066113,-0.0034,12.5,0.060929,-0.0034,12.5,0.13805,-0.0034,12.5,0.13536,-0.0034,12.5,0.13163,-0.0034,12.5,0.12711,-0.0034,12.5,0.12204,-0.0034
12.5,-0.11244,-0.004,12.5,-0.11801,-0.004,12.5,-0.10834,-0.0038,12.5,-0.098175,-0.0036,12.5,-0.10163,-0.0036,12.5,-0.055736,-0.0036,12.5,-0.059548,-0.0036,12.5,-0.063438,-0.0036,12.5,-0.067078,-0.0036,12.5,-0.07101,-0.0036,12.5,-0.0035314,-0.0036,12.5,-0.0063457,-0.0036,12.5,-0.014052,-0.0036,12.5,-0.018427,-0.0036,12.5,0.060253,-0.0036,12.5,0.057631,-0.0036,12.5,0.053822,-0.0036,12.5,0.04968,-0.0036,12.5,0.044562,-0.0036,12.5,0.12269,-0.0036,12.5,0.11986,-0.0036,12.5,0.1161,-0.0036,12.5,0.11155,-0.0036,12.5,0.10653,-0.0036
12.5,-0.12687,-0.0042,12.5,-0.13281,-0.0042,12.5,-0.12258,-0.004,12.5,-0.11184,-0.0038,12.5,-0.11519,-0.0038,12.5,-0.072059,-0.0038,12.5,-0.076037,-0.0038,12.5,-0.079999,-0.0038,12.5,-0.083558,-0.0038,12.5,-0.087323,-0.0038,12.5,-0.021168,-0.0038,12.5,-0.024022,-0.0038,12.5,-0.031646,-0.0038,12.5,-0.035838,-0.0038,12.5,0.043091,-0.0038,12.5,0.040427,-0.0038,12.5,0.036593,-0.0038,12.5,0.032503,-0.0038,12.5,0.02755,-0.0038,12.5,0.1067,-0.0038,12.5,0.10374,-0.0038,12.5,0.099982,-0.0038,12.5,0.095413,-0.0038,12.5,0.090455,-0.0038
12.5,-0.14196,-0.0044,12.5,-0.14841,-0.0044,12.5,-0.13745,-0.0042,12.5,-0.12603,-0.004,12.5,-0.12925,-0.004,12.5,-0.089114,-0.004,12.5,-0.093251,-0.004,12.5,-0.097296,-0.004,12.5,-0.10076,-0.004,12.5,-0.10434,-0.004,12.5,-0.039679,-0.004,12.5,-0.042555,-0.004,12.5,-0.050072,-0.004,12.5,-0.05405,-0.004,12.5,0.025082,-0.004,12.5,0.022392,-0.004,12.5,0.018546,-0.004,12.5,0.014551,-0.004,12.5,0.0097176,-0.004,12.5,0.090027,-0.004,12.5,0.086928,-0.004,12.5,0.083194,-0.004,12.5,0.078627,-0.004,12.5,0.073753,-0.004
12.5,-0.15783,-0.0046,12.5,-0.16499,-0.0046,12.5,-0.15305,-0.0044,12.5,-0.14082,-0.0042,12.5,-0.14387,-0.0042,12.5,-0.10697,-0.0042,12.5,-0.11126,-0.0042,12.5,-0.11541,-0.0042,12.5,-0.11877,-0.0042,12.5,-0.12213,-0.0042,12.5,-0.059149,-0.0042,12.5,-0.062026,-0.0042,12.5,-0.06942,-0.0042,12.5,-0.07315,-0.0042,12.5,0.0061281,-0.0042,12.5,0.0034323,-0.0042,12.5,-0.00041078,-0.0042,12.5,-0.004288,-0.0042,12.5,-0.008934,-0.0042,12.5,0.072589,-0.0042,12.5,0.069361,-0.0042,12.5,0.065665,-0.0042,12.5,0.061125,-0.0042,12.5,0.056357,-0.0042
12.5,-0.17464,-0.0048,12.5,-0.18273,-0.0048,12.5,-0.16956,-0.0046,12.5,-0.15629,-0.0044,12.5,-0.15914,-0.0044,12.5,-0.1257,-0.0044,12.5,-0.13013,-0.0044,12.5,-0.13443,-0.0044,12.5,-0.13768,-0.0044,12.5,-0.14078,-0.0044,12.5,-0.079666,-0.0044,12.5,-0.08252,-0.0044,12.5,-0.089788,-0.0044,12.5,-0.093234,-0.0044,12.5,-0.01388,-0.0044,12.5,-0.016555,-0.0044,12.5,-0.020382,-0.0044,12.5,-0.024119,-0.0044,12.5,-0.028533,-0.0044,12.5,0.054304,-0.0044,12.5,0.050925,-0.0044,12.5,0.047311,-0.0044,12.5,0.042769,-0.0044,12.5,0.038192,-0.0044
12.5,-0.19355,-0.005,12.5,-0.2022,-0.005,12.5,-0.18722,-0.0048,12.5,-0.17257,-0.0046,12.5,-0.17514,-0.0046,12.5,-0.14538,-0.0046,12.5,-0.14994,-0.0046,12.5,-0.1545,-0.0046,12.5,-0.15758,-0.0046,12.5,-0.1604,-0.0046,12.5,-0.10131,-0.0046,12.5,-0.10412,-0.0046,12.5,-0.11128,-0.0046,12.5,-0.1144,-0.0046,12.5,-0.035061,-0.0046,12.5,-0.03768,-0.0046,12.5,-0.041482,-0.0046,12.5,-0.045058,-0.0046,12.5,-0.049192,-0.0046,12.5,0.035055,-0.0046,12.5,0.031542,-0.0046,12.5,0.028034,-0.0046,12.5,0.023549,-0.0046,12.5,0.019061,-0.0046
12.5,-0.21508,-0.0052,10,0.074473,-0.0002,12.5,-0.20634,-0.005,12.5,-0.18983,-0.0048,12.5,-0.192,-0.0048,12.5,-0.16614,-0.0048,12.5,-0.1708,-0.0048,12.5,-0.17578,-0.0048,12.5,-0.17863,-0.0048,12.5,-0.1811,-0.0048,12.5,-0.12417,-0.0048,12.5,-0.1269,-0.0048,12.5,-0.13401,-0.0048,12.5,-0.13677,-0.0048,12.5,-0.057536,-0.0048,12.5,-0.060062,-0.0048,12.5,-0.063833,-0.0048,12.5,-0.067234,-0.0048,12.5,-0.071034,-0.0048,12.5,0.014739,-0.0048,12.5,0.011091,-0.0048,12.5,0.0077247,-0.0048,12.5,0.0033246,-0.0048,12.5,-0.00097175,-0.0048
10,0.075014,-0.0002,10,0.064913,-0.0004,12.5,-0.22757,-0.0052,12.5,-0.20828,-0.005,12.5,-0.20989,-0.005,12.5,-0.18817,-0.005,12.5,-0.19289,-0.005,12.5,-0.19854,-0.005,12.5,-0.201,-0.005,12.5,-0.20301,-0.005,12.5,-0.14831,-0.005,12.5,-0.15094,-0.005,12.5,-0.15809,-0.005,12.5,-0.16045,-0.005,12.5,-0.081424,-0.005,12.5,-0.083814,-0.005,12.5,-0.08756,-0.005,12.5,-0.090783,-0.005,12.5,-0.094194,-0.005,12.5,-0.0067671,-0.005,12.5,-0.010552,-0.005,12.5,-0.013743,-0.005,12.5,-0.018022,-0.005,12.5,-0.022092,-0.005
10,0.065703,-0.0004,10,0.055193,-0.0006,12.5,-0.24925,-0.0054,12.5,-0.22822,-0.0052,12.5,-0.22913,-0.0052,12.5,-0.21187,-0.0052,12.5,-0.21666,-0.0052,12.5,-0.22289,-0.0052,12.5,-0.22497,-0.0052,12.5,-0.22632,-0.0052,12.5,-0.17384,-0.0052,12.5,-0.17633,-0.0052,12.5,-0.18365,-0.0052,12.5,-0.18555,-0.0052,12.5,-0.10681,-0.0052,12.5,-0.10905,-0.0052,12.5,-0.11278,-0.0052,12.5,-0.11585,-0.0052,12.5,-0.11881,-0.0052,12.5,-0.02959,-0.0052,12.5,-0.033526,-0.0052,12.5,-0.036511,-0.0052,12.5,-0.040624,-0.0052,12.5,-0.044432,-0.0052
10,0.056233,-0.0006,10,0.045303,-0.0008,10,0.072753,-0.0002,12.5,-0.25026,-0.0054,12.5,-0.25025,-0.0054,12.5,-0.23687,-0.0054,12.5,-0.24265,-0.0054,12.5,-0.24874,-0.0054,12.5,-0.25084,-0.0054,12.5,-0.25124,-0.0054,12.5,-0.20086,-0.0054,12.5,-0.20341,-0.0054,12.5,-0.21083,-0.0054,12.5,-0.21218,-0.0054,12.5,-0.13374,-0.0054,12.5,-0.13586,-0.0054,12.5,-0.13961,-0.0054,12.5,-0.14256,-0.0054,12.5,-0.14503,-0.0054,12.5,-0.053853,-0.0054,12.5,-0.057977,-0.0054,12.5,-0.060738,-0.0054,12.5,-0.064623,-0.0054,12.5,-0.068133,-0.0054
10,0.046595,-0.0008,10,0.035231,-0.001,10,0.06305,-0.0004,12.5,-0.27507,-0.0056,12.5,-0.27349,-0.0056,12.5,-0.26488,-0.0056,12.5,-0.27136,-0.0056,12.5,-0.27681,-0.0056,12.5,-0.27822,-0.0056,12.5,-0.27799,-0.0056,12.5,-0.22953,-0.0056,12.5,-0.23296,-0.0056,12.5,-0.23973,-0.0056,12.5,-0.24049,-0.0056,12.5,-0.16213,-0.0056,12.5,-0.16445,-0.0056,12.5,-0.1681,-0.0056,12.5,-0.17104,-0.0056,12.5,-0.17297,-0.0056,12.5,-0.079652,-0.0056,12.5,-0.084061,-0.0056,12.5,-0.086608,-0.0056,12.5,-0.090165,-0.0056,12.5,-0.093348,-0.0056
10,0.036777,-0.001,10,0.024963,-0.0012,10,0.053188,-0.0006,12.5,-0.30547,-0.0058,12.5,-0.29875,-0.0058,10,0.12671,-0.0002,0,0,0,10,0.12462,-0.0002,12.5,-0.30663,-0.0058,12.5,-0.30649,-0.0058,12.5,-0.25953,-0.0058,12.5,-0.26443,-0.0058,12.5,-0.27028,-0.0058,12.5,-0.27072,-0.0058,12.5,-0.19171,-0.0058,12.5,-0.19512,-0.0058,12.5,-0.19834,-0.0058,12.5,-0.2014,-0.0058,12.5,-0.20276,-0.0058,12.5,-0.10701,-0.0058,12.5,-0.11195,-0.0058,12.5,-0.11436,-0.0058,12.5,-0.11739,-0.0058,12.5,-0.12023,-0.0058
10,0.026766,-0.0012,10,0.014486,-0.0014,10,0.043156,-0.0008,10,0.07027,-0.0002,10,0.067175,-0.0002,10,0.11593,-0.0004,10,0.12641,-0.0002,10,0.11351,-0.0004,10,0.1217,-0.0002,10,0.11797,-0.0002,10,0.18333,-0.0002,10,0.18314,-0.0002,10,0.17845,-0.0002,10,0.17447,-0.0002,10,0.23921,-0.0002,10,0.23893,-0.0002,10,0.23753,-0.0002,10,0.23474,-0.0002,10,0.23095,-0.0002,10,0.29093,-0.0002,10,0.29127,-0.0002,10,0.28982,-0.0002,10,0.28743,-0.0002,10,0.28358,-0.0002
10,0.016548,-0.0014,10,0.0037839,-0.0016,10,0.032942,-0.001,10,0.060519,-0.0004,10,0.057402,-0.0004,10,0.10491,-0.0006,10,0.11542,-0.0004,10,0.10217,-0.0006,10,0.11055,-0.0004,10,0.1068,-0.0004,10,0.17188,-0.0004,10,0.17152,-0.0004,10,0.16665,-0.0004,10,0.16264,-0.0004,10,0.22765,-0.0004,10,0.22723,-0.0004,10,0.22569,-0.0004,10,0.22283,-0.0004,10,0.21896,-0.0004,10,0.27947,-0.0004,10,0.27962,-0.0004,10,0.27806,-0.0004,10,0.27556,-0.0004,10,0.27166,-0.0004
10,0.006106,-0.0016,10,-0.0071619,-0.0018,10,0.022534,-0.0012,10,0.05061,-0.0006,10,0.047477,-0.0006,10,0.093633,-0.0008,10,0.10419,-0.0006,10,0.09058,-0.0008,10,0.099173,-0.0006,10,0.095417,-0.0006,10,0.16016,-0.0006,10,0.15962,-0.0006,10,0.15459,-0.0006,10,0.15056,-0.0006,10,0.21582,-0.0006,10,0.21527,-0.0006,10,0.21359,-0.0006,10,0.21066,-0.0006,10,0.20672,-0.0006,10,0.26778,-0.0006,10,0.26774,-0.0006,10,0.26605,-0.0006,10,0.26345,-0.0006,10,0.2595,-0.0006
10,-0.0045766,-0.0018,10,-0.018371,-0.002,10,0.011916,-0.0014,10,0.040534,-0.0008,10,0.037389,-0.0008,10,0.082091,-0.001,10,0.092716,-0.0008,10,0.078724,-0.001,10,0.087554,-0.0008,10,0.083796,-0.0008,10,0.14814,-0.0008,10,0.14744,-0.0008,10,0.14225,-0.0008,10,0.1382,-0.0008,10,0.20371,-0.0008,10,0.20301,-0.0008,10,0.20121,-0.0008,10,0.19821,-0.0008,10,0.19421,-0.0008,10,0.25581,-0.0008,10,0.2556,-0.0008,10,0.2538,-0.0008,10,0.2511,-0.0008,10,0.2471,-0.0008
10,-0.01552,-0.002,10,-0.029865,-0.0022,10,0.0010739,-0.0016,10,0.030279,-0.001,10,0.027129,-0.001,10,0.07026,-0.0012,10,0.080967,-0.001,10,0.06658,-0.0012,10,0.075673,-0.001,10,0.071919,-0.001,10,0.13581,-0.001,10,0.13494,-0.001,10,0.1296,-0.001,10,0.12555,-0.001,10,0.19127,-0.001,10,0.19045,-0.001,10,0.18852,-0.001,10,0.18546,-0.001,10,0.18141,-0.001,10,0.24357,-0.001,10,0.24318,-0.001,10,0.24126,-0.001,10,0.23847,-0.001,10,0.23444,-0.001
10,-0.026746,-0.0022,10,-0.04167,-0.0024,10,-0.010011,-0.0018,10,0.019831,-0.0012,10,0.016682,-0.0012,10,0.058117,-0.0014,10,0.068928,-0.0012,10,0.054125,-0.0014,10,0.06351,-0.0012,10,0.05977,-0.0012,10,0.12313,-0.0012,10,0.12209,-0.0012,10,0.11662,-0.0012,10,0.11258,-0.0012,10,0.1785,-0.0012,10,0.17755,-0.0012,10,0.1755,-0.0012,10,0.17239,-0.0012,10,0.16829,-0.0012,10,0.23101,-0.0012,10,0.23045,-0.0012,10,0.22843,-0.0012,10,0.22554,-0.0012,10,0.22148,-0.0012
10,-0.038281,-0.0024,10,-0.053815,-0.0026,10,-0.021358,-0.002,10,0.0091776,-0.0014,10,0.006036,-0.0014,10,0.045638,-0.0016,10,0.056575,-0.0014,10,0.041335,-0.0016,10,0.051043,-0.0014,10,0.047325,-0.0014,10,0.11007,-0.0014,10,0.10888,-0.0014,10,0.10329,-0.0014,10,0.099256,-0.0014,10,0.16535,-0.0014,10,0.16427,-0.0014,10,0.16211,-0.0014,10,0.15896,-0.0014,10,0.15482,-0.0014,10,0.21813,-0.0014,10,0.2174,-0.0014,10,0.21528,-0.0014,10,0.2123,-0.0014,10,0.20822,-0.0014
10,-0.050153,-0.0026,10,-0.066334,-0.0028,10,-0.032988,-0.0022,10,-0.0016975,-0.0016,10,-0.004825,-0.0016,10,0.032795,-0.0018,10,0.043886,-0.0016,10,0.028185,-0.0018,10,0.038248,-0.0016,10,0.034562,-0.0016,10,0.096598,-0.0016,10,0.095259,-0.0016,10,0.089561,-0.0016,10,0.085557,-0.0016,10,0.15179,-0.0016,10,0.1506,-0.0016,10,0.14833,-0.0016,10,0.14514,-0.0016,10,0.14098,-0.0016,10,0.20487,-0.0016,10,0.20399,-0.0016,10,0.20177,-0.0016,10,0.19871,-0.0016,10,0.19461,-0.0016
10,-0.062393,-0.0028,10,-0.079263,-0.003,10,-0.044929,-0.0024,10,-0.012812,-0.0018,10,-0.015918,-0.0018,10,0.019563,-0.002,10,0.030831,-0.0018,10,0.014641,-0.002,10,0.0251,-0.0018,10,0.021456,-0.0018,10,0.082687,-0.0018,10,0.081204,-0.0018,10,0.07541,-0.0018,10,0.071446,-0.0018,10,0.13779,-0.0018,10,0.13649,-0.0018,10,0.13412,-0.0018,10,0.1309,-0.0018,10,0.12672,-0.0018,10,0.19122,-0.0018,10,0.19019,-0.0018,10,0.18788,-0.0018,10,0.18474,-0.0018,10,0.18063,-0.0018
10,-0.075039,-0.003,10,-0.092649,-0.0032,10,-0.057208,-0.0026,10,-0.024183,-0.002,10,-0.02726,-0.002,10,0.0059016,-0.0022,10,0.017386,-0.002,10,0.00067079,-0.0022,10,0.011565,-0.002,10,0.0079745,-0.002,10,0.068297,-0.002,10,0.066669,-0.002,10,0.060795,-0.002,10,0.056885,-0.002,10,0.1233,-0.002,10,0.12189,-0.002,10,0.11942,-0.002,10,0.1162,-0.002,10,0.11201,-0.002,10,0.17714,-0.002,10,0.17596,-0.002,10,0.17356,-0.002,10,0.17035,-0.002,10,0.16625,-0.002
10,-0.088131,-0.0032,10,-0.10655,-0.0034,10,-0.069857,-0.0028,10,-0.035835,-0.0022,10,-0.038875,-0.0022,10,-0.008222,-0.0024,10,0.0035099,-0.0022,10,-0.013763,-0.0024,10,-0.0023899,-0.0022,10,-0.0059143,-0.0022,10,0.053377,-0.0022,10,0.051611,-0.0022,10,0.045674,-0.0022,10,0.041834,-0.0022,10,0.10828,-0.0022,10,0.10677,-0.0022,10,0.10421,-0.0022,10,0.10098,-0.0022,10,0.096813,-0.0022,10,0.16259,-0.0022,10,0.16126,-0.0022,10,0.15879,-0.0022,10,0.15552,-0.0022,10,0.15142,-0.0022
10,-0.10171,-0.0034,10,-0.12103,-0.0036,10,-0.082915,-0.003,10,-0.047791,-0.0024,10,-0.050786,-0.0024,10,-0.022849,-0.0026,10,-0.01083,-0.0024,10,-0.028703,-0.0026,10,-0.016801,-0.0024,10,-0.020246,-0.0024,10,0.037881,-0.0024,10,0.035982,-0.0024,10,0.029999,-0.0024,10,0.026246,-0.0024,10,0.092676,-0.0024,10,0.091063,-0.0024,10,0.088423,-0.0024,10,0.085199,-0.0024,10,0.081067,-0.0024,10,0.14751,-0.0024,10,0.14604,-0.0024,10,0.1435,-0.0024,10,0.14018,-0.0024,10,0.13611,-0.0024
10,-0.11584,-0.0036,10,-0.13621,-0.0038,10,-0.096425,-0.0032,10,-0.06008,-0.0026,10,-0.063019,-0.0026,10,-0.038022,-0.0028,10,-0.025675,-0.0026,10,-0.044193,-0.0028,10,-0.03171,-0.0026,10,-0.035063,-0.0026,10,0.021755,-0.0026,10,0.019729,-0.0026,10,0.013715,-0.0026,10,0.010069,-0.0026,10,0.076421,-0.0026,10,0.074715,-0.0026,10,0.072001,-0.0026,10,0.0688,-0.0026,10,0.064722,-0.0026,10,0.13185,-0.0026,10,0.13024,-0.0026,10,0.12766,-0.0026,10,0.12428,-0.0026,10,0.12026,-0.0026
10,-0.13056,-0.0038,10,-0.15226,-0.004,10,-0.11044,-0.0034,10,-0.072733,-0.0028,10,-0.075606,-0.0028,10,-0.053792,-0.003,10,-0.041069,-0.0028,10,-0.060286,-0.003,10,-0.047164,-0.0028,10,-0.050409,-0.0028,10,0.0049428,-0.0028,10,0.0027931,-0.0028,10,-0.0032361,-0.0028,10,-0.0067558,-0.0028,10,0.059451,-0.0028,10,0.057659,-0.0028,10,0.054877,-0.0028,10,0.051715,-0.0028,10,0.047715,-0.0028,10,0.11557,-0.0028,10,0.11382,-0.0028,10,0.11119,-0.0028,10,0.10779,-0.0028,10,0.10383,-0.0028
10,-0.14595,-0.004,10,-0.16933,-0.0042,10,-0.12503,-0.0036,10,-0.085787,-0.003,10,-0.088582,-0.003,10,-0.070208,-0.0032,10,-0.057059,-0.003,10,-0.077038,-0.0032,10,-0.063214,-0.003,10,-0.066337,-0.003,10,-0.01262,-0.003,10,-0.014887,-0.003,10,-0.02092,-0.003,10,-0.024292,-0.003,10,0.041692,-0.003,10,0.039821,-0.003,10,0.036978,-0.003,10,0.03387,-0.003,10,0.029973,-0.003,10,0.098581,-0.003,10,0.096694,-0.003,10,0.094039,-0.003,10,0.090599,-0.003,10,0.086695,-0.003
10,-0.16214,-0.0042,10,-0.18763,-0.0044,10,-0.14028,-0.0038,10,-0.099285,-0.0032,10,-0.10199,-0.0032,10,-0.087324,-0.0034,10,-0.073698,-0.0032,10,-0.094511,-0.0034,10,-0.079918,-0.0032,10,-0.082902,-0.0032,10,-0.031,-0.0032,10,-0.033379,-0.0032,10,-0.039409,-0.0032,10,-0.042611,-0.0032,10,0.02306,-0.0032,10,0.02112,-0.0032,10,0.018219,-0.0032,10,0.015183,-0.0032,10,0.011417,-0.0032,10,0.080811,-0.0032,10,0.07879,-0.0032,10,0.076127,-0.0032,10,0.072673,-0.0032,10,0.068864,-0.0032
10,-0.17949,-0.0044,10,-0.2077,-0.0046,10,-0.15634,-0.004,10,-0.11328,-0.0034,10,-0.11587,-0.0034,10,-0.1052,-0.0036,10,-0.091039,-0.0034,10,-0.11278,-0.0036,10,-0.097341,-0.0034,10,-0.10017,-0.0034,10,-0.050263,-0.0034,10,-0.05275,-0.0034,10,-0.058779,-0.0034,10,-0.06179,-0.0034,10,0.0034653,-0.0034,10,0.001468,-0.0034,10,-0.0014881,-0.0034,10,-0.0044379,-0.0034,10,-0.0080406,-0.0034,10,0.062172,-0.0034,10,0.060023,-0.0034,10,0.057368,-0.0034,10,0.053916,-0.0034,10,0.050223,-0.0034
10,-0.19937,-0.0046,10,-0.22892,-0.0048,10,-0.17338,-0.0042,10,-0.12782,-0.0036,10,-0.13029,-0.0036,10,-0.12388,-0.0038,10,-0.10914,-0.0036,10,-0.13191,-0.0038,10,-0.11555,-0.0036,10,-0.11821,-0.0036,10,-0.070477,-0.0036,10,-0.073065,-0.0036,10,-0.079113,-0.0036,10,-0.081911,-0.0036,10,-0.017188,-0.0036,10,-0.019227,-0.0036,10,-0.022242,-0.0036,10,-0.025093,-0.0036,10,-0.028499,-0.0036,10,0.042569,-0.0036,10,0.040296,-0.0036,10,0.037668,-0.0036,10,0.034231,-0.0036,10,0.030681,-0.0036
7.5,0.055721,-0.0002,0,0,0,10,-0.19166,-0.0044,10,-0.143,-0.0038,10,-0.14531,-0.0038,10,-0.14341,-0.004,10,-0.12805,-0.0038,10,-0.15203,-0.004,10,-0.13463,-0.0038,10,-0.1371,-0.0038,10,-0.091697,-0.0038,10,-0.094382,-0.0038,10,-0.10049,-0.0038,10,-0.10306,-0.0038,10,-0.038995,-0.0038,10,-0.041057,-0.0038,10,-0.044143,-0.0038,10,-0.046889,-0.0038,10,-0.050065,-0.0038,10,0.021892,-0.0038,10,0.019505,-0.0038,10,0.016921,-0.0038,10,0.013514,-0.0038,10,0.010135,-0.0038
7.5,0.045934,-0.0004,0,0,0,10,-0.21152,-0.0046,10,-0.15892,-0.004,10,-0.16101,-0.004,10,-0.16385,-0.0042,10,-0.14784,-0.004,10,-0.17328,-0.0042,10,-0.15467,-0.004,10,-0.15694,-0.004,10,-0.11396,-0.004,10,-0.11674,-0.004,10,-0.123,-0.004,10,-0.12533,-0.004,10,-0.062045,-0.004,10,-0.064104,-0.004,10,-0.067289,-0.004,10,-0.069934,-0.004,10,-0.072848,-0.004,10,2.8556e-05,-0.004,10,-0.0024601,-0.004,10,-0.0049845,-0.004,10,-0.008349,-0.004,10,-0.011529,-0.004
7.5,0.035962,-0.0006,7.5,0.055342,-0.0002,10,-0.23334,-0.0048,10,-0.1757,-0.0042,10,-0.1775,-0.0042,10,-0.18529,-0.0044,10,-0.16855,-0.0042,10,-0.19586,-0.0044,10,-0.17579,-0.0042,10,-0.17781,-0.0042,10,-0.13729,-0.0042,10,-0.14016,-0.0042,10,-0.14672,-0.0042,10,-0.14879,-0.0042,10,-0.086404,-0.0042,10,-0.088432,-0.0042,10,-0.091766,-0.0042,10,-0.094335,-0.0042,10,-0.09696,-0.0042,10,-0.023136,-0.0042,10,-0.025709,-0.0042,10,-0.028169,-0.0042,10,-0.031482,-0.0042,10,-0.034435,-0.0042
7.5,0.025791,-0.0008,7.5,0.045292,-0.0004,10,-0.25705,-0.005,10,-0.19355,-0.0044,10,-0.19492,-0.0044,10,-0.20792,-0.0046,10,-0.19029,-0.0044,10,-0.21984,-0.0046,10,-0.19813,-0.0044,10,-0.19983,-0.0044,10,-0.16165,-0.0044,10,-0.16463,-0.0044,10,-0.1717,-0.0044,10,-0.17352,-0.0044,10,-0.11209,-0.0044,10,-0.11407,-0.0044,10,-0.11764,-0.0044,10,-0.12018,-0.0044,10,-0.1225,-0.0044,10,-0.047705,-0.0044,10,-0.050345,-0.0044,10,-0.052748,-0.0044,10,-0.05601,-0.0044,10,-0.058713,-0.0044
7.5,0.015405,-0.001,7.5,0.035054,-0.0006,7.5,0.054052,-0.0002,10,-0.21268,-0.0046,10,-0.2135,-0.0046,10,-0.2322,-0.0048,10,-0.21331,-0.0046,10,-0.24507,-0.0048,10,-0.22189,-0.0046,10,-0.22316,-0.0046,10,-0.18704,-0.0046,10,-0.19013,-0.0046,10,-0.19803,-0.0046,10,-0.19956,-0.0046,10,-0.13904,-0.0046,10,-0.141,-0.0046,10,-0.14492,-0.0046,10,-0.14753,-0.0046,10,-0.14955,-0.0046,10,-0.073744,-0.0046,10,-0.076449,-0.0046,10,-0.078831,-0.0046,10,-0.08205,-0.0046,10,-0.084491,-0.0046
7.5,0.0047896,-0.0012,7.5,0.024614,-0.0008,7.5,0.043855,-0.0004,10,-0.23338,-0.0048,10,-0.23367,-0.0048,7.5,0.097142,-0.0002,10,-0.23795,-0.0048,10,-0.27143,-0.005,10,-0.24723,-0.0048,10,-0.24796,-0.0048,10,-0.2135,-0.0048,10,-0.21683,-0.0048,10,-0.22573,-0.0048,10,-0.22696,-0.0048,10,-0.16709,-0.0048,10,-0.16917,-0.0048,10,-0.1736,-0.0048,10,-0.17642,-0.0048,10,-0.17815,-0.0048,10,-0.10125,-0.0048,10,-0.10406,-0.0048,10,-0.10651,-0.0048,10,-0.1097,-0.0048,10,-0.11188,-0.0048
7.5,-0.0060747,-0.0014,7.5,0.013958,-0.001,7.5,0.03347,-0.0006,10,-0.25635,-0.005,10,-0.25581,-0.005,7.5,0.085436,-0.0004,10,-0.26467,-0.005,10,-0.29938,-0.0052,10,-0.27402,-0.005,10,-0.27438,-0.005,10,-0.24109,-0.005,10,-0.24553,-0.005,10,-0.25472,-0.005,10,-0.25576,-0.005,10,-0.19598,-0.005,10,-0.19859,-0.005,10,-0.2036,-0.005,10,-0.20682,-0.005,10,-0.2083,-0.005,10,-0.13009,-0.005,10,-0.13318,-0.005,10,-0.13585,-0.005,10,-0.13902,-0.005,10,-0.14097,-0.005
7.5,-0.017209,-0.0016,7.5,0.0030679,-0.0012,7.5,0.022883,-0.0008,10,-0.28177,-0.0052,10,-0.2799,-0.0052,7.5,0.07344,-0.0006,7.5,0.0971,-0.0002,7.5,0.09584,-0.0002,10,-0.30165,-0.0052,10,-0.30227,-0.0052,10,-0.26903,-0.0052,10,-0.27541,-0.0052,10,-0.28472,-0.0052,10,-0.28603,-0.0052,10,-0.22528,-0.0052,10,-0.22928,-0.0052,10,-0.23479,-0.0052,10,-0.23857,-0.0052,10,-0.23996,-0.0052,10,-0.15999,-0.0052,10,-0.16374,-0.0052,10,-0.16695,-0.0052,10,-0.17002,-0.0052,10,-0.17178,-0.0052
7.5,-0.028637,-0.0018,7.5,-0.0080754,-0.0014,7.5,0.012079,-0.001,7.5,0.052164,-0.0002,10,-0.30775,-0.0054,7.5,0.061132,-0.0008,7.5,0.08517,-0.0004,7.5,0.083793,-0.0004,10,-0.33037,-0.0054,10,-0.33116,-0.0054,7.5,0.14474,-0.0002,7.5,0.14492,-0.0002,10,-0.31531,-0.0054,10,-0.31741,-0.0054,10,-0.25447,-0.0054,10,-0.26121,-0.0054,10,-0.26657,-0.0054,10,-0.27124,-0.0054,10,-0.273,-0.0054,10,-0.1905,-0.0054,10,-0.19573,-0.0054,10,-0.19972,-0.0054,10,-0.20266,-0.0054,10,-0.20428,-0.0054
7.5,-0.040385,-0.002,7.5,-0.01949,-0.0016,7.5,0.0010414,-0.0012,7.5,0.041923,-0.0004,10,-0.3363,-0.0056,7.5,0.048487,-0.001,7.5,0.072948,-0.0006,7.5,0.071454,-0.0006,7.5,0.093659,-0.0002,10,-0.36076,-0.0056,7.5,0.13192,-0.0004,7.5,0.13192,-0.0004,10,-0.34615,-0.0056,10,-0.34897,-0.0056,10,-0.28322,-0.0056,10,-0.29533,-0.0056,10,-0.29896,-0.0056,10,-0.30414,-0.0056,10,-0.30692,-0.0056,10,-0.22108,-0.0056,10,-0.22917,-0.0056,10,-0.23403,-0.0056,10,-0.23671,-0.0056,10,-0.23838,-0.0056
7.5,-0.052482,-0.0022,7.5,-0.031203,-0.0018,7.5,-0.01025,-0.0014,7.5,0.031497,-0.0006,7.5,0.049791,-0.0002,7.5,0.03548,-0.0012,7.5,0.060409,-0.0008,7.5,0.058799,-0.0008,7.5,0.081583,-0.0004,7.5,0.090803,-0.0002,7.5,0.11874,-0.0006,7.5,0.11855,-0.0006,7.5,0.14163,-0.0002,7.5,0.13856,-0.0002,7.5,0.19399,-0.0002,7.5,0.19414,-0.0002,7.5,0.19339,-0.0002,7.5,0.19141,-0.0002,7.5,0.18849,-0.0002,7.5,0.24119,-0.0002,7.5,0.24194,-0.0002,7.5,0.24123,-0.0002,7.5,0.23959,-0.0002,7.5,0.23658,-0.0002
7.5,-0.064961,-0.0024,7.5,-0.043238,-0.002,7.5,-0.021812,-0.0016,7.5,0.020871,-0.0008,7.5,0.03954,-0.0004,7.5,0.022081,-0.0014,7.5,0.04753,-0.001,7.5,0.045806,-0.001,7.5,0.06922,-0.0006,7.5,0.078731,-0.0004,7.5,0.10515,-0.0008,7.5,0.10478,-0.0008,7.5,0.12848,-0.0004,7.5,0.12541,-0.0004,7.5,0.18078,-0.0004,7.5,0.18079,-0.0004,7.5,0.17991,-0.0004,7.5,0.17788,-0.0004,7.5,0.17492,-0.0004,7.5,0.228,-0.0004,7.5,0.22857,-0.0004,7.5,0.22774,-0.0004,7.5,0.22601,-0.0004,7.5,0.22298,-0.0004
7.5,-0.077859,-0.0026,7.5,-0.055627,-0.0022,7.5,-0.033671,-0.0018,7.5,0.010031,-0.001,7.5,0.029109,-0.0006,7.5,0.0082592,-0.0016,7.5,0.034284,-0.0012,7.5,0.032445,-0.0012,7.5,0.056547,-0.0008,7.5,0.066379,-0.0006,7.5,0.091128,-0.001,7.5,0.090581,-0.001,7.5,0.11497,-0.0006,7.5,0.11191,-0.0006,7.5,0.16717,-0.0006,7.5,0.16705,-0.0006,7.5,0.16605,-0.0006,7.5,0.16397,-0.0006,7.5,0.16096,-0.0006,7.5,0.21443,-0.0006,7.5,0.21482,-0.0006,7.5,0.21389,-0.0006,7.5,0.21207,-0.0006,7.5,0.20902,-0.0006
7.5,-0.091218,-0.0028,7.5,-0.068404,-0.0024,7.5,-0.045854,-0.002,7.5,-0.0010396,-0.0012,7.5,0.018485,-0.0008,7.5,-0.0060206,-0.0018,7.5,0.020641,-0.0014,7.5,0.018688,-0.0014,7.5,0.04354,-0.001,7.5,0.053726,-0.0008,7.5,0.076632,-0.0012,7.5,0.075907,-0.0012,7.5,0.10106,-0.0008,7.5,0.09803,-0.0008,7.5,0.15314,-0.0008,7.5,0.15288,-0.0008,7.5,0.15176,-0.0008,7.5,0.14963,-0.0008,7.5,0.1466,-0.0008,7.5,0.20045,-0.0008,7.5,0.20067,-0.0008,7.5,0.19964,-0.0008,7.5,0.19773,-0.0008,7.5,0.19467,-0.0008
7.5,-0.10508,-0.003,7.5,-0.081609,-0.0026,7.5,-0.058389,-0.0022,7.5,-0.01236,-0.0014,7.5,0.007653,-0.001,7.5,-0.020796,-0.002,7.5,0.0065705,-0.0016,7.5,0.0045021,-0.0016,7.5,0.030172,-0.0012,7.5,0.040747,-0.001,7.5,0.061625,-0.0014,7.5,0.060719,-0.0014,7.5,0.086738,-0.001,7.5,0.083734,-0.001,7.5,0.13863,-0.001,7.5,0.13824,-0.001,7.5,0.137,-0.001,7.5,0.13485,-0.001,7.5,0.1318,-0.001,7.5,0.18602,-0.001,7.5,0.18607,-0.001,7.5,0.18494,-0.001,7.5,0.18296,-0.001,7.5,0.1799,-0.001
7.5,-0.1195,-0.0032,7.5,-0.095289,-0.0028,7.5,-0.071312,-0.0024,7.5,-0.023949,-0.0016,7.5,-0.0034022,-0.0012,7.5,-0.036108,-0.0022,7.5,-0.0079636,-0.0018,7.5,-0.01015,-0.0018,7.5,0.016412,-0.0014,7.5,0.027416,-0.0012,7.5,0.04606,-0.0016,7.5,0.044973,-0.0016,7.5,0.071948,-0.0012,7.5,0.068988,-0.0012,7.5,0.12361,-0.0012,7.5,0.1231,-0.0012,7.5,0.12174,-0.0012,7.5,0.11956,-0.0012,7.5,0.11651,-0.0012,7.5,0.17109,-0.0012,7.5,0.17098,-0.0012,7.5,0.16976,-0.0012,7.5,0.1677,-0.0012,7.5,0.16465,-0.0012
7.5,-0.13453,-0.0034,7.5,-0.10951,-0.003,7.5,-0.084661,-0.0026,7.5,-0.035831,-0.0018,7.5,-0.0147,-0.0014,7.5,-0.051999,-0.0024,7.5,-0.022999,-0.002,7.5,-0.025308,-0.002,7.5,0.0022279,-0.0016,7.5,0.013703,-0.0014,7.5,0.029891,-0.0018,7.5,0.028621,-0.0018,7.5,0.056655,-0.0014,7.5,0.053751,-0.0014,7.5,0.10802,-0.0014,7.5,0.10738,-0.0014,7.5,0.10591,-0.0014,7.5,0.10372,-0.0014,7.5,0.10068,-0.0014,7.5,0.15563,-0.0014,7.5,0.15535,-0.0014,7.5,0.15405,-0.0014,7.5,0.15192,-0.0014,7.5,0.14889,-0.0014
7.5,-0.15022,-0.0036,7.5,-0.12434,-0.0032,7.5,-0.098484,-0.0028,7.5,-0.048033,-0.002,7.5,-0.026261,-0.0016,7.5,-0.068515,-0.0026,7.5,-0.038578,-0.0022,7.5,-0.041015,-0.0022,7.5,-0.012418,-0.0018,7.5,-0.0004241,-0.0016,7.5,0.013067,-0.002,7.5,0.011609,-0.002,7.5,0.040812,-0.0016,7.5,0.037978,-0.0016,7.5,0.091822,-0.0016,7.5,0.091055,-0.0016,7.5,0.089479,-0.0016,7.5,0.087282,-0.0016,7.5,0.084271,-0.0016,7.5,0.13957,-0.0016,7.5,0.13913,-0.0016,7.5,0.13775,-0.0016,7.5,0.13556,-0.0016,7.5,0.13256,-0.0016
7.5,-0.16674,-0.0038,7.5,-0.13993,-0.0034,7.5,-0.11284,-0.003,7.5,-0.060582,-0.0022,7.5,-0.038106,-0.0018,7.5,-0.085701,-0.0028,7.5,-0.054742,-0.0024,7.5,-0.057318,-0.0024,7.5,-0.027566,-0.002,7.5,-0.015003,-0.0018,7.5,-0.0044667,-0.0022,7.5,-0.0061169,-0.0022,7.5,0.024368,-0.0018,7.5,0.021618,-0.0018,7.5,0.074942,-0.0018,7.5,0.074048,-0.0018,7.5,0.072367,-0.0018,7.5,0.070176,-0.0018,7.5,0.06721,-0.0018,7.5,0.12285,-0.0018,7.5,0.12225,-0.0018,7.5,0.1208,-0.0018,7.5,0.11856,-0.0018,7.5,0.11561,-0.0018
7.5,-0.18435,-0.004,7.5,-0.15642,-0.0036,7.5,-0.1278,-0.0032,7.5,-0.073514,-0.0024,7.5,-0.050262,-0.002,7.5,-0.1036,-0.003,7.5,-0.071538,-0.0026,7.5,-0.074269,-0.0026,7.5,-0.043262,-0.0022,7.5,-0.030074,-0.002,7.5,-0.022764,-0.0024,7.5,-0.024613,-0.0024,7.5,0.0072691,-0.002,7.5,0.0046171,-0.002,7.5,0.057321,-0.002,7.5,0.056298,-0.002,7.5,0.054511,-0.002,7.5,0.052336,-0.002,7.5,0.049434,-0.002,7.5,0.1054,-0.002,7.5,0.10465,-0.002,7.5,0.10313,-0.002,7.5,0.10085,-0.002,7.5,0.097962,-0.002
7.5,-0.20434,-0.0042,7.5,-0.17397,-0.0038,7.5,-0.14346,-0.0034,7.5,-0.086867,-0.0026,7.5,-0.062757,-0.0022,7.5,-0.12224,-0.0032,7.5,-0.089012,-0.0028,7.5,-0.091923,-0.0028,7.5,-0.059553,-0.0024,7.5,-0.045682,-0.0022,7.5,-0.041879,-0.0026,7.5,-0.043934,-0.0026,7.5,-0.010545,-0.0022,7.5,-0.013085,-0.0022,7.5,0.038887,-0.0022,7.5,0.037733,-0.0022,7.5,0.035837,-0.0022,7.5,0.033688,-0.0022,7.5,0.03087,-0.0022,7.5,0.087159,-0.0022,7.5,0.086245,-0.0022,7.5,0.084661,-0.0022,7.5,0.082353,-0.0022,7.5,0.079546,-0.0022
7.5,-0.22604,-0.0044,7.5,-0.1928,-0.004,7.5,-0.15999,-0.0036,7.5,-0.10069,-0.0028,7.5,-0.075624,-0.0024,7.5,-0.14166,-0.0034,7.5,-0.10721,-0.003,7.5,-0.11034,-0.003,7.5,-0.076495,-0.0026,7.5,-0.061876,-0.0024,7.5,-0.06186,-0.0028,7.5,-0.06413,-0.0028,7.5,-0.029139,-0.0024,7.5,-0.031554,-0.0024,7.5,0.019566,-0.0024,7.5,0.018276,-0.0024,7.5,0.016266,-0.0024,7.5,0.01415,-0.0024,7.5,0.011436,-0.0024,7.5,0.06803,-0.0024,7.5,0.06695,-0.0024,7.5,0.065314,-0.0024,7.5,0.06298,-0.0024,7.5,0.060274,-0.0024
5,0.035039,-0.0002,7.5,-0.21345,-0.0042,7.5,-0.17758,-0.0038,7.5,-0.11503,-0.003,7.5,-0.088901,-0.0026,7.5,-0.16185,-0.0036,7.5,-0.12617,-0.0032,7.5,-0.12958,-0.0032,7.5,-0.094144,-0.0028,7.5,-0.078712,-0.0026,7.5,-0.082742,-0.003,7.5,-0.085239,-0.003,7.5,-0.048577,-0.0026,7.5,-0.050858,-0.0026,7.5,-0.00071745,-0.0026,7.5,-0.0021483,-0.0026,7.5,-0.0042856,-0.0026,7.5,-0.0063644,-0.0026,7.5,-0.0089542,-0.0026,7.5,0.047926,-0.0026,7.5,0.046675,-0.0026,7.5,0.04499,-0.0026,7.5,0.042637,-0.0026,7.5,0.040054,-0.0026
5,0.024697,-0.0004,7.5,-0.23558,-0.0044,7.5,-0.19645,-0.004,7.5,-0.12995,-0.0032,7.5,-0.10263,-0.0028,7.5,-0.18284,-0.0038,7.5,-0.14592,-0.0034,7.5,-0.14973,-0.0034,7.5,-0.11256,-0.003,7.5,-0.096249,-0.0028,7.5,-0.10454,-0.0032,7.5,-0.10728,-0.0032,7.5,-0.068927,-0.0028,7.5,-0.071067,-0.0028,7.5,-0.022037,-0.0028,7.5,-0.023614,-0.0028,7.5,-0.025899,-0.0028,7.5,-0.027944,-0.0028,7.5,-0.030392,-0.0028,7.5,0.026749,-0.0028,7.5,0.025322,-0.0028,7.5,0.023591,-0.0028,7.5,0.021223,-0.0028,7.5,0.018783,-0.0028
5,0.014135,-0.0006,5,0.034761,-0.0002,7.5,-0.217,-0.0042,7.5,-0.14555,-0.0034,7.5,-0.11687,-0.003,7.5,-0.20469,-0.004,7.5,-0.1665,-0.0036,7.5,-0.17091,-0.0036,7.5,-0.13182,-0.0032,7.5,-0.11455,-0.003,7.5,-0.12725,-0.0034,7.5,-0.13024,-0.0034,7.5,-0.090252,-0.003,7.5,-0.092251,-0.003,7.5,-0.044455,-0.003,7.5,-0.046185,-0.003,7.5,-0.04865,-0.003,7.5,-0.050675,-0.003,7.5,-0.052969,-0.003,7.5,0.004405,-0.003,7.5,0.0027956,-0.003,7.5,0.0010137,-0.003,7.5,-0.0013715,-0.003,7.5,-0.0036494,-0.003
5,0.0033349,-0.0008,5,0.024138,-0.0004,5,0.033882,-0.0002,7.5,-0.16193,-0.0036,7.5,-0.13167,-0.0032,7.5,-0.22775,-0.0042,7.5,-0.18793,-0.0038,7.5,-0.19326,-0.0038,7.5,-0.15199,-0.0034,7.5,-0.13369,-0.0032,7.5,-0.15082,-0.0036,7.5,-0.15408,-0.0036,7.5,-0.11261,-0.0032,7.5,-0.11448,-0.0032,7.5,-0.068013,-0.0032,7.5,-0.069899,-0.0032,7.5,-0.072598,-0.0032,7.5,-0.074633,-0.0032,7.5,-0.07677,-0.0032,7.5,-0.019194,-0.0032,7.5,-0.02099,-0.0032,7.5,-0.022838,-0.0032,7.5,-0.025253,-0.0032,7.5,-0.027355,-0.0032
5,-0.0077234,-0.001,5,0.01329,-0.0006,5,0.023104,-0.0004,7.5,-0.17926,-0.0038,7.5,-0.14711,-0.0034,7.5,-0.25191,-0.0044,7.5,-0.21033,-0.004,7.5,-0.21685,-0.004,7.5,-0.17316,-0.0036,7.5,-0.15374,-0.0034,7.5,-0.17513,-0.0038,7.5,-0.1787,-0.0038,7.5,-0.13603,-0.0034,7.5,-0.13779,-0.0034,7.5,-0.092717,-0.0034,7.5,-0.094763,-0.0034,7.5,-0.097772,-0.0034,7.5,-0.099871,-0.0034,7.5,-0.10186,-0.0034,7.5,-0.044112,-0.0034,7.5,-0.046099,-0.0034,7.5,-0.048045,-0.0034,7.5,-0.050519,-0.0034,7.5,-0.052441,-0.0034
5,-0.019061,-0.0012,5,0.0021999,-0.0008,5,0.0121,-0.0006,7.5,-0.19772,-0.004,7.5,-0.16328,-0.0036,7.5,-0.27935,-0.0046,7.5,-0.23393,-0.0042,7.5,-0.24149,-0.0042,7.5,-0.19544,-0.0038,7.5,-0.17478,-0.0036,7.5,-0.20008,-0.004,7.5,-0.204,-0.004,7.5,-0.16054,-0.0036,7.5,-0.16223,-0.0036,7.5,-0.11851,-0.0036,7.5,-0.12073,-0.0036,7.5,-0.12416,-0.0036,7.5,-0.12641,-0.0036,7.5,-0.12829,-0.0036,7.5,-0.07037,-0.0036,7.5,-0.072553,-0.0036,7.5,-0.074653,-0.0036,7.5,-0.077241,-0.0036,7.5,-0.078996,-0.0036
5,-0.030703,-0.0014,5,-0.0091521,-0.001,5,0.00085288,-0.0008,7.5,-0.21752,-0.0042,7.5,-0.1803,-0.0038,5,0.064097,-0.0002,7.5,-0.25888,-0.0044,7.5,-0.26696,-0.0044,7.5,-0.21896,-0.004,7.5,-0.1969,-0.0038,7.5,-0.22564,-0.0042,7.5,-0.22997,-0.0042,7.5,-0.18615,-0.0038,7.5,-0.1878,-0.0038,7.5,-0.14527,-0.0038,7.5,-0.14768,-0.0038,7.5,-0.15169,-0.0038,7.5,-0.15421,-0.0038,7.5,-0.15603,-0.0038,7.5,-0.097915,-0.0038,7.5,-0.10031,-0.0038,7.5,-0.10265,-0.0038,7.5,-0.10545,-0.0038,7.5,-0.10707,-0.0038
5,-0.042676,-0.0016,5,-0.020788,-0.0012,5,-0.010657,-0.001,7.5,-0.23891,-0.0044,7.5,-0.19834,-0.004,5,0.051274,-0.0004,7.5,-0.28571,-0.0046,7.5,-0.2952,-0.0046,7.5,-0.24379,-0.0042,7.5,-0.2202,-0.004,7.5,-0.25184,-0.0044,7.5,-0.25733,-0.0044,7.5,-0.21284,-0.004,7.5,-0.21447,-0.004,7.5,-0.17277,-0.004,7.5,-0.17544,-0.004,7.5,-0.18023,-0.004,7.5,-0.18319,-0.004,7.5,-0.18504,-0.004,7.5,-0.12659,-0.004,7.5,-0.12925,-0.004,7.5,-0.13197,-0.004,7.5,-0.1351,-0.004,7.5,-0.13666,-0.004
5,-0.055011,-0.0018,5,-0.032732,-0.0014,5,-0.022451,-0.0012,7.5,-0.26271,-0.0046,7.5,-0.21769,-0.0042,5,0.038088,-0.0006,5,0.064192,-0.0002,5,0.063424,-0.0002,7.5,-0.26988,-0.0044,7.5,-0.24481,-0.0042,7.5,-0.27986,-0.0046,7.5,-0.28561,-0.0046,7.5,-0.24054,-0.0042,7.5,-0.24219,-0.0042,7.5,-0.20069,-0.0042,7.5,-0.20382,-0.0042,7.5,-0.20961,-0.0042,7.5,-0.21321,-0.0042,7.5,-0.21517,-0.0042,7.5,-0.15611,-0.0042,7.5,-0.15916,-0.0042,7.5,-0.16245,-0.0042,7.5,-0.1661,-0.0042,7.5,-0.16768,-0.0042
5,-0.067742,-0.002,5,-0.045011,-0.0016,5,-0.034555,-0.0014,7.5,-0.28926,-0.0048,7.5,-0.23882,-0.0044,5,0.024513,-0.0008,5,0.051108,-0.0004,5,0.05021,-0.0004,7.5,-0.29673,-0.0046,7.5,-0.27083,-0.0044,7.5,-0.30642,-0.0048,7.5,-0.31362,-0.0048,7.5,-0.26905,-0.0044,7.5,-0.27091,-0.0044,7.5,-0.22874,-0.0044,7.5,-0.23273,-0.0044,7.5,-0.23963,-0.0044,7.5,-0.24405,-0.0044,7.5,-0.24628,-0.0044,7.5,-0.18608,-0.0044,7.5,-0.18979,-0.0044,7.5,-0.19391,-0.0044,7.5,-0.19826,-0.0044,7.5,-0.19996,-0.0044
5,-0.080906,-0.0022,5,-0.057658,-0.0018,5,-0.046996,-0.0016,5,0.032603,-0.0002,7.5,-0.26193,-0.0046,5,0.010519,-0.001,5,0.037655,-0.0006,5,0.036624,-0.0006,7.5,-0.32408,-0.0048,7.5,-0.29811,-0.0046,5,0.099461,-0.0002,7.5,-0.3411,-0.005,7.5,-0.298,-0.0046,7.5,-0.30053,-0.0046,7.5,-0.25663,-0.0046,7.5,-0.26206,-0.0046,7.5,-0.27003,-0.0046,7.5,-0.27531,-0.0046,7.5,-0.27811,-0.0046,7.5,-0.21603,-0.0046,7.5,-0.22087,-0.0046,7.5,-0.22613,-0.0046,7.5,-0.23135,-0.0046,7.5,-0.23323,-0.0046
5,-0.094548,-0.0024,5,-0.070708,-0.002,5,-0.059805,-0.0018,5,0.021786,-0.0004,7.5,-0.28679,-0.0048,5,-0.0039281,-0.0012,5,0.023804,-0.0008,5,0.022639,-0.0008,7.5,-0.3511,-0.005,7.5,-0.32615,-0.0048,5,0.084831,-0.0004,7.5,-0.36884,-0.0052,7.5,-0.32703,-0.0048,7.5,-0.33069,-0.0048,7.5,-0.28384,-0.0048,7.5,-0.29175,-0.0048,7.5,-0.30102,-0.0048,7.5,-0.30649,-0.0048,7.5,-0.31029,-0.0048,7.5,-0.24553,-0.0048,7.5,-0.25226,-0.0048,7.5,-0.25886,-0.0048,7.5,-0.26493,-0.0048,7.5,-0.26718,-0.0048
5,-0.10871,-0.0026,5,-0.084202,-0.0022,5,-0.073018,-0.002,5,0.010745,-0.0006,7.5,-0.31669,-0.005,5,-0.018862,-0.0014,5,0.0095249,-0.001,5,0.0082205,-0.001,5,0.062004,-0.0002,7.5,-0.35447,-0.005,5,0.069702,-0.0006,7.5,-0.39552,-0.0054,7.5,-0.35585,-0.005,7.5,-0.3606,-0.005,7.5,-0.31034,-0.005,7.5,-0.32208,-0.005,7.5,-0.33121,-0.005,7.5,-0.33722,-0.005,7.5,-0.34226,-0.005,7.5,-0.27427,-0.005,7.5,-0.28396,-0.005,7.5,-0.29188,-0.005,7.5,-0.29837,-0.005,7.5,-0.30147,-0.005
5,-0.12343,-0.0028,5,-0.098191,-0.0024,5,-0.086677,-0.0022,5,-0.00053576,-0.0008,7.5,-0.34278,-0.0052,5,-0.03432,-0.0016,5,-0.0052163,-0.0012,5,-0.0066649,-0.0012,5,0.048767,-0.0004,7.5,-0.38275,-0.0052,5,0.054034,-0.0008,5,0.099878,-0.0002,7.5,-0.38441,-0.0052,7.5,-0.38991,-0.0052,7.5,-0.336,-0.0052,7.5,-0.35219,-0.0052,7.5,-0.36064,-0.0052,5,0.13776,-0.0002,7.5,-0.37389,-0.0052,7.5,-0.3021,-0.0052,7.5,-0.31612,-0.0052,7.5,-0.32493,-0.0052,7.5,-0.33116,-0.0052,7.5,-0.33589,-0.0052
5,-0.13876,-0.003,5,-0.11274,-0.0026,5,-0.10083,-0.0024,5,-0.012077,-0.001,5,0.03099,-0.0002,5,-0.05034,-0.0018,5,-0.020455,-0.0014,5,-0.022056,-0.0014,5,0.035163,-0.0006,5,0.060088,-0.0002,5,0.037784,-0.001,5,0.085032,-0.0004,7.5,-0.24155,-0.0054,7.5,-0.41887,-0.0054,7.5,-0.36084,-0.0054,5,0.13898,-0.0002,7.5,-0.38939,-0.0054,5,0.1218,-0.0004,7.5,-0.4047,-0.0054,7.5,-0.32898,-0.0054,7.5,-0.3479,-0.0054,7.5,-0.35949,-0.0054,7.5,-0.36311,-0.0054,7.5,-0.36944,-0.0054
5,-0.15476,-0.0032,5,-0.12794,-0.0028,5,-0.11554,-0.0026,5,-0.0239,-0.0012,5,0.020175,-0.0004,5,-0.066962,-0.002,5,-0.036229,-0.0016,5,-0.037992,-0.0016,5,0.021161,-0.0008,5,0.046874,-0.0004,5,0.020908,-0.0012,5,0.069682,-0.0006,5,0.097996,-0.0002,5,0.095966,-0.0002,5,0.13846,-0.0002,5,0.12318,-0.0004,5,0.13886,-0.0002,5,0.10524,-0.0006,5,0.13587,-0.0002,5,0.17815,-0.0002,5,0.17926,-0.0002,5,0.17931,-0.0002,5,0.17849,-0.0002,5,0.17651,-0.0002
5,-0.17161,-0.0034,5,-0.14394,-0.003,5,-0.13088,-0.0028,5,-0.03603,-0.0014,5,0.0091435,-0.0006,5,-0.08422,-0.0022,5,-0.052576,-0.0018,5,-0.054517,-0.0018,5,0.0067286,-0.001,5,0.033301,-0.0006,5,0.0033624,-0.0014,5,0.053785,-0.0008,5,0.083,-0.0004,5,0.081002,-0.0004,5,0.12282,-0.0004,5,0.10679,-0.0006,5,0.12293,-0.0004,5,0.088025,-0.0008,5,0.11989,-0.0004,5,0.16216,-0.0004,5,0.16309,-0.0004,5,0.16303,-0.0004,5,0.16214,-0.0004,5,0.16017,-0.0004
5,-0.18941,-0.0036,5,-0.16087,-0.0032,5,-0.14698,-0.003,5,-0.048494,-0.0016,5,-0.0021224,-0.0008,5,-0.10215,-0.0024,5,-0.069537,-0.002,5,-0.071676,-0.002,5,-0.0081705,-0.0012,5,0.019338,-0.0008,5,-0.014898,-0.0016,5,0.037298,-0.001,5,0.067501,-0.0006,5,0.065545,-0.0006,5,0.10659,-0.0006,5,0.089747,-0.0008,5,0.1064,-0.0006,5,0.070099,-0.001,5,0.10333,-0.0006,5,0.14555,-0.0006,5,0.14629,-0.0006,5,0.14613,-0.0006,5,0.14516,-0.0006,5,0.14322,-0.0006
5,-0.20836,-0.0038,5,-0.17886,-0.0034,5,-0.164,-0.0032,5,-0.061323,-0.0018,5,-0.013642,-0.001,5,-0.12077,-0.0026,5,-0.087148,-0.0022,5,-0.089514,-0.0022,5,-0.023576,-0.0014,5,0.0049514,-0.001,5,-0.033913,-0.0018,5,0.020173,-0.0012,5,0.051455,-0.0008,5,0.049552,-0.0008,5,0.089706,-0.0008,5,0.071989,-0.001,5,0.089209,-0.0008,5,0.05139,-0.0012,5,0.086139,-0.0008,5,0.12825,-0.0008,5,0.12879,-0.0008,5,0.12853,-0.0008,5,0.1275,-0.0008,5,0.1256,-0.0008
0,0,0,5,-0.1982,-0.0036,5,-0.18213,-0.0034,5,-0.074553,-0.002,5,-0.025436,-0.0012,5,-0.14008,-0.0028,5,-0.10544,-0.0024,5,-0.10808,-0.0024,5,-0.039529,-0.0016,5,-0.0098946,-0.0012,5,-0.053717,-0.002,5,0.0023645,-0.0014,5,0.034815,-0.001,5,0.032973,-0.001,5,0.072122,-0.001,5,0.053455,-0.0012,5,0.071303,-0.001,5,0.031824,-0.0014,5,0.068242,-0.001,5,0.1102,-0.001,5,0.11054,-0.001,5,0.11017,-0.001,5,0.10908,-0.001,5,0.10723,-0.001
0,0,0,5,-0.21925,-0.0038,5,-0.20155,-0.0036,5,-0.088225,-0.0022,5,-0.037529,-0.0014,5,-0.16008,-0.003,5,-0.12445,-0.0026,5,-0.12742,-0.0026,5,-0.056078,-0.0018,5,-0.02524,-0.0014,5,-0.074328,-0.0022,5,-0.016176,-0.0016,5,0.01753,-0.0012,5,0.015758,-0.0012,5,0.053774,-0.0012,5,0.034079,-0.0014,5,0.052612,-0.0012,5,0.011327,-0.0016,5,0.049573,-0.0012,5,0.091317,-0.0012,5,0.091449,-0.0012,5,0.090972,-0.0012,5,0.089816,-0.0012,5,0.088041,-0.0012
0,0,0,0,0,0,5,-0.22267,-0.0038,5,-0.10239,-0.0024,5,-0.049949,-0.0016,5,-0.18071,-0.0032,5,-0.14417,-0.0028,5,-0.14759,-0.0028,5,-0.07327,-0.002,5,-0.04113,-0.0016,5,-0.095749,-0.0024,5,-0.035491,-0.0018,5,-0.00045391,-0.0014,5,-0.0021511,-0.0014,5,0.034602,-0.0014,5,0.013799,-0.0016,5,0.033066,-0.0014,5,-0.010175,-0.0018,5,0.03006,-0.0014,5,0.071533,-0.0014,5,0.071435,-0.0014,5,0.07084,-0.0014,5,0.069627,-0.0014,5,0.067933,-0.0014
0,0,0,0,0,0,5,-0.24537,-0.004,5,-0.1171,-0.0026,5,-0.062725,-0.0018,5,-0.20196,-0.0034,5,-0.16462,-0.003,5,-0.16867,-0.003,5,-0.091156,-0.0022,5,-0.05761,-0.0018,5,-0.11795,-0.0026,5,-0.055616,-0.002,5,-0.019193,-0.0016,5,-0.020811,-0.0016,5,0.014547,-0.0016,5,-0.0074442,-0.0018,5,0.012594,-0.0016,5,-0.032749,-0.002,5,0.0096225,-0.0016,5,0.050767,-0.0016,5,0.050414,-0.0016,5,0.04969,-0.0016,5,0.048417,-0.0016,5,0.046816,-0.0016
0,0,0,0,0,0,0,0,0,5,-0.13243,-0.0028,5,-0.075895,-0.002,5,-0.22392,-0.0036,5,-0.18579,-0.0032,5,-0.19078,-0.0032,5,-0.10979,-0.0024,5,-0.074734,-0.002,5,-0.14087,-0.0028,5,-0.076573,-0.0022,5,-0.038743,-0.0018,5,-0.040284,-0.0018,5,-0.0064424,-0.0018,5,-0.029695,-0.002,5,-0.0088688,-0.0018,5,-0.056445,-0.0022,5,-0.011816,-0.0018,5,0.028941,-0.0018,5,0.028303,-0.0018,5,0.02743,-0.0018,5,0.026088,-0.0018,5,0.02459,-0.0018
0,0,0,0,0,0,0,0,0,5,-0.14847,-0.003,5,-0.089497,-0.0022,5,-0.24659,-0.0038,5,-0.20768,-0.0034,5,-0.21394,-0.0034,5,-0.12922,-0.0026,5,-0.092557,-0.0022,5,-0.16441,-0.003,5,-0.098365,-0.0024,5,-0.059156,-0.002,5,-0.060627,-0.002,5,-0.028408,-0.002,5,-0.052976,-0.0022,5,-0.03138,-0.002,5,-0.081288,-0.0024,5,-0.034332,-0.002,5,0.0059899,-0.002,5,0.0050272,-0.002,5,0.0039761,-0.002,5,0.0025496,-0.002,5,0.0011565,-0.002
0,0,0,0,0,0,0,0,0,5,-0.16535,-0.0032,5,-0.10358,-0.0024,5,-0.26983,-0.004,5,-0.23042,-0.0036,5,-0.23801,-0.0036,5,-0.14951,-0.0028,5,-0.11114,-0.0024,5,-0.18842,-0.0032,5,-0.12096,-0.0026,5,-0.080476,-0.0022,5,-0.081896,-0.0022,5,-0.051368,-0.0022,5,-0.077276,-0.0024,5,-0.054975,-0.0022,5,-0.10726,-0.0026,5,-0.057986,-0.0022,5,-0.018131,-0.0022,5,-0.019465,-0.0022,5,-0.020736,-0.0022,5,-0.02228,-0.0022,5,-0.023575,-0.0022
0,0,0,0,0,0,0,0,0,5,-0.18323,-0.0034,5,-0.1182,-0.0026,5,-0.29406,-0.0042,5,-0.25407,-0.0038,5,-0.2627,-0.0038,5,-0.17072,-0.003,5,-0.13053,-0.0026,5,-0.21272,-0.0034,5,-0.14431,-0.0028,5,-0.10274,-0.0024,5,-0.10413,-0.0024,5,-0.075309,-0.0024,5,-0.10253,-0.0026,5,-0.079659,-0.0024,5,-0.1343,-0.0028,5,-0.082821,-0.0024,5,-0.043431,-0.0024,5,-0.045189,-0.0024,5,-0.046737,-0.0024,5,-0.048451,-0.0024,5,-0.049673,-0.0024
0,0,0,0,0,0,0,0,0,5,-0.20231,-0.0036,5,-0.13341,-0.0028,0,0,0,5,-0.27886,-0.004,5,-0.2878,-0.004,5,-0.19291,-0.0032,5,-0.1508,-0.0028,5,-0.23718,-0.0036,5,-0.16829,-0.003,5,-0.12594,-0.0026,5,-0.12737,-0.0026,5,-0.10017,-0.0026,5,-0.12864,-0.0028,5,-0.10539,-0.0026,5,-0.16227,-0.003,5,-0.10884,-0.0026,5,-0.069867,-0.0026,5,-0.072102,-0.0026,5,-0.074006,-0.0026,5,-0.075967,-0.0026,5,-0.077164,-0.0026
0,0,0,0,0,0,0,0,0,5,-0.22275,-0.0038,5,-0.14931,-0.003,0,0,0,5,-0.30544,-0.0042,5,-0.31318,-0.0042,5,-0.21618,-0.0034,5,-0.172,-0.003,5,-0.26189,-0.0038,5,-0.19277,-0.0032,5,-0.15009,-0.0028,5,-0.15159,-0.0028,5,-0.12585,-0.0028,5,-0.1554,-0.003,5,-0.13208,-0.0028,5,-0.191,-0.0032,5,-0.136,-0.0028,5,-0.097324,-0.0028,5,-0.10009,-0.0028,5,-0.10244,-0.0028,5,-0.10477,-0.0028,5,-0.10601,-0.0028
0,0,0,0,0,0,0,0,0,5,-0.24477,-0.004,5,-0.16598,-0.0032,0,0,0,0,0,0,0,0,0,5,-0.24055,-0.0036,5,-0.19418,-0.0032,5,-0.28679,-0.004,5,-0.21759,-0.0034,5,-0.17513,-0.003,5,-0.17678,-0.003,5,-0.15217,-0.003,5,-0.18262,-0.0032,5,-0.15958,-0.003,5,-0.22028,-0.0034,5,-0.1642,-0.003,5,-0.12561,-0.003,5,-0.12895,-0.003,5,-0.13187,-0.003,5,-0.1347,-0.003,5,-0.1361,-0.003
0,0,0,0,0,0,0,0,0,5,-0.26926,-0.0042,5,-0.18356,-0.0034,0,0,0,0,0,0,0,0,0,5,-0.26587,-0.0038,5,-0.21743,-0.0034,5,-0.3122,-0.0042,5,-0.24263,-0.0036,5,-0.20099,-0.0032,5,-0.20286,-0.0032,5,-0.17891,-0.0032,5,-0.21004,-0.0034,5,-0.18768,-0.0032,5,-0.24988,-0.0036,5,-0.19326,-0.0032,5,-0.15444,-0.0032,5,-0.1584,-0.0032,5,-0.16202,-0.0032,5,-0.16554,-0.0032,5,-0.16723,-0.0032
0,0,0,0,0,0,0,0,0,5,-0.29556,-0.0044,5,-0.20226,-0.0036,0,0,0,0,0,0,0,0,0,5,-0.29196,-0.004,5,-0.24181,-0.0036,5,-0.33726,-0.0044,5,-0.26821,-0.0038,5,-0.2276,-0.0034,5,-0.22974,-0.0034,5,-0.20578,-0.0034,5,-0.23744,-0.0036,5,-0.21616,-0.0034,5,-0.27953,-0.0038,5,-0.22299,-0.0034,5,-0.1835,-0.0034,5,-0.18814,-0.0034,5,-0.19259,-0.0034,5,-0.197,-0.0034,5,-0.19911,-0.0034
0,0,0,0,0,0,0,0,0,5,-0.32212,-0.0046,5,-0.22246,-0.0038,0,0,0,0,0,0,0,0,0,5,-0.31831,-0.0042,5,-0.26739,-0.0038,0,0,0,5,-0.29517,-0.004,5,-0.25481,-0.0036,5,-0.25731,-0.0036,5,-0.23252,-0.0036,5,-0.26474,-0.0038,5,-0.24481,-0.0036,5,-0.30891,-0.004,5,-0.25314,-0.0036,5,-0.21242,-0.0036,5,-0.21785,-0.0036,5,-0.22327,-0.0036,5,-0.22878,-0.0036,5,-0.23141,-0.0036
0,0,0,0,0,0,0,0,0,0,0,0,5,-0.24452,-0.004,0,0,0,0,0,0,0,0,0,5,-0.34498,-0.0044,5,-0.29403,-0.004,0,0,0,5,-0.32163,-0.0042,5,-0.2824,-0.0038,5,-0.28541,-0.0038,5,-0.25886,-0.0038,5,-0.29192,-0.004,5,-0.27343,-0.0038,5,-0.3377,-0.0042,5,-0.28349,-0.0038,5,-0.24089,-0.0038,5,-0.24728,-0.0038,5,-0.25382,-0.0038,5,-0.2606,-0.0038,5,-0.26381,-0.0038
0,0,0,0,0,0,0,0,0,0,0,0,5,-0.2681,-0.0042,0,0,0,0,0,0,0,0,0,0,0,0,5,-0.32129,-0.0042,0,0,0,5,-0.34731,-0.0044,5,-0.31004,-0.004,5,-0.31389,-0.004,5,-0.28475,-0.004,5,-0.31896,-0.0042,5,-0.30183,-0.004,5,-0.36574,-0.0044,5,-0.31377,-0.004,5,-0.26864,-0.004,5,-0.27627,-0.004,5,-0.28409,-0.004,5,-0.29216,-0.004,5,-0.296,-0.004
0,0,0,0,0,0,0,0,0,0,0,0,5,-0.29464,-0.0044,0,0,0,0,0,0,0,0,0,0,0,0,5,-0.34868,-0.0044,0,0,0,5,-0.3721,-0.0046,5,-0.33746,-0.0042,5,-0.34255,-0.0042,5,-0.31003,-0.0042,5,-0.34598,-0.0044,5,-0.32988,-0.0042,5,-0.39311,-0.0046,5,-0.34371,-0.0042,5,-0.29551,-0.0042,5,-0.30482,-0.0042,5,-0.314,-0.0042,5,-0.32313,-0.0042,5,-0.32774,-0.0042
0,0,0,0,0,0,0,0,0,0,0,0,5,-0.32237,-0.0046,0,0,0,0,0,0,0,0,0,0,0,0,5,-0.37609,-0.0046,0,0,0,5,-0.39636,-0.0048,5,-0.3645,-0.0044,5,-0.37077,-0.0044,5,-0.33445,-0.0044,5,-0.37285,-0.0046,5,-0.35775,-0.0044,5,-0.41985,-0.0048,5,-0.37303,-0.0044,5,-0.32146,-0.0044,5,-0.33301,-0.0044,5,-0.34353,-0.0044,5,-0.35335,-0.0044,5,-0.35886,-0.0044
0,0,0,0,0,0,0,0,0,0,0,0,0,0,0,0,0,0,0,0,0,0,0,0,0,0,0,0,0,0,0,0,0,0,0,0,0,0,0,5,-0.39825,-0.0046,5,-0.35813,-0.0046,5,-0.39901,-0.0048,5,-0.38432,-0.0046,0,0,0,5,-0.40208,-0.0046,5,-0.34647,-0.0046,5,-0.36105,-0.0046,5,-0.3725,-0.0046,5,-0.38242,-0.0046,5,-0.38908,-0.0046
0,0,0,0,0,0,0,0,0,0,0,0,0,0,0,0,0,0,0,0,0,0,0,0,0,0,0,0,0,0,0,0,0,0,0,0,0,0,0,5,-0.42504,-0.0048,5,-0.38107,-0.0048,5,-0.42539,-0.005,5,-0.41098,-0.0048,0,0,0,5,-0.43004,-0.0048,5,-0.37061,-0.0048,5,-0.38902,-0.0048,5,-0.40098,-0.0048,5,-0.4103,-0.0048,5,-0.41882,-0.0048
0,0,0,0,0,0,0,0,0,0,0,0,0,0,0,0,0,0,0,0,0,0,0,0,0,0,0,0,0,0,0,0,0,0,0,0,0,0,0,5,-0.45132,-0.005,5,-0.40335,-0.005,0,0,0,5,-0.43005,-0.005,0,0,0,5,-0.45752,-0.005,5,-0.39397,-0.005,5,-0.41607,-0.005,5,-0.4304,-0.005,5,-0.43894,-0.005,5,-0.44716,-0.005
0,0,0,0,0,0,0,0,0,0,0,0,0,0,0,0,0,0,0,0,0,0,0,0,0,0,0,0,0,0,0,0,0,0,0,0,0,0,0,5,-0.47757,-0.0052,5,-0.42528,-0.0052,0,0,0,0,0,0,0,0,0,5,-0.48374,-0.0052,5,-0.41665,-0.0052,5,-0.44203,-0.0052,0,0,0,0,0,0,5,-0.47481,-0.0052
