15,0.0020351,0.0002,15,0.0020618,0.0002,15,0.00057195,0.0002,15,0.0022014,0.0002,15,0.0072884,0.0002,15,0.0047904,0.0002,15,0.0048084,0.0002,15,0.005496,0.0002,15,0.0028836,0.0002,15,0.0045086,0.0002,15,0.0045183,0.0002,15,0.0059969,0.0002,15,0.0058568,0.0002,15,0.0076678,0.0002,15,0.00412,0.0002,15,0.0059363,0.0002,15,0.0051089,0.0002,15,0.0061416,0.0002,15,0.0066385,0.0002,15,0.0042883,0.0002,15,0.0054444,0.0002,15,0.0066452,0.0002,15,0.0051246,0.0002,15,0.0064285,0.0002
15,0.0061968,0.0004,15,0.0066787,0.0004,15,0.0056101,0.0004,15,0.0075524,0.0004,15,0.013088,0.0004,15,0.009105,0.0004,15,0.0092208,0.0004,15,0.010213,0.0004,15,0.0078441,0.0004,15,0.0098836,0.0004,15,0.0086727,0.0004,15,0.010421,0.0004,15,0.01072,0.0004,15,0.012711,0.0004,15,0.0086903,0.0004,15,0.010325,0.0004,15,0.010083,0.0004,15,0.010878,0.0004,15,0.011518,0.0004,15,0.0084876,0.0004,15,0.010225,0.0004,15,0.011192,0.0004,15,0.010223,0.0004,15,0.011224,0.0004
15,0.010315,0.0006,15,0.011207,0.0006,15,0.010583,0.0006,15,0.012847,0.0006,15,0.01885,0.0006,15,0.013524,0.0006,15,0.013894,0.0006,15,0.015241,0.0006,15,0.013147,0.0006,15,0.015488,0.0006,15,0.013146,0.0006,15,0.015192,0.0006,15,0.015982,0.0006,15,0.018181,0.0006,15,0.013354,0.0006,15,0.015093,0.0006,15,0.015221,0.0006,15,0.016081,0.0006,15,0.016909,0.0006,15,0.013047,0.0006,15,0.015139,0.0006,15,0.016191,0.0006,15,0.015536,0.0006,15,0.016556,0.0006
15,0.014425,0.0008,15,0.015716,0.0008,15,0.015543,0.0008,15,0.01813,0.0008,15,0.024604,0.0008,15,0.017925,0.0008,15,0.018578,0.0008,15,0.020268,0.0008,15,0.018442,0.0008,15,0.021035,0.0008,15,0.01765,0.0008,15,0.019989,0.0008,15,0.021247,0.0008,15,0.02364,0.0008,15,0.017991,0.0008,15,0.019892,0.0008,15,0.020318,0.0008,15,0.021297,0.0008,15,0.022302,0.0008,15,0.017644,0.0008,15,0.020018,0.0008,15,0.021213,0.0008,15,0.020794,0.0008,15,0.021889,0.0008
15,0.018533,0.001,15,0.020221,0.001,15,0.0205,0.001,15,0.023411,0.001,15,0.030357,0.001,15,0.022343,0.001,15,0.023301,0.001,15,0.025345,0.001,15,0.023795,0.001,15,0.026635,0.001,15,0.022199,0.001,15,0.024837,0.001,15,0.026584,0.001,15,0.029178,0.001,15,0.022653,0.001,15,0.024751,0.001,15,0.025458,0.001,15,0.026594,0.001,15,0.027787,0.001,15,0.022296,0.001,15,0.024935,0.001,15,0.026312,0.001,15,0.026113,0.001,15,0.027322,0.001
15,0.022643,0.0012,15,0.024728,0.0012,15,0.025458,0.0012,15,0.028693,0.0012,15,0.036113,0.0012,15,0.026752,0.0012,15,0.028018,0.0012,15,0.030408,0.0012,15,0.029128,0.0012,15,0.032201,0.0012,15,0.026746,0.0012,15,0.02968,0.0012,15,0.0319,0.0012,15,0.034688,0.0012,15,0.027301,0.0012,15,0.029602,0.0012,15,0.030572,0.0012,15,0.03187,0.0012,15,0.033244,0.0012,15,0.026945,0.0012,15,0.029828,0.0012,15,0.031394,0.0012,15,0.031395,0.0012,15,0.032725,0.0012
15,0.026758,0.0014,15,0.029238,0.0014,15,0.030421,0.0014,15,0.033979,0.0014,15,0.041872,0.0014,15,0.031173,0.0014,15,0.032757,0.0014,15,0.0355,0.0014,15,0.034495,0.0014,15,0.037802,0.0014,15,0.031314,0.0014,15,0.034549,0.0014,15,0.037255,0.0014,15,0.040243,0.0014,15,0.031966,0.0014,15,0.034483,0.0014,15,0.035715,0.0014,15,0.037189,0.0014,15,0.038751,0.0014,15,0.03162,0.0014,15,0.034747,0.0014,15,0.036516,0.0014,15,0.036715,0.0014,15,0.038181,0.0014
15,0.030878,0.0016,15,0.033756,0.0016,15,0.035389,0.0016,15,0.03927,0.0016,15,0.047635,0.0016,15,0.035589,0.0016,15,0.037492,0.0016,15,0.040581,0.0016,15,0.039846,0.0016,15,0.04338,0.0016,15,0.035879,0.0016,15,0.039411,0.0016,15,0.042593,0.0016,15,0.045775,0.0016,15,0.036622,0.0016,15,0.039355,0.0016,15,0.04084,0.0016,15,0.042489,0.0016,15,0.044234,0.0016,15,0.036288,0.0016,15,0.03965,0.0016,15,0.041622,0.0016,15,0.042009,0.0016,15,0.043611,0.0016
15,0.035004,0.0018,15,0.038281,0.0018,15,0.040364,0.0018,15,0.044567,0.0018,15,0.053404,0.0018,15,0.040017,0.0018,15,0.042244,0.0018,15,0.045684,0.0018,15,0.045222,0.0018,15,0.048987,0.0018,15,0.04046,0.0018,15,0.044292,0.0018,15,0.047958,0.0018,15,0.051339,0.0018,15,0.041292,0.0018,15,0.044247,0.0018,15,0.045986,0.0018,15,0.047819,0.0018,15,0.049752,0.0018,15,0.040974,0.0018,15,0.044572,0.0018,15,0.046756,0.0018,15,0.047333,0.0018,15,0.049078,0.0018
15,0.039139,0.002,15,0.042815,0.002,15,0.045347,0.002,15,0.049871,0.002,15,0.05918,0.002,15,0.044442,0.002,15,0.046993,0.002,15,0.05078,0.002,15,0.050586,0.002,15,0.054576,0.002,15,0.045039,0.002,15,0.049168,0.002,15,0.05331,0.002,15,0.056886,0.002,15,0.045956,0.002,15,0.049133,0.002,15,0.05112,0.002,15,0.053134,0.002,15,0.055251,0.002,15,0.045654,0.002,15,0.049483,0.002,15,0.051876,0.002,15,0.052637,0.002,15,0.054525,0.002
15,0.043282,0.0022,15,0.04736,0.0022,15,0.05034,0.0022,15,0.055184,0.0022,15,0.064963,0.0022,15,0.048879,0.0022,15,0.051759,0.0022,15,0.055895,0.0022,15,0.055972,0.0022,15,0.060191,0.0022,15,0.049631,0.0022,15,0.05406,0.0022,15,0.058685,0.0022,15,0.062458,0.0022,15,0.050633,0.0022,15,0.054034,0.0022,15,0.056273,0.0022,15,0.058473,0.0022,15,0.060778,0.0022,15,0.050349,0.0022,15,0.05441,0.0022,15,0.057019,0.0022,15,0.057965,0.0022,15,0.060003,0.0022
15,0.047434,0.0024,15,0.051916,0.0024,15,0.055342,0.0024,15,0.06051,0.0024,15,0.070753,0.0024,15,0.053317,0.0024,15,0.056524,0.0024,15,0.061007,0.0024,15,0.06135,0.0024,15,0.065793,0.0024,15,0.054223,0.0024,15,0.058949,0.0024,15,0.064049,0.0024,15,0.068018,0.0024,15,0.055307,0.0024,15,0.058931,0.0024,15,0.061417,0.0024,15,0.063801,0.0024,15,0.06629,0.0024,15,0.055039,0.0024,15,0.05933,0.0024,15,0.062152,0.0024,15,0.063279,0.0024,15,0.065464,0.0024
15,0.051597,0.0026,15,0.056484,0.0026,15,0.060358,0.0026,15,0.065837,0.0026,15,0.076559,0.0026,15,0.057767,0.0026,15,0.061304,0.0026,15,0.066135,0.0026,15,0.066746,0.0026,15,0.071417,0.0026,15,0.058828,0.0026,15,0.063853,0.0026,15,0.069433,0.0026,15,0.0736,0.0026,15,0.059993,0.0026,15,0.063843,0.0026,15,0.066577,0.0026,15,0.069149,0.0026,15,0.071827,0.0026,15,0.059743,0.0026,15,0.064264,0.0026,15,0.067304,0.0026,15,0.068614,0.0026,15,0.070951,0.0026
15,0.055772,0.0028,15,0.061065,0.0028,15,0.065379,0.0028,15,0.071183,0.0028,15,0.082361,0.0028,15,0.062219,0.0028,15,0.066087,0.0028,15,0.071263,0.0028,15,0.072138,0.0028,15,0.077033,0.0028,15,0.063433,0.0028,15,0.068755,0.0028,15,0.07481,0.0028,15,0.079172,0.0028,15,0.064677,0.0028,15,0.068752,0.0028,15,0.071732,0.0028,15,0.074489,0.0028,15,0.077352,0.0028,15,0.064444,0.0028,15,0.069193,0.0028,15,0.072449,0.0028,15,0.073939,0.0028,15,0.076425,0.0028
15,0.059955,0.003,15,0.065662,0.003,15,0.070418,0.003,15,0.076532,0.003,15,0.088184,0.003,15,0.066684,0.003,15,0.070884,0.003,15,0.076407,0.003,15,0.077548,0.003,15,0.08267,0.003,15,0.068051,0.003,15,0.073671,0.003,15,0.080205,0.003,15,0.084765,0.003,15,0.069373,0.003,15,0.073674,0.003,15,0.076902,0.003,15,0.079848,0.003,15,0.082899,0.003,15,0.069156,0.003,15,0.074135,0.003,15,0.077611,0.003,15,0.079282,0.003,15,0.081922,0.003
15,0.064154,0.0032,15,0.070269,0.0032,15,0.075464,0.0032,15,0.081901,0.0032,15,0.094007,0.0032,15,0.071153,0.0032,15,0.075685,0.0032,15,0.081552,0.0032,15,0.082955,0.0032,15,0.088302,0.0032,15,0.072672,0.0032,15,0.078588,0.0032,15,0.085595,0.0032,15,0.090351,0.0032,15,0.07407,0.0032,15,0.078595,0.0032,15,0.082068,0.0032,15,0.085202,0.0032,15,0.088437,0.0032,15,0.073868,0.0032,15,0.079074,0.0032,15,0.082768,0.0032,15,0.084618,0.0032,15,0.087411,0.0032
15,0.068361,0.0034,15,0.074894,0.0034,15,0.080529,0.0034,15,0.087276,0.0034,15,0.09985,0.0034,15,0.075636,0.0034,15,0.080501,0.0034,15,0.086714,0.0034,15,0.088379,0.0034,15,0.093953,0.0034,15,0.077305,0.0034,15,0.083518,0.0034,15,0.091002,0.0034,15,0.095956,0.0034,15,0.078779,0.0034,15,0.083529,0.0034,15,0.08725,0.0034,15,0.090573,0.0034,15,0.093996,0.0034,15,0.078591,0.0034,15,0.084027,0.0034,15,0.087941,0.0034,15,0.089971,0.0034,15,0.09292,0.0034
15,0.072584,0.0036,15,0.07953,0.0036,15,0.085602,0.0036,15,0.092667,0.0036,15,0.1057,0.0036,15,0.080124,0.0036,15,0.085323,0.0036,15,0.091878,0.0036,15,0.093803,0.0036,15,0.099602,0.0036,15,0.081943,0.0036,15,0.08845,0.0036,15,0.096407,0.0036,15,0.10156,0.0036,15,0.083489,0.0036,15,0.088463,0.0036,15,0.092429,0.0036,15,0.09594,0.0036,15,0.099548,0.0036,15,0.083315,0.0036,15,0.088978,0.0036,15,0.093111,0.0036,15,0.09532,0.0036,15,0.098422,0.0036
15,0.076818,0.0038,15,0.084184,0.0038,15,0.090691,0.0038,15,0.098076,0.0038,15,0.11156,0.0038,15,0.084627,0.0038,15,0.090161,0.0038,15,0.097059,0.0038,15,0.099244,0.0038,15,0.10527,0.0038,15,0.086593,0.0038,15,0.093396,0.0038,15,0.10183,0.0038,15,0.10717,0.0038,15,0.088211,0.0038,15,0.09341,0.0038,15,0.097624,0.0038,15,0.10132,0.0038,15,0.10512,0.0038,15,0.08805,0.0038,15,0.093942,0.0038,15,0.098297,0.0038,15,0.10068,0.0038,15,0.10395,0.0038
15,0.081067,0.004,15,0.08885,0.004,15,0.095794,0.004,15,0.10349,0.004,15,0.11743,0.004,15,0.089137,0.004,15,0.095005,0.004,15,0.10224,0.004,15,0.10469,0.004,15,0.11094,0.004,15,0.091248,0.004,15,0.098346,0.004,15,0.10725,0.004,15,0.11279,0.004,15,0.092936,0.004,15,0.098359,0.004,15,0.10282,0.004,15,0.10671,0.004,15,0.11069,0.004,15,0.092787,0.004,15,0.098906,0.004,15,0.10348,0.004,15,0.10605,0.004,15,0.10946,0.004
15,0.085327,0.0042,15,0.093535,0.0042,15,0.10092,0.0042,15,0.10893,0.0042,15,0.12332,0.0042,15,0.093662,0.0042,15,0.099865,0.0042,15,0.10745,0.0042,15,0.11015,0.0042,15,0.11662,0.0042,15,0.095916,0.0042,15,0.10331,0.0042,15,0.11268,0.0042,15,0.11842,0.0042,15,0.097674,0.0042,15,0.10332,0.0042,15,0.10803,0.0042,15,0.11211,0.0042,15,0.11627,0.0042,15,0.097536,0.0042,15,0.10388,0.0042,15,0.10868,0.0042,15,0.11143,0.0042,15,0.115,0.0042
15,0.089603,0.0044,15,0.098232,0.0044,15,0.10605,0.0044,15,0.11438,0.0044,15,0.12923,0.0044,15,0.098196,0.0044,15,0.10473,0.0044,15,0.11265,0.0044,15,0.11561,0.0044,15,0.12231,0.0044,15,0.10059,0.0044,15,0.10828,0.0044,15,0.11812,0.0044,15,0.12405,0.0044,15,0.10242,0.0044,15,0.10829,0.0044,15,0.11324,0.0044,15,0.1175,0.0044,15,0.12186,0.0044,15,0.10229,0.0044,15,0.10886,0.0044,15,0.11388,0.0044,15,0.1168,0.0044,15,0.12054,0.0044
15,0.093891,0.0046,15,0.10295,0.0046,15,0.1112,0.0046,15,0.11985,0.0046,15,0.13514,0.0046,15,0.10274,0.0046,15,0.10962,0.0046,15,0.11788,0.0046,15,0.12109,0.0046,15,0.12802,0.0046,15,0.10528,0.0046,15,0.11326,0.0046,15,0.12357,0.0046,15,0.1297,0.0046,15,0.10717,0.0046,15,0.11326,0.0046,15,0.11846,0.0046,15,0.12292,0.0046,15,0.12746,0.0046,15,0.10705,0.0046,15,0.11385,0.0046,15,0.11909,0.0046,15,0.1222,0.0046,15,0.12609,0.0046
15,0.098194,0.0048,15,0.10767,0.0048,15,0.11636,0.0048,15,0.12533,0.0048,15,0.14107,0.0048,15,0.1073,0.0048,15,0.11451,0.0048,15,0.12311,0.0048,15,0.12657,0.0048,15,0.13373,0.0048,15,0.10998,0.0048,15,0.11825,0.0048,15,0.12903,0.0048,15,0.13536,0.0048,15,0.11193,0.0048,15,0.11824,0.0048,15,0.12369,0.0048,15,0.12834,0.0048,15,0.13306,0.0048,15,0.11182,0.0048,15,0.11885,0.0048,15,0.12431,0.0048,15,0.12759,0.0048,15,0.13164,0.0048
15,0.10251,0.005,15,0.11242,0.005,15,0.12155,0.005,15,0.13083,0.005,15,0.14701,0.005,15,0.11188,0.005,15,0.11942,0.005,15,0.12836,0.005,15,0.13207,0.005,15,0.13946,0.005,15,0.11469,0.005,15,0.12325,0.005,15,0.1345,0.005,15,0.14102,0.005,15,0.1167,0.005,15,0.12324,0.005,15,0.12893,0.005,15,0.13377,0.005,15,0.13868,0.005,15,0.1166,0.005,15,0.12386,0.005,15,0.12954,0.005,15,0.133,0.005,15,0.13722,0.005
15,0.10684,0.0052,15,0.11718,0.0052,15,0.12674,0.0052,15,0.13635,0.0052,15,0.15298,0.0052,15,0.11646,0.0052,15,0.12435,0.0052,15,0.13362,0.0052,15,0.13758,0.0052,15,0.1452,0.0052,15,0.1194,0.0052,15,0.12826,0.0052,15,0.13998,0.0052,15,0.14669,0.0052,15,0.12148,0.0052,15,0.12824,0.0052,15,0.13418,0.0052,15,0.13921,0.0052,15,0.14431,0.0052,15,0.12138,0.0052,15,0.12887,0.0052,15,0.13478,0.0052,15,0.13842,0.0052,15,0.14279,0.0052
15,0.11119,0.0054,15,0.12195,0.0054,15,0.13196,0.0054,15,0.14189,0.0054,15,0.15895,0.0054,15,0.12107,0.0054,15,0.12929,0.0054,15,0.1389,0.0054,15,0.14311,0.0054,15,0.15095,0.0054,15,0.12414,0.0054,15,0.13328,0.0054,15,0.14547,0.0054,15,0.15238,0.0054,15,0.12627,0.0054,15,0.13326,0.0054,15,0.13944,0.0054,15,0.14466,0.0054,15,0.14994,0.0054,15,0.12618,0.0054,15,0.1339,0.0054,15,0.14003,0.0054,15,0.14385,0.0054,15,0.14838,0.0054
15,0.11555,0.0056,15,0.12674,0.0056,15,0.13719,0.0056,15,0.14744,0.0056,15,0.16495,0.0056,15,0.12568,0.0056,15,0.13424,0.0056,15,0.14418,0.0056,15,0.14864,0.0056,15,0.15671,0.0056,15,0.12888,0.0056,15,0.13831,0.0056,15,0.15096,0.0056,15,0.15807,0.0056,15,0.13107,0.0056,15,0.13828,0.0056,15,0.14471,0.0056,15,0.15012,0.0056,15,0.15559,0.0056,15,0.13098,0.0056,15,0.13893,0.0056,15,0.14528,0.0056,15,0.14928,0.0056,15,0.15398,0.0056
15,0.11992,0.0058,15,0.13155,0.0058,15,0.14244,0.0058,15,0.15301,0.0058,15,0.17096,0.0058,15,0.13031,0.0058,15,0.13921,0.0058,15,0.14949,0.0058,15,0.15419,0.0058,15,0.1625,0.0058,15,0.13364,0.0058,15,0.14336,0.0058,15,0.15648,0.0058,15,0.16378,0.0058,15,0.13588,0.0058,15,0.14331,0.0058,15,0.15,0.0058,15,0.1556,0.0058,15,0.16125,0.0058,15,0.1358,0.0058,15,0.14397,0.0058,15,0.15055,0.0058,15,0.15473,0.0058,15,0.15959,0.0058
15,0.12431,0.006,15,0.13638,0.006,15,0.1477,0.006,15,0.1586,0.006,15,0.17699,0.006,15,0.13495,0.006,15,0.14419,0.006,15,0.1548,0.006,15,0.15975,0.006,15,0.16829,0.006,15,0.13841,0.006,15,0.14842,0.006,15,0.162,0.006,15,0.1695,0.006,15,0.1407,0.006,15,0.14835,0.006,15,0.15529,0.006,15,0.16108,0.006,15,0.16692,0.006,15,0.14063,0.006,15,0.14903,0.006,15,0.15583,0.006,15,0.16019,0.006,15,0.16521,0.006
12.5,0.0013339,0.0002,12.5,0.0013667,0.0002,12.5,1.9759e-05,0.0002,12.5,0.0016379,0.0002,12.5,0.0076405,0.0002,12.5,0.0055902,0.0002,12.5,0.0041853,0.0002,12.5,0.0048232,0.0002,12.5,0.0020327,0.0002,12.5,0.0049207,0.0002,12.5,0.0038728,0.0002,12.5,0.0055182,0.0002,12.5,0.0054202,0.0002,12.5,0.0075117,0.0002,12.5,0.005644,0.0002,12.5,0.0054687,0.0002,12.5,0.0069341,0.0002,12.5,0.005724,0.0002,12.5,0.0062657,0.0002,12.5,0.0037559,0.0002,12.5,0.00746,0.0002,12.5,0.0063943,0.0002,12.5,0.0071173,0.0002,12.5,0.0060649,0.0002
12.5,0.0053401,0.0004,12.5,0.0059191,0.0004,12.5,0.0049268,0.0004,12.5,0.0070671,0.0004,12.5,0.013447,0.0004,12.5,0.0094081,0.0004,12.5,0.0088765,0.0004,12.5,0.0099107,0.0004,12.5,0.0074238,0.0004,12.5,0.01024,0.0004,12.5,0.0083133,0.0004,12.5,0.010263,0.0004,12.5,0.010656,0.0004,12.5,0.012971,0.0004,12.5,0.0094101,0.0004,12.5,0.010245,0.0004,12.5,0.011218,0.0004,12.5,0.010903,0.0004,12.5,0.011605,0.0004,12.5,0.008335,0.0004,12.5,0.011529,0.0004,12.5,0.011361,0.0004,12.5,0.011509,0.0004,12.5,0.011295,0.0004
12.5,0.0092702,0.0006,12.5,0.010338,0.0006,12.5,0.0098204,0.0006,12.5,0.012397,0.0006,12.5,0.019267,0.0006,12.5,0.013597,0.0006,12.5,0.013541,0.0006,12.5,0.015031,0.0006,12.5,0.012873,0.0006,12.5,0.015807,0.0006,12.5,0.012879,0.0006,12.5,0.015178,0.0006,12.5,0.016143,0.0006,12.5,0.018705,0.0006,12.5,0.013859,0.0006,12.5,0.015215,0.0006,12.5,0.016225,0.0006,12.5,0.016381,0.0006,12.5,0.0173,0.0006,12.5,0.013093,0.0006,12.5,0.016301,0.0006,12.5,0.016625,0.0006,12.5,0.016728,0.0006,12.5,0.016938,0.0006
12.5,0.013184,0.0008,12.5,0.014729,0.0008,12.5,0.014714,0.0008,12.5,0.017705,0.0008,12.5,0.025093,0.0008,12.5,0.017831,0.0008,12.5,0.018244,0.0008,12.5,0.020116,0.0008,12.5,0.018277,0.0008,12.5,0.021465,0.0008,12.5,0.017426,0.0008,12.5,0.020069,0.0008,12.5,0.021584,0.0008,12.5,0.024372,0.0008,12.5,0.018418,0.0008,12.5,0.020163,0.0008,12.5,0.021322,0.0008,12.5,0.021816,0.0008,12.5,0.022938,0.0008,12.5,0.017839,0.0008,12.5,0.021174,0.0008,12.5,0.02186,0.0008,12.5,0.022033,0.0008,12.5,0.02253,0.0008
12.5,0.017094,0.001,12.5,0.019112,0.001,12.5,0.01961,0.001,12.5,0.023007,0.001,12.5,0.030924,0.001,12.5,0.022106,0.001,12.5,0.022929,0.001,12.5,0.025237,0.001,12.5,0.02373,0.001,12.5,0.027099,0.001,12.5,0.021998,0.001,12.5,0.024995,0.001,12.5,0.027083,0.001,12.5,0.030109,0.001,12.5,0.023059,0.001,12.5,0.025154,0.001,12.5,0.026523,0.001,12.5,0.02732,0.001,12.5,0.02866,0.001,12.5,0.022623,0.001,12.5,0.026147,0.001,12.5,0.02716,0.001,12.5,0.027466,0.001,12.5,0.028218,0.001
12.5,0.021006,0.0012,12.5,0.023496,0.0012,12.5,0.024512,0.0012,12.5,0.02831,0.0012,12.5,0.03676,0.0012,12.5,0.026384,0.0012,12.5,0.027637,0.0012,12.5,0.030338,0.0012,12.5,0.029153,0.0012,12.5,0.032792,0.0012,12.5,0.026558,0.0012,12.5,0.029904,0.0012,12.5,0.032549,0.0012,12.5,0.035802,0.0012,12.5,0.027711,0.0012,12.5,0.030124,0.0012,12.5,0.031722,0.0012,12.5,0.032789,0.0012,12.5,0.034337,0.0012,12.5,0.027391,0.0012,12.5,0.031123,0.0012,12.5,0.032431,0.0012,12.5,0.032887,0.0012,12.5,0.033859,0.0012
12.5,0.024922,0.0014,12.5,0.027884,0.0014,12.5,0.029421,0.0014,12.5,0.033616,0.0014,12.5,0.042601,0.0014,12.5,0.030682,0.0014,12.5,0.032336,0.0014,12.5,0.035465,0.0014,12.5,0.03461,0.0014,12.5,0.038459,0.0014,12.5,0.031136,0.0014,12.5,0.034837,0.0014,12.5,0.038052,0.0014,12.5,0.041541,0.0014,12.5,0.032398,0.0014,12.5,0.035121,0.0014,12.5,0.036968,0.0014,12.5,0.038299,0.0014,12.5,0.040066,0.0014,12.5,0.032182,0.0014,12.5,0.036143,0.0014,12.5,0.03774,0.0014,12.5,0.038369,0.0014,12.5,0.039556,0.0014
12.5,0.028845,0.0016,12.5,0.03228,0.0016,12.5,0.034338,0.0016,12.5,0.038927,0.0016,12.5,0.04845,0.0016,12.5,0.034981,0.0016,12.5,0.037054,0.0016,12.5,0.040579,0.0016,12.5,0.040047,0.0016,12.5,0.044167,0.0016,12.5,0.035707,0.0016,12.5,0.039758,0.0016,12.5,0.043532,0.0016,12.5,0.047248,0.0016,12.5,0.037085,0.0016,12.5,0.040104,0.0016,12.5,0.042205,0.0016,12.5,0.043784,0.0016,12.5,0.045762,0.0016,12.5,0.036963,0.0016,12.5,0.041156,0.0016,12.5,0.043028,0.0016,12.5,0.043832,0.0016,12.5,0.045219,0.0016
12.5,0.032777,0.0018,12.5,0.036685,0.0018,12.5,0.039265,0.0018,12.5,0.044245,0.0018,12.5,0.054305,0.0018,12.5,0.039294,0.0018,12.5,0.041767,0.0018,12.5,0.045715,0.0018,12.5,0.04551,0.0018,12.5,0.049856,0.0018,12.5,0.040293,0.0018,12.5,0.044698,0.0018,12.5,0.049041,0.0018,12.5,0.052991,0.0018,12.5,0.041793,0.0018,12.5,0.045107,0.0018,12.5,0.047473,0.0018,12.5,0.0493,0.0018,12.5,0.051496,0.0018,12.5,0.04176,0.0018,12.5,0.046197,0.0018,12.5,0.048344,0.0018,12.5,0.049336,0.0018,12.5,0.050923,0.0018
12.5,0.036718,0.002,12.5,0.041102,0.002,12.5,0.044201,0.002,12.5,0.049572,0.002,12.5,0.060168,0.002,12.5,0.04361,0.002,12.5,0.046497,0.002,12.5,0.050844,0.002,12.5,0.05096,0.002,12.5,0.055577,0.002,12.5,0.044876,0.002,12.5,0.049631,0.002,12.5,0.054533,0.002,12.5,0.058711,0.002,12.5,0.046501,0.002,12.5,0.0501,0.002,12.5,0.052731,0.002,12.5,0.054797,0.002,12.5,0.057205,0.002,12.5,0.04655,0.002,12.5,0.051231,0.002,12.5,0.053644,0.002,12.5,0.054822,0.002,12.5,0.056601,0.002
12.5,0.04067,0.0022,12.5,0.045531,0.0022,12.5,0.04915,0.0022,12.5,0.054908,0.0022,12.5,0.06604,0.0022,12.5,0.047939,0.0022,12.5,0.051227,0.0022,12.5,0.055992,0.0022,12.5,0.056433,0.0022,12.5,0.061283,0.0022,12.5,0.049473,0.0022,12.5,0.054581,0.0022,12.5,0.060049,0.0022,12.5,0.06446,0.0022,12.5,0.051226,0.0022,12.5,0.055111,0.0022,12.5,0.058014,0.0022,12.5,0.06032,0.0022,12.5,0.062946,0.0022,12.5,0.051354,0.0022,12.5,0.056287,0.0022,12.5,0.058968,0.0022,12.5,0.06034,0.0022,12.5,0.062313,0.0022
12.5,0.044634,0.0024,12.5,0.049975,0.0024,12.5,0.054111,0.0024,12.5,0.060255,0.0024,12.5,0.071921,0.0024,12.5,0.052272,0.0024,12.5,0.055973,0.0024,12.5,0.061137,0.0024,12.5,0.061896,0.0024,12.5,0.067016,0.0024,12.5,0.05407,0.0024,12.5,0.059527,0.0024,12.5,0.065553,0.0024,12.5,0.070192,0.0024,12.5,0.055951,0.0024,12.5,0.060115,0.0024,12.5,0.06329,0.0024,12.5,0.065829,0.0024,12.5,0.068668,0.0024,12.5,0.056154,0.0024,12.5,0.061336,0.0024,12.5,0.064279,0.0024,12.5,0.065843,0.0024,12.5,0.068004,0.0024
12.5,0.048611,0.0026,12.5,0.054433,0.0026,12.5,0.059085,0.0026,12.5,0.065613,0.0026,12.5,0.077812,0.0026,12.5,0.056619,0.0026,12.5,0.060721,0.0026,12.5,0.0663,0.0026,12.5,0.067381,0.0026,12.5,0.07274,0.0026,12.5,0.05868,0.0026,12.5,0.064488,0.0026,12.5,0.071079,0.0026,12.5,0.07595,0.0026,12.5,0.060691,0.0026,12.5,0.065135,0.0026,12.5,0.068587,0.0026,12.5,0.071362,0.0026,12.5,0.074418,0.0026,12.5,0.060967,0.0026,12.5,0.066404,0.0026,12.5,0.069612,0.0026,12.5,0.071373,0.0026,12.5,0.073725,0.0026
12.5,0.052602,0.0028,12.5,0.058908,0.0028,12.5,0.064074,0.0028,12.5,0.070985,0.0028,12.5,0.083714,0.0028,12.5,0.060972,0.0028,12.5,0.065486,0.0028,12.5,0.071463,0.0028,12.5,0.07286,0.0028,12.5,0.078489,0.0028,12.5,0.063292,0.0028,12.5,0.069449,0.0028,12.5,0.076596,0.0028,12.5,0.081696,0.0028,12.5,0.065432,0.0028,12.5,0.070152,0.0028,12.5,0.073878,0.0028,12.5,0.076884,0.0028,12.5,0.080153,0.0028,12.5,0.065777,0.0028,12.5,0.071467,0.0028,12.5,0.074935,0.0028,12.5,0.076893,0.0028,12.5,0.07943,0.0028
12.5,0.056608,0.003,12.5,0.0634,0.003,12.5,0.069078,0.003,12.5,0.076369,0.003,12.5,0.089628,0.003,12.5,0.06534,0.003,12.5,0.070256,0.003,12.5,0.076645,0.003,12.5,0.07836,0.003,12.5,0.084231,0.003,12.5,0.067918,0.003,12.5,0.074425,0.003,12.5,0.082134,0.003,12.5,0.087465,0.003,12.5,0.070188,0.003,12.5,0.075183,0.003,12.5,0.079188,0.003,12.5,0.082427,0.003,12.5,0.085913,0.003,12.5,0.0706,0.003,12.5,0.076548,0.003,12.5,0.080278,0.003,12.5,0.082435,0.003,12.5,0.085161,0.003
12.5,0.06063,0.0032,12.5,0.06791,0.0032,12.5,0.074098,0.0032,12.5,0.081769,0.0032,12.5,0.095553,0.0032,12.5,0.069716,0.0032,12.5,0.075042,0.0032,12.5,0.081829,0.0032,12.5,0.083856,0.0032,12.5,0.089996,0.0032,12.5,0.072548,0.0032,12.5,0.079402,0.0032,12.5,0.087665,0.0032,12.5,0.093224,0.0032,12.5,0.074946,0.0032,12.5,0.080213,0.0032,12.5,0.084495,0.0032,12.5,0.087963,0.0032,12.5,0.091662,0.0032,12.5,0.075422,0.0032,12.5,0.081625,0.0032,12.5,0.085614,0.0032,12.5,0.087969,0.0032,12.5,0.09088,0.0032
12.5,0.064667,0.0034,12.5,0.072438,0.0034,12.5,0.079134,0.0034,12.5,0.087183,0.0034,12.5,0.10149,0.0034,12.5,0.074107,0.0034,12.5,0.079835,0.0034,12.5,0.087031,0.0034,12.5,0.089373,0.0034,12.5,0.095758,0.0034,12.5,0.077191,0.0034,12.5,0.084394,0.0034,12.5,0.093216,0.0034,12.5,0.099006,0.0034,12.5,0.079718,0.0034,12.5,0.085258,0.0034,12.5,0.089821,0.0034,12.5,0.093518,0.0034,12.5,0.097435,0.0034,12.5,0.080257,0.0034,12.5,0.086719,0.0034,12.5,0.090969,0.0034,12.5,0.093525,0.0034,12.5,0.096624,0.0034
12.5,0.068721,0.0036,12.5,0.076985,0.0036,12.5,0.084187,0.0036,12.5,0.092614,0.0036,12.5,0.10744,0.0036,12.5,0.078508,0.0036,12.5,0.084646,0.0036,12.5,0.092237,0.0036,12.5,0.094889,0.0036,12.5,0.10154,0.0036,12.5,0.081841,0.0036,12.5,0.089389,0.0036,12.5,0.098764,0.0036,12.5,0.10478,0.0036,12.5,0.084493,0.0036,12.5,0.090303,0.0036,12.5,0.095144,0.0036,12.5,0.099069,0.0036,12.5,0.1032,0.0036,12.5,0.085093,0.0036,12.5,0.091812,0.0036,12.5,0.096319,0.0036,12.5,0.099075,0.0036,12.5,0.10236,0.0036
12.5,0.072792,0.0038,12.5,0.081551,0.0038,12.5,0.089258,0.0038,12.5,0.098062,0.0038,12.5,0.11341,0.0038,12.5,0.082925,0.0038,12.5,0.089466,0.0038,12.5,0.097463,0.0038,12.5,0.10043,0.0038,12.5,0.10733,0.0038,12.5,0.086505,0.0038,12.5,0.094399,0.0038,12.5,0.10433,0.0038,12.5,0.11058,0.0038,12.5,0.089283,0.0038,12.5,0.095362,0.0038,12.5,0.10049,0.0038,12.5,0.10464,0.0038,12.5,0.10899,0.0038,12.5,0.089941,0.0038,12.5,0.09692,0.0038,12.5,0.10169,0.0038,12.5,0.10465,0.0038,12.5,0.10812,0.0038
12.5,0.076881,0.004,12.5,0.086138,0.004,12.5,0.094347,0.004,12.5,0.10353,0.004,12.5,0.11939,0.004,12.5,0.087354,0.004,12.5,0.094304,0.004,12.5,0.10269,0.004,12.5,0.10596,0.004,12.5,0.11313,0.004,12.5,0.091176,0.004,12.5,0.099414,0.004,12.5,0.1099,0.004,12.5,0.11637,0.004,12.5,0.094078,0.004,12.5,0.10042,0.004,12.5,0.10583,0.004,12.5,0.11021,0.004,12.5,0.11477,0.004,12.5,0.094792,0.004,12.5,0.10203,0.004,12.5,0.10705,0.004,12.5,0.11021,0.004,12.5,0.11387,0.004
12.5,0.080987,0.0042,12.5,0.090742,0.0042,12.5,0.099455,0.0042,12.5,0.10901,0.0042,12.5,0.12539,0.0042,12.5,0.0918,0.0042,12.5,0.099152,0.0042,12.5,0.10795,0.0042,12.5,0.11152,0.0042,12.5,0.11894,0.0042,12.5,0.095862,0.0042,12.5,0.10444,0.0042,12.5,0.11548,0.0042,12.5,0.12218,0.0042,12.5,0.098887,0.0042,12.5,0.1055,0.0042,12.5,0.11119,0.0042,12.5,0.11579,0.0042,12.5,0.12057,0.0042,12.5,0.099656,0.0042,12.5,0.10715,0.0042,12.5,0.11244,0.0042,12.5,0.1158,0.0042,12.5,0.11964,0.0042
12.5,0.085112,0.0044,12.5,0.095367,0.0044,12.5,0.10458,0.0044,12.5,0.11451,0.0044,12.5,0.13141,0.0044,12.5,0.096259,0.0044,12.5,0.10402,0.0044,12.5,0.1132,0.0044,12.5,0.11708,0.0044,12.5,0.12477,0.0044,12.5,0.10056,0.0044,12.5,0.10948,0.0044,12.5,0.12106,0.0044,12.5,0.128,0.0044,12.5,0.1037,0.0044,12.5,0.11058,0.0044,12.5,0.11655,0.0044,12.5,0.12138,0.0044,12.5,0.12637,0.0044,12.5,0.10452,0.0044,12.5,0.11228,0.0044,12.5,0.11782,0.0044,12.5,0.12138,0.0044,12.5,0.12541,0.0044
12.5,0.089253,0.0046,12.5,0.10001,0.0046,12.5,0.10973,0.0046,12.5,0.12003,0.0046,12.5,0.13743,0.0046,12.5,0.10074,0.0046,12.5,0.1089,0.0046,12.5,0.11848,0.0046,12.5,0.12266,0.0046,12.5,0.1306,0.0046,12.5,0.10527,0.0046,12.5,0.11453,0.0046,12.5,0.12667,0.0046,12.5,0.13383,0.0046,12.5,0.10853,0.0046,12.5,0.11567,0.0046,12.5,0.12193,0.0046,12.5,0.12699,0.0046,12.5,0.13219,0.0046,12.5,0.1094,0.0046,12.5,0.11742,0.0046,12.5,0.12322,0.0046,12.5,0.12699,0.0046,12.5,0.1312,0.0046
12.5,0.093414,0.0048,12.5,0.10467,0.0048,12.5,0.1149,0.0048,12.5,0.12558,0.0048,12.5,0.14348,0.0048,12.5,0.10523,0.0048,12.5,0.1138,0.0048,12.5,0.12377,0.0048,12.5,0.12825,0.0048,12.5,0.13646,0.0048,12.5,0.10999,0.0048,12.5,0.11959,0.0048,12.5,0.13227,0.0048,12.5,0.13966,0.0048,12.5,0.11337,0.0048,12.5,0.12077,0.0048,12.5,0.12731,0.0048,12.5,0.13259,0.0048,12.5,0.13801,0.0048,12.5,0.11429,0.0048,12.5,0.12256,0.0048,12.5,0.12862,0.0048,12.5,0.13259,0.0048,12.5,0.13699,0.0048
12.5,0.097593,0.005,12.5,0.10936,0.005,12.5,0.12008,0.005,12.5,0.13114,0.005,12.5,0.14954,0.005,12.5,0.10974,0.005,12.5,0.11871,0.005,12.5,0.12908,0.005,12.5,0.13386,0.005,12.5,0.14232,0.005,12.5,0.11472,0.005,12.5,0.12467,0.005,12.5,0.1379,0.005,12.5,0.14551,0.005,12.5,0.11822,0.005,12.5,0.12589,0.005,12.5,0.13271,0.005,12.5,0.13822,0.005,12.5,0.14385,0.005,12.5,0.11919,0.005,12.5,0.12772,0.005,12.5,0.13404,0.005,12.5,0.13821,0.005,12.5,0.1428,0.005
12.5,0.10179,0.0052,12.5,0.11406,0.0052,12.5,0.12529,0.0052,12.5,0.13672,0.0052,12.5,0.15563,0.0052,12.5,0.11426,0.0052,12.5,0.12364,0.0052,12.5,0.1344,0.0052,12.5,0.13947,0.0052,12.5,0.1482,0.0052,12.5,0.11947,0.0052,12.5,0.12976,0.0052,12.5,0.14353,0.0052,12.5,0.15137,0.0052,12.5,0.12308,0.0052,12.5,0.13101,0.0052,12.5,0.13811,0.0052,12.5,0.14385,0.0052,12.5,0.14969,0.0052,12.5,0.1241,0.0052,12.5,0.13289,0.0052,12.5,0.13946,0.0052,12.5,0.14384,0.0052,12.5,0.14862,0.0052
12.5,0.10601,0.0054,12.5,0.11878,0.0054,12.5,0.13051,0.0054,12.5,0.14232,0.0054,12.5,0.16173,0.0054,12.5,0.11881,0.0054,12.5,0.12859,0.0054,12.5,0.13974,0.0054,12.5,0.14511,0.0054,12.5,0.15409,0.0054,12.5,0.12423,0.0054,12.5,0.13486,0.0054,12.5,0.14917,0.0054,12.5,0.15724,0.0054,12.5,0.12796,0.0054,12.5,0.13615,0.0054,12.5,0.14353,0.0054,12.5,0.1495,0.0054,12.5,0.15555,0.0054,12.5,0.12902,0.0054,12.5,0.13807,0.0054,12.5,0.1449,0.0054,12.5,0.14948,0.0054,12.5,0.15445,0.0054
12.5,0.11024,0.0056,12.5,0.12353,0.0056,12.5,0.13576,0.0056,12.5,0.14795,0.0056,12.5,0.16785,0.0056,12.5,0.12337,0.0056,12.5,0.13355,0.0056,12.5,0.14509,0.0056,12.5,0.15076,0.0056,12.5,0.16001,0.0056,12.5,0.12901,0.0056,12.5,0.13997,0.0056,12.5,0.15483,0.0056,12.5,0.16312,0.0056,12.5,0.13284,0.0056,12.5,0.14129,0.0056,12.5,0.14896,0.0056,12.5,0.15515,0.0056,12.5,0.16141,0.0056,12.5,0.13394,0.0056,12.5,0.14326,0.0056,12.5,0.15035,0.0056,12.5,0.15513,0.0056,12.5,0.16028,0.0056
12.5,0.1145,0.0058,12.5,0.12829,0.0058,12.5,0.14103,0.0058,12.5,0.15359,0.0058,12.5,0.17399,0.0058,12.5,0.12795,0.0058,12.5,0.13854,0.0058,12.5,0.15046,0.0058,12.5,0.15642,0.0058,12.5,0.16593,0.0058,12.5,0.1338,0.0058,12.5,0.1451,0.0058,12.5,0.1605,0.0058,12.5,0.16902,0.0058,12.5,0.13774,0.0058,12.5,0.14645,0.0058,12.5,0.1544,0.0058,12.5,0.16082,0.0058,12.5,0.1673,0.0058,12.5,0.13889,0.0058,12.5,0.14846,0.0058,12.5,0.15581,0.0058,12.5,0.1608,0.0058,12.5,0.16614,0.0058
10,0.00093509,0.0002,10,0.0011185,0.0002,10,-0.00062493,0.0002,10,0.0015989,0.0002,10,0.0082127,0.0002,10,0.0048223,0.0002,10,0.0051646,0.0002,10,0.0059249,0.0002,10,0.0028232,0.0002,10,0.004125,0.0002,10,0.0062945,0.0002,10,0.0081637,0.0002,10,0.0080348,0.0002,10,0.010526,0.0002,10,0.0044595,0.0002,10,0.0091918,0.0002,10,0.0064817,0.0002,10,0.0095121,0.0002,10,0.010092,0.0002,10,0.0075681,0.0002,10,0.0072928,0.0002,10,0.010853,0.0002,10,0.0071844,0.0002,10,0.005442,0.0002
10,0.0043394,0.0004,10,0.0051345,0.0004,10,0.0039815,0.0004,10,0.0066969,0.0004,10,0.01392,0.0004,10,0.0088307,0.0004,10,0.0090863,0.0004,10,0.010303,0.0004,10,0.0076241,0.0004,10,0.0098313,0.0004,10,0.0093091,0.0004,10,0.011574,0.0004,10,0.012111,0.0004,10,0.014871,0.0004,10,0.0086987,0.0004,10,0.012222,0.0004,10,0.01118,0.0004,10,0.013025,0.0004,10,0.013799,0.0004,10,0.010293,0.0004,10,0.011719,0.0004,10,0.013883,0.0004,10,0.011831,0.0004,10,0.011258,0.0004
10,0.0078413,0.0006,10,0.0092224,0.0006,10,0.008692,0.0006,10,0.011899,0.0006,10,0.019754,0.0006,10,0.012882,0.0006,10,0.013434,0.0006,10,0.015144,0.0006,10,0.012875,0.0006,10,0.015591,0.0006,10,0.013351,0.0006,10,0.016043,0.0006,10,0.017287,0.0006,10,0.020349,0.0006,10,0.013307,0.0006,10,0.016656,0.0006,10,0.016422,0.0006,10,0.018079,0.0006,10,0.019114,0.0006,10,0.014478,0.0006,10,0.016704,0.0006,10,0.018635,0.0006,10,0.017297,0.0006,10,0.017285,0.0006
10,0.011371,0.0008,10,0.013332,0.0008,10,0.013432,0.0008,10,0.01713,0.0008,10,0.025624,0.0008,10,0.01695,0.0008,10,0.017892,0.0008,10,0.020102,0.0008,10,0.018241,0.0008,10,0.021367,0.0008,10,0.017592,0.0008,10,0.020702,0.0008,10,0.022619,0.0008,10,0.025959,0.0008,10,0.017945,0.0008,10,0.021363,0.0008,10,0.021695,0.0008,10,0.023381,0.0008,10,0.02466,0.0008,10,0.018968,0.0008,10,0.021745,0.0008,10,0.023696,0.0008,10,0.022826,0.0008,10,0.023184,0.0008
10,0.014915,0.001,10,0.017455,0.001,10,0.018189,0.001,10,0.022376,0.001,10,0.03151,0.001,10,0.021012,0.001,10,0.022397,0.001,10,0.025107,0.001,10,0.023655,0.001,10,0.027151,0.001,10,0.021944,0.001,10,0.025486,0.001,10,0.028103,0.001,10,0.031734,0.001,10,0.022635,0.001,10,0.026236,0.001,10,0.027057,0.001,10,0.028883,0.001,10,0.030425,0.001,10,0.023628,0.001,10,0.026872,0.001,10,0.028967,0.001,10,0.028489,0.001,10,0.029168,0.001
10,0.018472,0.0012,10,0.021591,0.0012,10,0.022958,0.0012,10,0.027634,0.0012,10,0.037408,0.0012,10,0.025085,0.0012,10,0.026929,0.0012,10,0.03014,0.0012,10,0.029096,0.0012,10,0.032941,0.0012,10,0.026328,0.0012,10,0.030295,0.0012,10,0.033592,0.0012,10,0.037501,0.0012,10,0.027321,0.0012,10,0.031149,0.0012,10,0.032403,0.0012,10,0.034403,0.0012,10,0.036196,0.0012,10,0.028336,0.0012,10,0.031992,0.0012,10,0.034274,0.0012,10,0.03413,0.0012,10,0.035082,0.0012
10,0.022041,0.0014,10,0.025739,0.0014,10,0.02774,0.0014,10,0.032902,0.0014,10,0.043316,0.0014,10,0.029164,0.0014,10,0.03148,0.0014,10,0.035191,0.0014,10,0.034553,0.0014,10,0.038737,0.0014,10,0.030754,0.0014,10,0.035155,0.0014,10,0.039149,0.0014,10,0.043345,0.0014,10,0.032034,0.0014,10,0.036125,0.0014,10,0.037795,0.0014,10,0.040006,0.0014,10,0.042063,0.0014,10,0.033106,0.0014,10,0.037153,0.0014,10,0.039663,0.0014,10,0.039838,0.0014,10,0.041056,0.0014
10,0.025623,0.0016,10,0.0299,0.0016,10,0.032534,0.0016,10,0.038181,0.0016,10,0.049234,0.0016,10,0.033249,0.0016,10,0.036046,0.0016,10,0.040256,0.0016,10,0.040024,0.0016,10,0.044539,0.0016,10,0.035191,0.0016,10,0.040018,0.0016,10,0.044695,0.0016,10,0.049169,0.0016,10,0.036743,0.0016,10,0.041108,0.0016,10,0.04317,0.0016,10,0.045601,0.0016,10,0.047911,0.0016,10,0.037889,0.0016,10,0.042303,0.0016,10,0.045052,0.0016,10,0.04552,0.0016,10,0.046982,0.0016
10,0.029218,0.0018,10,0.034077,0.0018,10,0.037341,0.0018,10,0.043471,0.0018,10,0.055161,0.0018,10,0.037342,0.0018,10,0.040626,0.0018,10,0.045334,0.0018,10,0.045505,0.0018,10,0.050348,0.0018,10,0.039654,0.0018,10,0.044914,0.0018,10,0.050284,0.0018,10,0.055043,0.0018,10,0.041472,0.0018,10,0.046128,0.0018,10,0.048578,0.0018,10,0.051247,0.0018,10,0.05382,0.0018,10,0.042705,0.0018,10,0.047482,0.0018,10,0.050489,0.0018,10,0.051248,0.0018,10,0.052956,0.0018
10,0.032828,0.002,10,0.038271,0.002,10,0.042163,0.002,10,0.048773,0.002,10,0.061099,0.002,10,0.041446,0.002,10,0.045218,0.002,10,0.050424,0.002,10,0.050997,0.002,10,0.056164,0.002,10,0.044122,0.002,10,0.04981,0.002,10,0.055861,0.002,10,0.060899,0.002,10,0.046198,0.002,10,0.051148,0.002,10,0.053973,0.002,10,0.05688,0.002,10,0.059708,0.002,10,0.047525,0.002,10,0.05265,0.002,10,0.05592,0.002,10,0.056955,0.002,10,0.058894,0.002
10,0.036454,0.0022,10,0.042482,0.0022,10,0.047001,0.0022,10,0.054089,0.0022,10,0.067048,0.0022,10,0.045555,0.0022,10,0.049823,0.0022,10,0.055525,0.0022,10,0.056499,0.0022,10,0.061987,0.0022,10,0.048612,0.0022,10,0.05473,0.0022,10,0.061473,0.0022,10,0.066794,0.0022,10,0.050941,0.0022,10,0.056196,0.0022,10,0.059394,0.0022,10,0.062552,0.0022,10,0.065642,0.0022,10,0.05237,0.0022,10,0.057842,0.0022,10,0.061386,0.0022,10,0.062697,0.0022,10,0.064872,0.0022
10,0.040098,0.0024,10,0.046713,0.0024,10,0.051856,0.0024,10,0.059419,0.0024,10,0.073009,0.0024,10,0.049677,0.0024,10,0.054442,0.0024,10,0.060638,0.0024,10,0.062011,0.0024,10,0.067818,0.0024,10,0.053107,0.0024,10,0.059651,0.0024,10,0.067074,0.0024,10,0.072673,0.0024,10,0.055685,0.0024,10,0.061242,0.0024,10,0.064806,0.0024,10,0.068213,0.0024,10,0.071558,0.0024,10,0.057217,0.0024,10,0.063027,0.0024,10,0.066844,0.0024,10,0.068422,0.0024,10,0.070823,0.0024
10,0.04376,0.0026,10,0.050965,0.0026,10,0.056728,0.0026,10,0.064764,0.0026,10,0.078983,0.0026,10,0.053811,0.0026,10,0.059074,0.0026,10,0.065768,0.0026,10,0.06754,0.0026,10,0.073659,0.0026,10,0.057622,0.0026,10,0.064594,0.0026,10,0.072704,0.0026,10,0.078586,0.0026,10,0.060445,0.0026,10,0.066311,0.0026,10,0.070241,0.0026,10,0.073905,0.0026,10,0.077512,0.0026,10,0.062083,0.0026,10,0.068231,0.0026,10,0.072332,0.0026,10,0.074178,0.0026,10,0.076809,0.0026
10,0.047442,0.0028,10,0.055238,0.0028,10,0.06162,0.0028,10,0.070126,0.0028,10,0.084969,0.0028,10,0.057958,0.0028,10,0.06372,0.0028,10,0.070901,0.0028,10,0.073065,0.0028,10,0.079509,0.0028,10,0.062142,0.0028,10,0.069539,0.0028,10,0.078326,0.0028,10,0.084485,0.0028,10,0.065206,0.0028,10,0.07138,0.0028,10,0.07567,0.0028,10,0.079588,0.0028,10,0.083451,0.0028,10,0.066951,0.0028,10,0.073431,0.0028,10,0.077812,0.0028,10,0.07992,0.0028,10,0.082774,0.0028
10,0.051145,0.003,10,0.059535,0.003,10,0.066531,0.003,10,0.075505,0.003,10,0.09097,0.003,10,0.062119,0.003,10,0.068384,0.003,10,0.076057,0.003,10,0.078615,0.003,10,0.085369,0.003,10,0.066682,0.003,10,0.074505,0.003,10,0.083975,0.003,10,0.090416,0.003,10,0.069984,0.003,10,0.07647,0.003,10,0.08112,0.003,10,0.0853,0.003,10,0.089423,0.003,10,0.071837,0.003,10,0.078649,0.003,10,0.083319,0.003,10,0.085689,0.003,10,0.088771,0.003
10,0.054869,0.0032,10,0.063856,0.0032,10,0.071463,0.0032,10,0.080903,0.0032,10,0.096986,0.0032,10,0.066297,0.0032,10,0.073059,0.0032,10,0.081218,0.0032,10,0.084164,0.0032,10,0.091247,0.0032,10,0.071229,0.0032,10,0.079474,0.0032,10,0.089619,0.0032,10,0.096336,0.0032,10,0.074765,0.0032,10,0.08156,0.0032,10,0.086566,0.0032,10,0.091004,0.0032,10,0.095383,0.0032,10,0.076726,0.0032,10,0.083864,0.0032,10,0.08882,0.0032,10,0.091448,0.0032,10,0.094751,0.0032
10,0.058616,0.0034,10,0.068202,0.0034,10,0.076417,0.0034,10,0.08632,0.0034,10,0.10302,0.0034,10,0.070487,0.0034,10,0.077755,0.0034,10,0.086401,0.0034,10,0.089736,0.0034,10,0.097122,0.0034,10,0.075794,0.0034,10,0.084463,0.0034,10,0.095287,0.0034,10,0.10228,0.0034,10,0.079563,0.0034,10,0.08667,0.0034,10,0.092033,0.0034,10,0.096734,0.0034,10,0.10137,0.0034,10,0.081631,0.0034,10,0.089097,0.0034,10,0.094345,0.0034,10,0.097232,0.0034,10,0.10076,0.0034
10,0.062387,0.0036,10,0.072574,0.0036,10,0.081394,0.0036,10,0.091757,0.0036,10,0.10907,0.0036,10,0.074698,0.0036,10,0.082462,0.0036,10,0.091592,0.0036,10,0.09531,0.0036,10,0.10302,0.0036,10,0.080369,0.0036,10,0.089457,0.0036,10,0.10095,0.0036,10,0.10822,0.0036,10,0.084366,0.0036,10,0.091782,0.0036,10,0.097499,0.0036,10,0.10246,0.0036,10,0.10735,0.0036,10,0.08654,0.0036,10,0.094329,0.0036,10,0.099866,0.0036,10,0.10301,0.0036,10,0.10676,0.0036
10,0.066181,0.0038,10,0.076971,0.0038,10,0.086393,0.0038,10,0.097215,0.0038,10,0.11513,0.0038,10,0.078923,0.0038,10,0.087193,0.0038,10,0.096806,0.0038,10,0.1009,0.0038,10,0.10892,0.0038,10,0.084963,0.0038,10,0.094472,0.0038,10,0.10664,0.0038,10,0.11419,0.0038,10,0.089186,0.0038,10,0.096913,0.0038,10,0.10298,0.0038,10,0.10821,0.0038,10,0.11336,0.0038,10,0.091466,0.0038,10,0.099579,0.0038,10,0.10541,0.0038,10,0.10881,0.0038,10,0.11278,0.0038
10,0.069999,0.004,10,0.081395,0.004,10,0.091417,0.004,10,0.1027,0.004,10,0.12121,0.004,10,0.083171,0.004,10,0.091937,0.004,10,0.10203,0.004,10,0.10651,0.004,10,0.11485,0.004,10,0.089568,0.004,10,0.099493,0.004,10,0.11233,0.004,10,0.12016,0.004,10,0.094012,0.004,10,0.10205,0.004,10,0.10847,0.004,10,0.11396,0.004,10,0.11936,0.004,10,0.096397,0.004,10,0.10483,0.004,10,0.11095,0.004,10,0.1146,0.004,10,0.1188,0.004
10,0.073843,0.0042,10,0.085845,0.0042,10,0.096464,0.0042,10,0.1082,0.0042,10,0.12732,0.0042,10,0.087435,0.0042,10,0.096705,0.0042,10,0.10728,0.0042,10,0.11213,0.0042,10,0.12079,0.0042,10,0.094192,0.0042,10,0.10453,0.0042,10,0.11804,0.0042,10,0.12614,0.0042,10,0.098856,0.0042,10,0.1072,0.0042,10,0.11398,0.0042,10,0.11973,0.0042,10,0.12539,0.0042,10,0.10134,0.0042,10,0.1101,0.0042,10,0.11652,0.0042,10,0.12042,0.0042,10,0.12484,0.0042
10,0.077712,0.0044,10,0.090322,0.0044,10,0.10154,0.0044,10,0.11372,0.0044,10,0.13344,0.0044,10,0.091722,0.0044,10,0.10149,0.0044,10,0.11253,0.0044,10,0.11777,0.0044,10,0.12673,0.0044,10,0.098828,0.0044,10,0.10959,0.0044,10,0.12375,0.0044,10,0.13213,0.0044,10,0.10371,0.0044,10,0.11236,0.0044,10,0.11949,0.0044,10,0.1255,0.0044,10,0.13142,0.0044,10,0.1063,0.0044,10,0.11537,0.0044,10,0.12208,0.0044,10,0.12624,0.0044,10,0.13088,0.0044
10,0.081606,0.0046,10,0.094825,0.0046,10,0.10664,0.0046,10,0.11928,0.0046,10,0.13958,0.0046,10,0.096028,0.0046,10,0.1063,0.0046,10,0.11782,0.0046,10,0.12342,0.0046,10,0.1327,0.0046,10,0.10349,0.0046,10,0.11466,0.0046,10,0.12949,0.0046,10,0.13814,0.0046,10,0.10858,0.0046,10,0.11754,0.0046,10,0.12501,0.0046,10,0.1313,0.0046,10,0.13747,0.0046,10,0.11127,0.0046,10,0.12066,0.0046,10,0.12767,0.0046,10,0.13208,0.0046,10,0.13694,0.0046
10,0.085527,0.0048,10,0.099356,0.0048,10,0.11176,0.0048,10,0.12485,0.0048,10,0.14574,0.0048,10,0.10036,0.0048,10,0.11112,0.0048,10,0.12311,0.0048,10,0.12909,0.0048,10,0.13868,0.0048,10,0.10816,0.0048,10,0.11974,0.0048,10,0.13523,0.0048,10,0.14415,0.0048,10,0.11346,0.0048,10,0.12273,0.0048,10,0.13055,0.0048,10,0.13709,0.0048,10,0.14352,0.0048,10,0.11625,0.0048,10,0.12595,0.0048,10,0.13325,0.0048,10,0.13792,0.0048,10,0.143,0.0048
10,0.089473,0.005,10,0.10391,0.005,10,0.11691,0.005,10,0.13045,0.005,10,0.15193,0.005,10,0.10471,0.005,10,0.11597,0.005,10,0.12843,0.005,10,0.13477,0.005,10,0.14468,0.005,10,0.11285,0.005,10,0.12484,0.005,10,0.14099,0.005,10,0.15019,0.005,10,0.11835,0.005,10,0.12793,0.005,10,0.1361,0.005,10,0.14291,0.005,10,0.1496,0.005,10,0.12124,0.005,10,0.13126,0.005,10,0.13886,0.005,10,0.14378,0.005,10,0.14908,0.005
10,0.093446,0.0052,10,0.1085,0.0052,10,0.12209,0.0052,10,0.13608,0.0052,10,0.15813,0.0052,10,0.10908,0.0052,10,0.12084,0.0052,10,0.13377,0.0052,10,0.14048,0.0052,10,0.1507,0.0052,10,0.11755,0.0052,10,0.12995,0.0052,10,0.14676,0.0052,10,0.15623,0.0052,10,0.12326,0.0052,10,0.13314,0.0052,10,0.14166,0.0052,10,0.14873,0.0052,10,0.15567,0.0052,10,0.12625,0.0052,10,0.13658,0.0052,10,0.14447,0.0052,10,0.14964,0.0052,10,0.15516,0.0052
10,0.097445,0.0054,10,0.11311,0.0054,10,0.12729,0.0054,10,0.14173,0.0054,10,0.16436,0.0054,10,0.11348,0.0054,10,0.12574,0.0054,10,0.13913,0.0054,10,0.1462,0.0054,10,0.15674,0.0054,10,0.12228,0.0054,10,0.13509,0.0054,10,0.15255,0.0054,10,0.16229,0.0054,10,0.12819,0.0054,10,0.13838,0.0054,10,0.14724,0.0054,10,0.15458,0.0054,10,0.16177,0.0054,10,0.13127,0.0054,10,0.14191,0.0054,10,0.15011,0.0054,10,0.15552,0.0054,10,0.16127,0.0054
10,0.10147,0.0056,10,0.11775,0.0056,10,0.13252,0.0056,10,0.14741,0.0056,10,0.17062,0.0056,10,0.11791,0.0056,10,0.13065,0.0056,10,0.14451,0.0056,10,0.15194,0.0056,10,0.16278,0.0056,10,0.12702,0.0056,10,0.14024,0.0056,10,0.15835,0.0056,10,0.16836,0.0056,10,0.13313,0.0056,10,0.14362,0.0056,10,0.15283,0.0056,10,0.16043,0.0056,10,0.16787,0.0056,10,0.1363,0.0056,10,0.14725,0.0056,10,0.15575,0.0056,10,0.16141,0.0056,10,0.16738,0.0056
7.5,-0.00089303,0.0002,7.5,-0.00060149,0.0002,7.5,-0.0024814,0.0002,7.5,0.00021061,0.0002,7.5,0.0081421,0.0002,7.5,0.0044119,0.0002,7.5,0.0032342,0.0002,7.5,0.0040046,0.0002,7.5,0.00056999,0.0002,7.5,0.0035072,0.0002,7.5,0.0026642,0.0002,7.5,0.0046343,0.0002,7.5,0.0045294,0.0002,7.5,0.0075883,0.0002,7.5,0.0022025,0.0002,7.5,0.0045511,0.0002,7.5,0.0046804,0.0002,7.5,0.0049527,0.0002,7.5,0.0054757,0.0002,7.5,0.002522,0.0002,7.5,0.0055927,0.0002,7.5,0.0059106,0.0002,7.5,0.0050454,0.0002,7.5,0.0053368,0.0002
7.5,0.0020905,0.0004,7.5,0.0031945,0.0004,7.5,0.0020526,0.0004,7.5,0.005395,0.0004,7.5,0.014067,0.0004,7.5,0.0080276,0.0004,7.5,0.0075334,0.0004,7.5,0.0089733,0.0004,7.5,0.0060445,0.0004,7.5,0.0093769,0.0004,7.5,0.0069965,0.0004,7.5,0.0096813,0.0004,7.5,0.010433,0.0004,7.5,0.013881,0.0004,7.5,0.0071939,0.0004,7.5,0.0098327,0.0004,7.5,0.010372,0.0004,7.5,0.0109,0.0004,7.5,0.011718,0.0004,7.5,0.0075905,0.0004,7.5,0.011069,0.0004,7.5,0.011703,0.0004,7.5,0.011025,0.0004,7.5,0.011479,0.0004
7.5,0.0050529,0.0006,7.5,0.0069238,0.0006,7.5,0.0065683,0.0006,7.5,0.010555,0.0006,7.5,0.020002,0.0006,7.5,0.011625,0.0006,7.5,0.011799,0.0006,7.5,0.013893,0.0006,7.5,0.011493,0.0006,7.5,0.01522,0.0006,7.5,0.011275,0.0006,7.5,0.014489,0.0006,7.5,0.016205,0.0006,7.5,0.019988,0.0006,7.5,0.011954,0.0006,7.5,0.015009,0.0006,7.5,0.016008,0.0006,7.5,0.016886,0.0006,7.5,0.018054,0.0006,7.5,0.012558,0.0006,7.5,0.01647,0.0006,7.5,0.017484,0.0006,7.5,0.017112,0.0006,7.5,0.017829,0.0006
7.5,0.0080156,0.0008,7.5,0.010643,0.0008,7.5,0.011085,0.0008,7.5,0.015712,0.0008,7.5,0.025943,0.0008,7.5,0.015219,0.0008,7.5,0.01606,0.0008,7.5,0.018804,0.0008,7.5,0.016938,0.0008,7.5,0.021058,0.0008,7.5,0.015489,0.0008,7.5,0.019295,0.0008,7.5,0.021858,0.0008,7.5,0.026049,0.0008,7.5,0.016596,0.0008,7.5,0.020068,0.0008,7.5,0.021507,0.0008,7.5,0.022718,0.0008,7.5,0.024208,0.0008,7.5,0.017428,0.0008,7.5,0.021751,0.0008,7.5,0.023127,0.0008,7.5,0.023049,0.0008,7.5,0.024011,0.0008
7.5,0.010985,0.001,7.5,0.014366,0.001,7.5,0.015608,0.001,7.5,0.020874,0.001,7.5,0.031891,0.001,7.5,0.018815,0.001,7.5,0.020324,0.001,7.5,0.023715,0.001,7.5,0.022383,0.001,7.5,0.026898,0.001,7.5,0.019706,0.001,7.5,0.024059,0.001,7.5,0.027559,0.001,7.5,0.032094,0.001,7.5,0.021233,0.001,7.5,0.025141,0.001,7.5,0.027036,0.001,7.5,0.028605,0.001,7.5,0.030438,0.001,7.5,0.02231,0.001,7.5,0.027054,0.001,7.5,0.028814,0.001,7.5,0.029057,0.001,7.5,0.030291,0.001
7.5,0.013964,0.0012,7.5,0.018097,0.0012,7.5,0.02014,0.0012,7.5,0.026043,0.0012,7.5,0.037846,0.0012,7.5,0.022415,0.0012,7.5,0.024594,0.0012,7.5,0.02863,0.0012,7.5,0.027832,0.0012,7.5,0.03274,0.0012,7.5,0.023906,0.0012,7.5,0.028842,0.0012,7.5,0.033207,0.0012,7.5,0.038132,0.0012,7.5,0.025839,0.0012,7.5,0.030174,0.0012,7.5,0.032513,0.0012,7.5,0.034425,0.0012,7.5,0.036584,0.0012,7.5,0.027159,0.0012,7.5,0.032313,0.0012,7.5,0.034442,0.0012,7.5,0.034992,0.0012,7.5,0.036484,0.0012
7.5,0.016957,0.0014,7.5,0.021841,0.0014,7.5,0.024684,0.0014,7.5,0.031221,0.0014,7.5,0.043809,0.0014,7.5,0.026022,0.0014,7.5,0.028872,0.0014,7.5,0.033551,0.0014,7.5,0.033286,0.0014,7.5,0.038588,0.0014,7.5,0.02812,0.0014,7.5,0.033606,0.0014,7.5,0.038895,0.0014,7.5,0.04419,0.0014,7.5,0.030458,0.0014,7.5,0.035228,0.0014,7.5,0.038022,0.0014,7.5,0.040292,0.0014,7.5,0.042791,0.0014,7.5,0.032026,0.0014,7.5,0.037597,0.0014,7.5,0.04011,0.0014,7.5,0.040983,0.0014,7.5,0.042748,0.0014
7.5,0.019965,0.0016,7.5,0.025602,0.0016,7.5,0.029243,0.0016,7.5,0.03641,0.0016,7.5,0.049781,0.0016,7.5,0.029638,0.0016,7.5,0.03316,0.0016,7.5,0.038479,0.0016,7.5,0.038746,0.0016,7.5,0.044442,0.0016,7.5,0.032329,0.0016,7.5,0.038384,0.0016,7.5,0.04455,0.0016,7.5,0.050206,0.0016,7.5,0.035063,0.0016,7.5,0.040261,0.0016,7.5,0.0435,0.0016,7.5,0.046117,0.0016,7.5,0.048943,0.0016,7.5,0.036877,0.0016,7.5,0.042856,0.0016,7.5,0.045743,0.0016,7.5,0.046926,0.0016,7.5,0.048953,0.0016
7.5,0.022992,0.0018,7.5,0.029382,0.0018,7.5,0.033818,0.0018,7.5,0.041613,0.0018,7.5,0.055765,0.0018,7.5,0.033264,0.0018,7.5,0.037459,0.0018,7.5,0.043418,0.0018,7.5,0.044214,0.0018,7.5,0.050304,0.0018,7.5,0.03655,0.0018,7.5,0.043168,0.0018,7.5,0.050227,0.0018,7.5,0.056266,0.0018,7.5,0.039685,0.0018,7.5,0.045315,0.0018,7.5,0.049007,0.0018,7.5,0.051982,0.0018,7.5,0.055146,0.0018,7.5,0.041746,0.0018,7.5,0.048139,0.0018,7.5,0.051409,0.0018,7.5,0.052914,0.0018,7.5,0.055215,0.0018
7.5,0.02604,0.002,7.5,0.033184,0.002,7.5,0.038412,0.002,7.5,0.04683,0.002,7.5,0.06176,0.002,7.5,0.036903,0.002,7.5,0.041771,0.002,7.5,0.048367,0.002,7.5,0.04969,0.002,7.5,0.056174,0.002,7.5,0.04078,0.002,7.5,0.047959,0.002,7.5,0.055909,0.002,7.5,0.062292,0.002,7.5,0.044302,0.002,7.5,0.050358,0.002,7.5,0.054495,0.002,7.5,0.057817,0.002,7.5,0.061309,0.002,7.5,0.046606,0.002,7.5,0.053405,0.002,7.5,0.05705,0.002,7.5,0.058868,0.002,7.5,0.061433,0.002
7.5,0.029111,0.0022,7.5,0.03701,0.0022,7.5,0.043026,0.0022,7.5,0.052063,0.0022,7.5,0.067768,0.0022,7.5,0.040556,0.0022,7.5,0.046098,0.0022,7.5,0.053328,0.0022,7.5,0.055175,0.0022,7.5,0.062053,0.0022,7.5,0.045024,0.0022,7.5,0.052758,0.0022,7.5,0.061607,0.0022,7.5,0.068343,0.0022,7.5,0.048936,0.0022,7.5,0.055421,0.0022,7.5,0.06001,0.0022,7.5,0.063687,0.0022,7.5,0.067517,0.0022,7.5,0.051484,0.0022,7.5,0.058693,0.0022,7.5,0.062722,0.0022,7.5,0.06486,0.0022,7.5,0.0677,0.0022
7.5,0.032207,0.0024,7.5,0.040863,0.0024,7.5,0.047662,0.0024,7.5,0.057314,0.0024,7.5,0.073791,0.0024,7.5,0.044225,0.0024,7.5,0.050441,0.0024,7.5,0.058302,0.0024,7.5,0.060671,0.0024,7.5,0.067942,0.0024,7.5,0.049274,0.0024,7.5,0.057573,0.0024,7.5,0.067292,0.0024,7.5,0.074401,0.0024,7.5,0.05357,0.0024,7.5,0.060477,0.0024,7.5,0.065511,0.0024,7.5,0.069536,0.0024,7.5,0.073692,0.0024,7.5,0.056357,0.0024,7.5,0.063971,0.0024,7.5,0.068376,0.0024,7.5,0.070827,0.0024,7.5,0.073932,0.0024
7.5,0.03533,0.0026,7.5,0.044744,0.0026,7.5,0.052323,0.0026,7.5,0.062585,0.0026,7.5,0.079829,0.0026,7.5,0.047911,0.0026,7.5,0.054801,0.0026,7.5,0.063291,0.0026,7.5,0.066179,0.0026,7.5,0.073843,0.0026,7.5,0.053539,0.0026,7.5,0.062389,0.0026,7.5,0.073005,0.0026,7.5,0.080477,0.0026,7.5,0.058222,0.0026,7.5,0.065554,0.0026,7.5,0.071038,0.0026,7.5,0.075418,0.0026,7.5,0.079909,0.0026,7.5,0.061249,0.0026,7.5,0.06927,0.0026,7.5,0.074058,0.0026,7.5,0.076828,0.0026,7.5,0.080209,0.0026
7.5,0.038482,0.0028,7.5,0.048656,0.0028,7.5,0.057009,0.0028,7.5,0.067876,0.0028,7.5,0.085883,0.0028,7.5,0.051617,0.0028,7.5,0.059179,0.0028,7.5,0.068296,0.0028,7.5,0.071699,0.0028,7.5,0.079756,0.0028,7.5,0.05782,0.0028,7.5,0.067226,0.0028,7.5,0.078708,0.0028,7.5,0.086538,0.0028,7.5,0.062878,0.0028,7.5,0.070628,0.0028,7.5,0.076556,0.0028,7.5,0.081283,0.0028,7.5,0.086101,0.0028,7.5,0.066139,0.0028,7.5,0.074562,0.0028,7.5,0.079727,0.0028,7.5,0.08281,0.0028,7.5,0.086457,0.0028
7.5,0.041665,0.003,7.5,0.052601,0.003,7.5,0.061723,0.003,7.5,0.07319,0.003,7.5,0.091955,0.003,7.5,0.055343,0.003,7.5,0.063577,0.003,7.5,0.073317,0.003,7.5,0.077232,0.003,7.5,0.085682,0.003,7.5,0.062115,0.003,7.5,0.072067,0.003,7.5,0.084439,0.003,7.5,0.09262,0.003,7.5,0.067554,0.003,7.5,0.075723,0.003,7.5,0.082099,0.003,7.5,0.087179,0.003,7.5,0.092331,0.003,7.5,0.071049,0.003,7.5,0.079875,0.003,7.5,0.085422,0.003,7.5,0.088823,0.003,7.5,0.092746,0.003
7.5,0.04488,0.0032,7.5,0.05658,0.0032,7.5,0.066465,0.0032,7.5,0.078528,0.0032,7.5,0.098045,0.0032,7.5,0.059092,0.0032,7.5,0.067996,0.0032,7.5,0.078356,0.0032,7.5,0.08278,0.0032,7.5,0.091622,0.0032,7.5,0.06643,0.0032,7.5,0.076931,0.0032,7.5,0.090164,0.0032,7.5,0.09872,0.0032,7.5,0.072235,0.0032,7.5,0.080818,0.0032,7.5,0.087637,0.0032,7.5,0.093063,0.0032,7.5,0.098541,0.0032,7.5,0.07596,0.0032,7.5,0.085185,0.0032,7.5,0.091109,0.0032,7.5,0.094821,0.0032,7.5,0.099012,0.0032
7.5,0.048129,0.0034,7.5,0.060594,0.0034,7.5,0.071237,0.0034,7.5,0.08389,0.0034,7.5,0.10416,0.0034,7.5,0.062865,0.0034,7.5,0.072438,0.0034,7.5,0.083414,0.0034,7.5,0.088343,0.0034,7.5,0.097577,0.0034,7.5,0.070757,0.0034,7.5,0.081803,0.0034,7.5,0.095909,0.0034,7.5,0.10481,0.0034,7.5,0.076938,0.0034,7.5,0.085934,0.0034,7.5,0.0932,0.0034,7.5,0.098977,0.0034,7.5,0.10479,0.0034,7.5,0.08089,0.0034,7.5,0.090515,0.0034,7.5,0.096821,0.0034,7.5,0.10085,0.0034,7.5,0.10532,0.0034
7.5,0.051412,0.0036,7.5,0.064644,0.0036,7.5,0.07604,0.0036,7.5,0.089279,0.0036,7.5,0.11029,0.0036,7.5,0.066662,0.0036,7.5,0.076902,0.0036,7.5,0.088492,0.0036,7.5,0.093922,0.0036,7.5,0.10355,0.0036,7.5,0.075108,0.0036,7.5,0.086697,0.0036,7.5,0.10167,0.0036,7.5,0.11094,0.0036,7.5,0.081648,0.0036,7.5,0.091054,0.0036,7.5,0.09876,0.0036,7.5,0.10488,0.0036,7.5,0.11102,0.0036,7.5,0.085824,0.0036,7.5,0.095845,0.0036,7.5,0.10253,0.0036,7.5,0.10687,0.0036,7.5,0.1116,0.0036
7.5,0.054731,0.0038,7.5,0.068731,0.0038,7.5,0.080875,0.0038,7.5,0.094696,0.0038,7.5,0.11644,0.0038,7.5,0.070488,0.0038,7.5,0.081392,0.0038,7.5,0.09359,0.0038,7.5,0.099518,0.0038,7.5,0.10954,0.0038,7.5,0.079474,0.0038,7.5,0.091601,0.0038,7.5,0.10744,0.0038,7.5,0.11705,0.0038,7.5,0.086381,0.0038,7.5,0.096195,0.0038,7.5,0.10435,0.0038,7.5,0.11082,0.0038,7.5,0.11728,0.0038,7.5,0.090778,0.0038,7.5,0.1012,0.0038,7.5,0.10826,0.0038,7.5,0.11291,0.0038,7.5,0.11793,0.0038
7.5,0.058087,0.004,7.5,0.072857,0.004,7.5,0.085743,0.004,7.5,0.10014,0.004,7.5,0.12261,0.004,7.5,0.074338,0.004,7.5,0.085906,0.004,7.5,0.098715,0.004,7.5,0.10513,0.004,7.5,0.11555,0.004,7.5,0.083864,0.004,7.5,0.09653,0.004,7.5,0.11322,0.004,7.5,0.1232,0.004,7.5,0.091124,0.004,7.5,0.10134,0.004,7.5,0.10993,0.004,7.5,0.11675,0.004,7.5,0.12353,0.004,7.5,0.095738,0.004,7.5,0.10655,0.004,7.5,0.11399,0.004,7.5,0.11895,0.004,7.5,0.12423,0.004
7.5,0.06148,0.0042,7.5,0.077021,0.0042,7.5,0.090645,0.0042,7.5,0.10562,0.0042,7.5,0.12881,0.0042,7.5,0.07822,0.0042,7.5,0.09045,0.0042,7.5,0.10385,0.0042,7.5,0.11077,0.0042,7.5,0.12156,0.0042,7.5,0.088272,0.0042,7.5,0.10147,0.0042,7.5,0.11902,0.0042,7.5,0.12934,0.0042,7.5,0.09589,0.0042,7.5,0.10651,0.0042,7.5,0.11554,0.0042,7.5,0.12271,0.0042,7.5,0.12982,0.0042,7.5,0.10072,0.0042,7.5,0.11192,0.0042,7.5,0.11974,0.0042,7.5,0.12502,0.0042,7.5,0.13058,0.0042
7.5,0.064911,0.0044,7.5,0.081223,0.0044,7.5,0.095582,0.0044,7.5,0.11112,0.0044,7.5,0.13504,0.0044,7.5,0.08213,0.0044,7.5,0.095017,0.0044,7.5,0.10902,0.0044,7.5,0.11642,0.0044,7.5,0.12761,0.0044,7.5,0.092706,0.0044,7.5,0.10644,0.0044,7.5,0.12483,0.0044,7.5,0.13551,0.0044,7.5,0.10067,0.0044,7.5,0.11169,0.0044,7.5,0.12116,0.0044,7.5,0.12866,0.0044,7.5,0.1361,0.0044,7.5,0.10571,0.0044,7.5,0.1173,0.0044,7.5,0.12549,0.0044,7.5,0.13108,0.0044,7.5,0.13691,0.0044
7.5,0.068381,0.0046,7.5,0.085464,0.0046,7.5,0.10055,0.0046,7.5,0.11666,0.0046,7.5,0.14129,0.0046,7.5,0.086073,0.0046,7.5,0.099614,0.0046,7.5,0.11421,0.0046,7.5,0.1221,0.0046,7.5,0.13368,0.0046,7.5,0.097159,0.0046,7.5,0.11142,0.0046,7.5,0.13067,0.0046,7.5,0.14168,0.0046,7.5,0.10547,0.0046,7.5,0.11689,0.0046,7.5,0.1268,0.0046,7.5,0.13465,0.0046,7.5,0.14241,0.0046,7.5,0.11072,0.0046,7.5,0.1227,0.0046,7.5,0.13127,0.0046,7.5,0.13717,0.0046,7.5,0.14328,0.0046
7.5,0.07189,0.0048,7.5,0.089744,0.0048,7.5,0.10556,0.0048,7.5,0.12223,0.0048,7.5,0.14756,0.0048,7.5,0.090046,0.0048,7.5,0.10424,0.0048,7.5,0.11943,0.0048,7.5,0.12779,0.0048,7.5,0.13975,0.0048,7.5,0.10164,0.0048,7.5,0.11642,0.0048,7.5,0.13651,0.0048,7.5,0.14788,0.0048,7.5,0.11029,0.0048,7.5,0.1221,0.0048,7.5,0.13244,0.0048,7.5,0.14064,0.0048,7.5,0.14872,0.0048,7.5,0.11574,0.0048,7.5,0.1281,0.0048,7.5,0.13705,0.0048,7.5,0.14326,0.0048,7.5,0.14964,0.0048
7.5,0.075438,0.005,7.5,0.094063,0.005,7.5,0.11061,0.005,7.5,0.12783,0.005,7.5,0.15386,0.005,7.5,0.094054,0.005,7.5,0.1089,0.005,7.5,0.12468,0.005,7.5,0.1335,0.005,7.5,0.14587,0.005,7.5,0.10614,0.005,7.5,0.12145,0.005,7.5,0.14237,0.005,7.5,0.15408,0.005,7.5,0.11513,0.005,7.5,0.12733,0.005,7.5,0.13811,0.005,7.5,0.14665,0.005,7.5,0.15505,0.005,7.5,0.12078,0.005,7.5,0.13353,0.005,7.5,0.14286,0.005,7.5,0.14938,0.005,7.5,0.15603,0.005
7.5,0.079027,0.0052,7.5,0.098422,0.0052,7.5,0.11569,0.0052,7.5,0.13346,0.0052,7.5,0.16019,0.0052,7.5,0.098096,0.0052,7.5,0.11359,0.0052,7.5,0.12995,0.0052,7.5,0.13925,0.0052,7.5,0.15199,0.0052,7.5,0.11067,0.0052,7.5,0.1265,0.0052,7.5,0.14825,0.0052,7.5,0.16031,0.0052,7.5,0.11998,0.0052,7.5,0.13258,0.0052,7.5,0.14379,0.0052,7.5,0.15267,0.0052,7.5,0.16139,0.0052,7.5,0.12583,0.0052,7.5,0.13896,0.0052,7.5,0.14867,0.0052,7.5,0.1555,0.0052,7.5,0.16242,0.0052
7.5,0.082655,0.0054,7.5,0.10282,0.0054,7.5,0.1208,0.0054,7.5,0.13913,0.0054,7.5,0.16655,0.0054,7.5,0.10217,0.0054,7.5,0.11831,0.0054,7.5,0.13524,0.0054,7.5,0.14501,0.0054,7.5,0.15814,0.0054,7.5,0.11522,0.0054,7.5,0.13156,0.0054,7.5,0.15415,0.0054,7.5,0.16654,0.0054,7.5,0.12486,0.0054,7.5,0.13785,0.0054,7.5,0.14949,0.0054,7.5,0.15872,0.0054,7.5,0.16776,0.0054,7.5,0.13091,0.0054,7.5,0.14442,0.0054,7.5,0.1545,0.0054,7.5,0.16164,0.0054,7.5,0.16884,0.0054
5,-0.0035713,0.0002,5,-0.0029455,0.0002,5,-0.0049592,0.0002,5,-0.0015488,0.0002,5,0.0084825,0.0002,5,0.003534,0.0002,5,0.0018553,0.0002,5,0.0028756,0.0002,5,-0.0011906,0.0002,5,0.0025481,0.0002,5,0.00011211,0.0002,5,0.0027427,0.0002,5,0.0029296,0.0002,5,0.0071458,0.0002,5,-0.00175,0.0002,5,0.0049546,0.0002,5,0.0052793,0.0002,5,0.0053504,0.0002,5,0.0058144,0.0002,5,0.00259,0.0002,5,0.0065853,0.0002,5,0.0068901,0.0002,5,0.0057093,0.0002,5,0.0057227,0.0002
5,-0.0017124,0.0004,5,5.2005e-05,0.0004,5,-0.00094465,0.0004,5,0.0033871,0.0004,5,0.014387,0.0004,5,0.0061764,0.0004,5,0.0055189,0.0004,5,0.0074911,0.0004,5,0.0041555,0.0004,5,0.0084312,0.0004,5,0.0044269,0.0004,5,0.0078874,0.0004,5,0.0093023,0.0004,5,0.013976,0.0004,5,0.0041793,0.0004,5,0.0096025,0.0004,5,0.010576,0.0004,5,0.01116,0.0004,5,0.012103,0.0004,5,0.0069062,0.0004,5,0.011512,0.0004,5,0.012261,0.0004,5,0.011492,0.0004,5,0.011828,0.0004
5,0.00011576,0.0006,5,0.002967,0.0006,5,0.0030481,0.0006,5,0.0082851,0.0006,5,0.020299,0.0006,5,0.008741,0.0006,5,0.009078,0.0006,5,0.011972,0.0006,5,0.009396,0.0006,5,0.014215,0.0006,5,0.0081003,0.0006,5,0.012396,0.0006,5,0.015092,0.0006,5,0.020268,0.0006,5,0.008796,0.0006,5,0.014251,0.0006,5,0.015876,0.0006,5,0.016972,0.0006,5,0.018396,0.0006,5,0.011402,0.0006,5,0.016636,0.0006,5,0.017931,0.0006,5,0.017639,0.0006,5,0.018383,0.0006
5,0.0019461,0.0008,5,0.0058716,0.0008,5,0.0070434,0.0008,5,0.01318,0.0008,5,0.026218,0.0008,5,0.011291,0.0008,5,0.012617,0.0008,5,0.016425,0.0008,5,0.014614,0.0008,5,0.019978,0.0008,5,0.011623,0.0008,5,0.01675,0.0008,5,0.020734,0.0008,5,0.026424,0.0008,5,0.013113,0.0008,5,0.018918,0.0008,5,0.021178,0.0008,5,0.022788,0.0008,5,0.024692,0.0008,5,0.015869,0.0008,5,0.021699,0.0008,5,0.023513,0.0008,5,0.023662,0.0008,5,0.02477,0.0008
5,0.0037884,0.001,5,0.008783,0.001,5,0.011049,0.001,5,0.01808,0.001,5,0.032145,0.001,5,0.01384,0.001,5,0.016156,0.001,5,0.020873,0.001,5,0.019826,0.001,5,0.025736,0.001,5,0.015091,0.001,5,0.021048,0.001,5,0.02632,0.001,5,0.032528,0.001,5,0.017298,0.001,5,0.023559,0.001,5,0.026486,0.001,5,0.028607,0.001,5,0.030991,0.001,5,0.020372,0.001,5,0.026812,0.001,5,0.029174,0.001,5,0.029792,0.001,5,0.031298,0.001
5,0.0056487,0.0012,5,0.011709,0.0012,5,0.015068,0.0012,5,0.022991,0.0012,5,0.038081,0.0012,5,0.016396,0.0012,5,0.019702,0.0012,5,0.025324,0.0012,5,0.025041,0.0012,5,0.031497,0.0012,5,0.018539,0.0012,5,0.025322,0.0012,5,0.031882,0.0012,5,0.038609,0.0012,5,0.02144,0.0012,5,0.028232,0.0012,5,0.031799,0.0012,5,0.034431,0.0012,5,0.03733,0.0012,5,0.02486,0.0012,5,0.031892,0.0012,5,0.034783,0.0012,5,0.035846,0.0012,5,0.037723,0.0012
5,0.007532,0.0014,5,0.014656,0.0014,5,0.019106,0.0014,5,0.027914,0.0014,5,0.044028,0.0014,5,0.018963,0.0014,5,0.02326,0.0014,5,0.029783,0.0014,5,0.030262,0.0014,5,0.037263,0.0014,5,0.021982,0.0014,5,0.029588,0.0014,5,0.037432,0.0014,5,0.044679,0.0014,5,0.025557,0.0014,5,0.03289,0.0014,5,0.037134,0.0014,5,0.040261,0.0014,5,0.043603,0.0014,5,0.029375,0.0014,5,0.037009,0.0014,5,0.040446,0.0014,5,0.041973,0.0014,5,0.044246,0.0014
5,0.0094425,0.0016,5,0.017629,0.0016,5,0.023166,0.0016,5,0.032853,0.0016,5,0.049988,0.0016,5,0.021545,0.0016,5,0.026834,0.0016,5,0.034253,0.0016,5,0.03549,0.0016,5,0.043036,0.0016,5,0.025428,0.0016,5,0.033854,0.0016,5,0.04298,0.0016,5,0.050746,0.0016,5,0.029665,0.0016,5,0.037577,0.0016,5,0.042446,0.0016,5,0.046098,0.0016,5,0.049919,0.0016,5,0.033883,0.0016,5,0.042105,0.0016,5,0.046074,0.0016,5,0.048048,0.0016,5,0.050695,0.0016
5,0.011384,0.0018,5,0.020632,0.0018,5,0.02725,0.0018,5,0.037811,0.0018,5,0.055962,0.0018,5,0.024146,0.0018,5,0.030425,0.0018,5,0.038737,0.0018,5,0.04073,0.0018,5,0.04882,0.0018,5,0.028883,0.0018,5,0.038126,0.0018,5,0.048529,0.0018,5,0.056814,0.0018,5,0.033773,0.0018,5,0.042256,0.0018,5,0.047782,0.0018,5,0.051942,0.0018,5,0.056241,0.0018,5,0.038416,0.0018,5,0.047232,0.0018,5,0.051747,0.0018,5,0.054158,0.0018,5,0.057191,0.0018
5,0.013362,0.002,5,0.023669,0.002,5,0.031362,0.002,5,0.042789,0.002,5,0.061952,0.002,5,0.026768,0.002,5,0.034038,0.002,5,0.043237,0.002,5,0.045981,0.002,5,0.054616,0.002,5,0.032352,0.002,5,0.042408,0.002,5,0.054084,0.002,5,0.062885,0.002,5,0.037886,0.002,5,0.046956,0.002,5,0.053128,0.002,5,0.057794,0.002,5,0.06257,0.002,5,0.042948,0.002,5,0.052346,0.002,5,0.057395,0.002,5,0.060293,0.002,5,0.063716,0.002
5,0.015378,0.0022,5,0.026744,0.0022,5,0.035505,0.0022,5,0.047791,0.0022,5,0.067959,0.0022,5,0.029415,0.0022,5,0.037673,0.0022,5,0.047756,0.0022,5,0.051247,0.0022,5,0.060424,0.0022,5,0.035838,0.0022,5,0.046702,0.0022,5,0.059646,0.0022,5,0.068963,0.0022,5,0.042012,0.0022,5,0.051667,0.0022,5,0.058485,0.0022,5,0.063656,0.0022,5,0.068907,0.0022,5,0.047499,0.0022,5,0.05749,0.0022,5,0.063082,0.0022,5,0.066398,0.0022,5,0.070199,0.0022
5,0.017436,0.0024,5,0.02986,0.0024,5,0.039681,0.0024,5,0.052817,0.0024,5,0.073986,0.0024,5,0.032089,0.0024,5,0.041335,0.0024,5,0.052295,0.0024,5,0.056528,0.0024,5,0.066248,0.0024,5,0.039343,0.0024,5,0.051012,0.0024,5,0.065218,0.0024,5,0.075049,0.0024,5,0.046144,0.0024,5,0.056393,0.0024,5,0.063854,0.0024,5,0.069529,0.0024,5,0.075254,0.0024,5,0.052068,0.0024,5,0.062626,0.0024,5,0.068751,0.0024,5,0.072549,0.0024,5,0.076742,0.0024
5,0.019541,0.0026,5,0.033022,0.0026,5,0.043894,0.0026,5,0.057871,0.0026,5,0.080033,0.0026,5,0.034794,0.0026,5,0.045024,0.0026,5,0.056856,0.0026,5,0.061827,0.0026,5,0.072088,0.0026,5,0.04287,0.0026,5,0.055338,0.0026,5,0.070802,0.0026,5,0.081145,0.0026,5,0.050298,0.0026,5,0.061133,0.0026,5,0.069235,0.0026,5,0.075412,0.0026,5,0.081611,0.0026,5,0.056643,0.0026,5,0.06779,0.0026,5,0.074457,0.0026,5,0.078672,0.0026,5,0.083242,0.0026
5,0.021694,0.0028,5,0.036232,0.0028,5,0.048146,0.0028,5,0.062954,0.0028,5,0.086102,0.0028,5,0.037531,0.0028,5,0.048743,0.0028,5,0.061442,0.0028,5,0.067144,0.0028,5,0.077945,0.0028,5,0.046421,0.0028,5,0.059684,0.0028,5,0.076398,0.0028,5,0.087251,0.0028,5,0.054463,0.0028,5,0.065894,0.0028,5,0.074631,0.0028,5,0.081309,0.0028,5,0.087978,0.0028,5,0.061243,0.0028,5,0.072951,0.0028,5,0.08015,0.0028,5,0.08484,0.0028,5,0.089801,0.0028
5,0.023898,0.003,5,0.039492,0.003,5,0.052439,0.003,5,0.068069,0.003,5,0.092195,0.003,5,0.040305,0.003,5,0.052494,0.003,5,0.066053,0.003,5,0.072481,0.003,5,0.083821,0.003,5,0.049998,0.003,5,0.06405,0.003,5,0.082009,0.003,5,0.09337,0.003,5,0.058652,0.003,5,0.070662,0.003,5,0.080041,0.003,5,0.087218,0.003,5,0.094357,0.003,5,0.065852,0.003,5,0.07814,0.003,5,0.085878,0.003,5,0.090986,0.003,5,0.096325,0.003
5,0.026157,0.0032,5,0.042807,0.0032,5,0.056775,0.0032,5,0.073217,0.0032,5,0.098314,0.0032,5,0.043117,0.0032,5,0.056279,0.0032,5,0.070692,0.0032,5,0.07784,0.0032,5,0.089717,0.0032,5,0.053603,0.0032,5,0.06844,0.0032,5,0.087636,0.0032,5,0.099502,0.0032,5,0.062862,0.0032,5,0.075454,0.0032,5,0.085467,0.0032,5,0.093141,0.0032,5,0.10075,0.0032,5,0.070487,0.0032,5,0.08333,0.0032,5,0.091598,0.0032,5,0.097175,0.0032,5,0.1029,0.0032
5,0.028472,0.0034,5,0.046177,0.0034,5,0.061157,0.0034,5,0.0784,0.0034,5,0.10446,0.0034,5,0.045969,0.0034,5,0.060099,0.0034,5,0.07536,0.0034,5,0.083222,0.0034,5,0.095635,0.0034,5,0.057239,0.0034,5,0.072853,0.0034,5,0.093279,0.0034,5,0.10565,0.0034,5,0.067096,0.0034,5,0.080266,0.0034,5,0.090916,0.0034,5,0.099089,0.0034,5,0.10716,0.0034,5,0.075134,0.0034,5,0.088548,0.0034,5,0.097352,0.0034,5,0.10335,0.0034,5,0.10945,0.0034
5,0.030845,0.0036,5,0.049604,0.0036,5,0.065586,0.0036,5,0.08362,0.0036,5,0.11063,0.0036,5,0.048864,0.0036,5,0.063958,0.0036,5,0.080059,0.0036,5,0.088628,0.0036,5,0.10158,0.0036,5,0.060906,0.0036,5,0.077292,0.0036,5,0.098941,0.0036,5,0.11181,0.0036,5,0.071356,0.0036,5,0.085102,0.0036,5,0.09637,0.0036,5,0.10503,0.0036,5,0.11357,0.0036,5,0.079809,0.0036,5,0.09377,0.0036,5,0.1031,0.0036,5,0.10956,0.0036,5,0.11605,0.0036
5,0.033279,0.0038,5,0.053091,0.0038,5,0.070063,0.0038,5,0.088879,0.0038,5,0.11683,0.0038,5,0.051805,0.0038,5,0.067855,0.0038,5,0.08479,0.0038,5,0.094059,0.0038,5,0.10754,0.0038,5,0.064607,0.0038,5,0.081759,0.0038,5,0.10462,0.0038,5,0.11799,0.0038,5,0.075638,0.0038,5,0.089951,0.0038,5,0.10186,0.0038,5,0.11102,0.0038,5,0.12002,0.0038,5,0.084497,0.0038,5,0.09902,0.0038,5,0.10889,0.0038,5,0.11576,0.0038,5,0.12263,0.0038
5,0.035775,0.004,5,0.056638,0.004,5,0.074591,0.004,5,0.094178,0.004,5,0.12307,0.004,5,0.054792,0.004,5,0.071794,0.004,5,0.089555,0.004,5,0.099518,0.004,5,0.11353,0.004,5,0.068343,0.004,5,0.086254,0.004,5,0.11032,0.004,5,0.12419,0.004,5,0.079953,0.004,5,0.094832,0.004,5,0.10735,0.004,5,0.11699,0.004,5,0.12645,0.004,5,0.089216,0.004,5,0.10428,0.004,5,0.11467,0.004,5,0.122,0.004,5,0.12926,0.004
5,0.038334,0.0042,5,0.060246,0.0042,5,0.079171,0.0042,5,0.099518,0.0042,5,0.12933,0.0042,5,0.057829,0.0042,5,0.075775,0.0042,5,0.094355,0.0042,5,0.105,0.0042,5,0.11955,0.0042,5,0.072114,0.0042,5,0.090778,0.0042,5,0.11605,0.0042,5,0.1304,0.0042,5,0.084292,0.0042,5,0.099728,0.0042,5,0.11287,0.0042,5,0.12301,0.0042,5,0.13293,0.0042,5,0.093951,0.0042,5,0.10956,0.0042,5,0.12048,0.0042,5,0.12823,0.0042,5,0.13587,0.0042
5,0.040957,0.0044,5,0.063916,0.0044,5,0.083803,0.0044,5,0.1049,0.0044,5,0.13563,0.0044,5,0.060916,0.0044,5,0.079801,0.0044,5,0.099192,0.0044,5,0.11052,0.0044,5,0.12559,0.0044,5,0.075925,0.0044,5,0.095334,0.0044,5,0.12179,0.0044,5,0.13663,0.0044,5,0.088666,0.0044,5,0.10466,0.0044,5,0.11841,0.0044,5,0.12903,0.0044,5,0.1394,0.0044,5,0.098717,0.0044,5,0.11486,0.0044,5,0.1263,0.0044,5,0.1345,0.0044,5,0.14252,0.0044
5,0.043645,0.0046,5,0.067648,0.0046,5,0.088489,0.0046,5,0.11033,0.0046,5,0.14196,0.0046,5,0.064056,0.0046,5,0.083871,0.0046,5,0.10407,0.0046,5,0.11607,0.0046,5,0.13166,0.0046,5,0.079771,0.0046,5,0.099922,0.0046,5,0.12756,0.0046,5,0.14288,0.0046,5,0.093065,0.0046,5,0.1096,0.0046,5,0.12398,0.0046,5,0.13509,0.0046,5,0.14591,0.0046,5,0.1035,0.0046,5,0.12019,0.0046,5,0.13216,0.0046,5,0.14077,0.0046,5,0.14917,0.0046
5,0.046399,0.0048,5,0.071442,0.0048,5,0.09323,0.0048,5,0.1158,0.0048,5,0.14833,0.0048,5,0.06725,0.0048,5,0.087989,0.0048,5,0.10898,0.0048,5,0.12164,0.0048,5,0.13776,0.0048,5,0.08366,0.0048,5,0.10454,0.0048,5,0.13335,0.0048,5,0.14916,0.0048,5,0.097502,0.0048,5,0.11459,0.0048,5,0.12956,0.0048,5,0.14114,0.0048,5,0.15241,0.0048,5,0.10832,0.0048,5,0.12553,0.0048,5,0.13801,0.0048,5,0.14707,0.0048,5,0.15586,0.0048
5,0.049219,0.005,5,0.075299,0.005,5,0.098025,0.005,5,0.12132,0.005,5,0.15474,0.005,5,0.0705,0.005,5,0.092154,0.005,5,0.11393,0.005,5,0.12725,0.005,5,0.1439,0.005,5,0.087591,0.005,5,0.1092,0.005,5,0.13917,0.005,5,0.15545,0.005,5,0.10197,0.005,5,0.11959,0.005,5,0.13517,0.005,5,0.14724,0.005,5,0.15896,0.005,5,0.11316,0.005,5,0.1309,0.005,5,0.1439,0.005,5,0.15338,0.005,5,0.16253,0.005
5,0.052106,0.0052,5,0.079219,0.0052,5,0.10288,0.0052,5,0.12689,0.0052,5,0.16118,0.0052,5,0.073807,0.0052,5,0.096369,0.0052,5,0.11893,0.0052,5,0.1329,0.0052,5,0.15006,0.0052,5,0.091562,0.0052,5,0.11389,0.0052,5,0.14502,0.0052,5,0.16177,0.0052,5,0.10647,0.0052,5,0.12462,0.0052,5,0.1408,0.0052,5,0.15335,0.0052,5,0.16551,0.0052,5,0.11803,0.0052,5,0.13628,0.0052,5,0.1498,0.0052,5,0.15972,0.0052,5,0.16926,0.0052
15,-0.0020351,-0.0002,15,-0.0020618,-0.0002,15,-0.00057195,-0.0002,15,-0.0022014,-0.0002,15,-0.0072884,-0.0002,15,-0.0047904,-0.0002,15,-0.0048084,-0.0002,15,-0.005496,-0.0002,15,-0.0028836,-0.0002,15,-0.0045086,-0.0002,15,-0.0045183,-0.0002,15,-0.0059969,-0.0002,15,-0.0058568,-0.0002,15,-0.0076678,-0.0002,15,-0.00412,-0.0002,15,-0.0059363,-0.0002,15,-0.0051089,-0.0002,15,-0.0061416,-0.0002,15,-0.0066385,-0.0002,15,-0.0042883,-0.0002,15,-0.0054444,-0.0002,15,-0.0066452,-0.0002,15,-0.0051246,-0.0002,15,-0.0064285,-0.0002
15,-0.0061968,-0.0004,15,-0.0066787,-0.0004,15,-0.0056101,-0.0004,15,-0.0075524,-0.0004,15,-0.013088,-0.0004,15,-0.009105,-0.0004,15,-0.0092208,-0.0004,15,-0.010213,-0.0004,15,-0.0078441,-0.0004,15,-0.0098836,-0.0004,15,-0.0086727,-0.0004,15,-0.010421,-0.0004,15,-0.01072,-0.0004,15,-0.012711,-0.0004,15,-0.0086903,-0.0004,15,-0.010325,-0.0004,15,-0.010083,-0.0004,15,-0.010878,-0.0004,15,-0.011518,-0.0004,15,-0.0084876,-0.0004,15,-0.010225,-0.0004,15,-0.011192,-0.0004,15,-0.010223,-0.0004,15,-0.011224,-0.0004
15,-0.010315,-0.0006,15,-0.011207,-0.0006,15,-0.010583,-0.0006,15,-0.012847,-0.0006,15,-0.01885,-0.0006,15,-0.013524,-0.0006,15,-0.013894,-0.0006,15,-0.015241,-0.0006,15,-0.013147,-0.0006,15,-0.015488,-0.0006,15,-0.013146,-0.0006,15,-0.015192,-0.0006,15,-0.015982,-0.0006,15,-0.018181,-0.0006,15,-0.013354,-0.0006,15,-0.015093,-0.0006,15,-0.015221,-0.0006,15,-0.016081,-0.0006,15,-0.016909,-0.0006,15,-0.013047,-0.0006,15,-0.015139,-0.0006,15,-0.016191,-0.0006,15,-0.015536,-0.0006,15,-0.016556,-0.0006
15,-0.014425,-0.0008,15,-0.015716,-0.0008,15,-0.015543,-0.0008,15,-0.01813,-0.0008,15,-0.024604,-0.0008,15,-0.017925,-0.0008,15,-0.018578,-0.0008,15,-0.020268,-0.0008,15,-0.018442,-0.0008,15,-0.021035,-0.0008,15,-0.01765,-0.0008,15,-0.019989,-0.0008,15,-0.021247,-0.0008,15,-0.02364,-0.0008,15,-0.017991,-0.0008,15,-0.019892,-0.0008,15,-0.020318,-0.0008,15,-0.021297,-0.0008,15,-0.022302,-0.0008,15,-0.017644,-0.0008,15,-0.020018,-0.0008,15,-0.021213,-0.0008,15,-0.020794,-0.0008,15,-0.021889,-0.0008
15,-0.018533,-0.001,15,-0.020221,-0.001,15,-0.0205,-0.001,15,-0.023411,-0.001,15,-0.030357,-0.001,15,-0.022343,-0.001,15,-0.023301,-0.001,15,-0.025345,-0.001,15,-0.023795,-0.001,15,-0.026635,-0.001,15,-0.022199,-0.001,15,-0.024837,-0.001,15,-0.026584,-0.001,15,-0.029178,-0.001,15,-0.022653,-0.001,15,-0.024751,-0.001,15,-0.025458,-0.001,15,-0.026594,-0.001,15,-0.027787,-0.001,15,-0.022296,-0.001,15,-0.024935,-0.001,15,-0.026312,-0.001,15,-0.026113,-0.001,15,-0.027322,-0.001
15,-0.022643,-0.0012,15,-0.024728,-0.0012,15,-0.025458,-0.0012,15,-0.028693,-0.0012,15,-0.036113,-0.0012,15,-0.026752,-0.0012,15,-0.028018,-0.0012,15,-0.030408,-0.0012,15,-0.029128,-0.0012,15,-0.032201,-0.0012,15,-0.026746,-0.0012,15,-0.02968,-0.0012,15,-0.0319,-0.0012,15,-0.034688,-0.0012,15,-0.027301,-0.0012,15,-0.029602,-0.0012,15,-0.030572,-0.0012,15,-0.03187,-0.0012,15,-0.033244,-0.0012,15,-0.026945,-0.0012,15,-0.029828,-0.0012,15,-0.031394,-0.0012,15,-0.031395,-0.0012,15,-0.032725,-0.0012
15,-0.026758,-0.0014,15,-0.029238,-0.0014,15,-0.030421,-0.0014,15,-0.033979,-0.0014,15,-0.041872,-0.0014,15,-0.031173,-0.0014,15,-0.032757,-0.0014,15,-0.0355,-0.0014,15,-0.034495,-0.0014,15,-0.037802,-0.0014,15,-0.031314,-0.0014,15,-0.034549,-0.0014,15,-0.037255,-0.0014,15,-0.040243,-0.0014,15,-0.031966,-0.0014,15,-0.034483,-0.0014,15,-0.035715,-0.0014,15,-0.037189,-0.0014,15,-0.038751,-0.0014,15,-0.03162,-0.0014,15,-0.034747,-0.0014,15,-0.036516,-0.0014,15,-0.036715,-0.0014,15,-0.038181,-0.0014
15,-0.030878,-0.0016,15,-0.033756,-0.0016,15,-0.035389,-0.0016,15,-0.03927,-0.0016,15,-0.047635,-0.0016,15,-0.035589,-0.0016,15,-0.037492,-0.0016,15,-0.040581,-0.0016,15,-0.039846,-0.0016,15,-0.04338,-0.0016,15,-0.035879,-0.0016,15,-0.039411,-0.0016,15,-0.042593,-0.0016,15,-0.045775,-0.0016,15,-0.036622,-0.0016,15,-0.039355,-0.0016,15,-0.04084,-0.0016,15,-0.042489,-0.0016,15,-0.044234,-0.0016,15,-0.036288,-0.0016,15,-0.03965,-0.0016,15,-0.041622,-0.0016,15,-0.042009,-0.0016,15,-0.043611,-0.0016
15,-0.035004,-0.0018,15,-0.038281,-0.0018,15,-0.040364,-0.0018,15,-0.044567,-0.0018,15,-0.053404,-0.0018,15,-0.040017,-0.0018,15,-0.042244,-0.0018,15,-0.045684,-0.0018,15,-0.045222,-0.0018,15,-0.048987,-0.0018,15,-0.04046,-0.0018,15,-0.044292,-0.0018,15,-0.047958,-0.0018,15,-0.051339,-0.0018,15,-0.041292,-0.0018,15,-0.044247,-0.0018,15,-0.045986,-0.0018,15,-0.047819,-0.0018,15,-0.049752,-0.0018,15,-0.040974,-0.0018,15,-0.044572,-0.0018,15,-0.046756,-0.0018,15,-0.047333,-0.0018,15,-0.049078,-0.0018
15,-0.039139,-0.002,15,-0.042815,-0.002,15,-0.045347,-0.002,15,-0.049871,-0.002,15,-0.05918,-0.002,15,-0.044442,-0.002,15,-0.046993,-0.002,15,-0.05078,-0.002,15,-0.050586,-0.002,15,-0.054576,-0.002,15,-0.045039,-0.002,15,-0.049168,-0.002,15,-0.05331,-0.002,15,-0.056886,-0.002,15,-0.045956,-0.002,15,-0.049133,-0.002,15,-0.05112,-0.002,15,-0.053134,-0.002,15,-0.055251,-0.002,15,-0.045654,-0.002,15,-0.049483,-0.002,15,-0.051876,-0.002,15,-0.052637,-0.002,15,-0.054525,-0.002
15,-0.043282,-0.0022,15,-0.04736,-0.0022,15,-0.05034,-0.0022,15,-0.055184,-0.0022,15,-0.064963,-0.0022,15,-0.048879,-0.0022,15,-0.051759,-0.0022,15,-0.055895,-0.0022,15,-0.055972,-0.0022,15,-0.060191,-0.0022,15,-0.049631,-0.0022,15,-0.05406,-0.0022,15,-0.058685,-0.0022,15,-0.062458,-0.0022,15,-0.050633,-0.0022,15,-0.054034,-0.0022,15,-0.056273,-0.0022,15,-0.058473,-0.0022,15,-0.060778,-0.0022,15,-0.050349,-0.0022,15,-0.05441,-0.0022,15,-0.057019,-0.0022,15,-0.057965,-0.0022,15,-0.060003,-0.0022
15,-0.047434,-0.0024,15,-0.051916,-0.0024,15,-0.055342,-0.0024,15,-0.06051,-0.0024,15,-0.070753,-0.0024,15,-0.053317,-0.0024,15,-0.056524,-0.0024,15,-0.061007,-0.0024,15,-0.06135,-0.0024,15,-0.065793,-0.0024,15,-0.054223,-0.0024,15,-0.058949,-0.0024,15,-0.064049,-0.0024,15,-0.068018,-0.0024,15,-0.055307,-0.0024,15,-0.058931,-0.0024,15,-0.061417,-0.0024,15,-0.063801,-0.0024,15,-0.06629,-0.0024,15,-0.055039,-0.0024,15,-0.05933,-0.0024,15,-0.062152,-0.0024,15,-0.063279,-0.0024,15,-0.065464,-0.0024
15,-0.051597,-0.0026,15,-0.056484,-0.0026,15,-0.060358,-0.0026,15,-0.065837,-0.0026,15,-0.076559,-0.0026,15,-0.057767,-0.0026,15,-0.061304,-0.0026,15,-0.066135,-0.0026,15,-0.066746,-0.0026,15,-0.071417,-0.0026,15,-0.058828,-0.0026,15,-0.063853,-0.0026,15,-0.069433,-0.0026,15,-0.0736,-0.0026,15,-0.059993,-0.0026,15,-0.063843,-0.0026,15,-0.066577,-0.0026,15,-0.069149,-0.0026,15,-0.071827,-0.0026,15,-0.059743,-0.0026,15,-0.064264,-0.0026,15,-0.067304,-0.0026,15,-0.068614,-0.0026,15,-0.070951,-0.0026
15,-0.055772,-0.0028,15,-0.061065,-0.0028,15,-0.065379,-0.0028,15,-0.071183,-0.0028,15,-0.082361,-0.0028,15,-0.062219,-0.0028,15,-0.066087,-0.0028,15,-0.071263,-0.0028,15,-0.072138,-0.0028,15,-0.077033,-0.0028,15,-0.063433,-0.0028,15,-0.068755,-0.0028,15,-0.07481,-0.0028,15,-0.079172,-0.0028,15,-0.064677,-0.0028,15,-0.068752,-0.0028,15,-0.071732,-0.0028,15,-0.074489,-0.0028,15,-0.077352,-0.0028,15,-0.064444,-0.0028,15,-0.069193,-0.0028,15,-0.072449,-0.0028,15,-0.073939,-0.0028,15,-0.076425,-0.0028
15,-0.059955,-0.003,15,-0.065662,-0.003,15,-0.070418,-0.003,15,-0.076532,-0.003,15,-0.088184,-0.003,15,-0.066684,-0.003,15,-0.070884,-0.003,15,-0.076407,-0.003,15,-0.077548,-0.003,15,-0.08267,-0.003,15,-0.068051,-0.003,15,-0.073671,-0.003,15,-0.080205,-0.003,15,-0.084765,-0.003,15,-0.069373,-0.003,15,-0.073674,-0.003,15,-0.076902,-0.003,15,-0.079848,-0.003,15,-0.082899,-0.003,15,-0.069156,-0.003,15,-0.074135,-0.003,15,-0.077611,-0.003,15,-0.079282,-0.003,15,-0.081922,-0.003
15,-0.064154,-0.0032,15,-0.070269,-0.0032,15,-0.075464,-0.0032,15,-0.081901,-0.0032,15,-0.094007,-0.0032,15,-0.071153,-0.0032,15,-0.075685,-0.0032,15,-0.081552,-0.0032,15,-0.082955,-0.0032,15,-0.088302,-0.0032,15,-0.072672,-0.0032,15,-0.078588,-0.0032,15,-0.085595,-0.0032,15,-0.090351,-0.0032,15,-0.07407,-0.0032,15,-0.078595,-0.0032,15,-0.082068,-0.0032,15,-0.085202,-0.0032,15,-0.088437,-0.0032,15,-0.073868,-0.0032,15,-0.079074,-0.0032,15,-0.082768,-0.0032,15,-0.084618,-0.0032,15,-0.087411,-0.0032
15,-0.068361,-0.0034,15,-0.074894,-0.0034,15,-0.080529,-0.0034,15,-0.087276,-0.0034,15,-0.09985,-0.0034,15,-0.075636,-0.0034,15,-0.080501,-0.0034,15,-0.086714,-0.0034,15,-0.088379,-0.0034,15,-0.093953,-0.0034,15,-0.077305,-0.0034,15,-0.083518,-0.0034,15,-0.091002,-0.0034,15,-0.095956,-0.0034,15,-0.078779,-0.0034,15,-0.083529,-0.0034,15,-0.08725,-0.0034,15,-0.090573,-0.0034,15,-0.093996,-0.0034,15,-0.078591,-0.0034,15,-0.084027,-0.0034,15,-0.087941,-0.0034,15,-0.089971,-0.0034,15,-0.09292,-0.0034
15,-0.072584,-0.0036,15,-0.07953,-0.0036,15,-0.085602,-0.0036,15,-0.092667,-0.0036,15,-0.1057,-0.0036,15,-0.080124,-0.0036,15,-0.085323,-0.0036,15,-0.091878,-0.0036,15,-0.093803,-0.0036,15,-0.099602,-0.0036,15,-0.081943,-0.0036,15,-0.08845,-0.0036,15,-0.096407,-0.0036,15,-0.10156,-0.0036,15,-0.083489,-0.0036,15,-0.088463,-0.0036,15,-0.092429,-0.0036,15,-0.09594,-0.0036,15,-0.099548,-0.0036,15,-0.083315,-0.0036,15,-0.088978,-0.0036,15,-0.093111,-0.0036,15,-0.09532,-0.0036,15,-0.098422,-0.0036
15,-0.076818,-0.0038,15,-0.084184,-0.0038,15,-0.090691,-0.0038,15,-0.098076,-0.0038,15,-0.11156,-0.0038,15,-0.084627,-0.0038,15,-0.090161,-0.0038,15,-0.097059,-0.0038,15,-0.099244,-0.0038,15,-0.10527,-0.0038,15,-0.086593,-0.0038,15,-0.093396,-0.0038,15,-0.10183,-0.0038,15,-0.10717,-0.0038,15,-0.088211,-0.0038,15,-0.09341,-0.0038,15,-0.097624,-0.0038,15,-0.10132,-0.0038,15,-0.10512,-0.0038,15,-0.08805,-0.0038,15,-0.093942,-0.0038,15,-0.098297,-0.0038,15,-0.10068,-0.0038,15,-0.10395,-0.0038
15,-0.081067,-0.004,15,-0.08885,-0.004,15,-0.095794,-0.004,15,-0.10349,-0.004,15,-0.11743,-0.004,15,-0.089137,-0.004,15,-0.095005,-0.004,15,-0.10224,-0.004,15,-0.10469,-0.004,15,-0.11094,-0.004,15,-0.091248,-0.004,15,-0.098346,-0.004,15,-0.10725,-0.004,15,-0.11279,-0.004,15,-0.092936,-0.004,15,-0.098359,-0.004,15,-0.10282,-0.004,15,-0.10671,-0.004,15,-0.11069,-0.004,15,-0.092787,-0.004,15,-0.098906,-0.004,15,-0.10348,-0.004,15,-0.10605,-0.004,15,-0.10946,-0.004
15,-0.085327,-0.0042,15,-0.093535,-0.0042,15,-0.10092,-0.0042,15,-0.10893,-0.0042,15,-0.12332,-0.0042,15,-0.093662,-0.0042,15,-0.099865,-0.0042,15,-0.10745,-0.0042,15,-0.11015,-0.0042,15,-0.11662,-0.0042,15,-0.095916,-0.0042,15,-0.10331,-0.0042,15,-0.11268,-0.0042,15,-0.11842,-0.0042,15,-0.097674,-0.0042,15,-0.10332,-0.0042,15,-0.10803,-0.0042,15,-0.11211,-0.0042,15,-0.11627,-0.0042,15,-0.097536,-0.0042,15,-0.10388,-0.0042,15,-0.10868,-0.0042,15,-0.11143,-0.0042,15,-0.115,-0.0042
15,-0.089603,-0.0044,15,-0.098232,-0.0044,15,-0.10605,-0.0044,15,-0.11438,-0.0044,15,-0.12923,-0.0044,15,-0.098196,-0.0044,15,-0.10473,-0.0044,15,-0.11265,-0.0044,15,-0.11561,-0.0044,15,-0.12231,-0.0044,15,-0.10059,-0.0044,15,-0.10828,-0.0044,15,-0.11812,-0.0044,15,-0.12405,-0.0044,15,-0.10242,-0.0044,15,-0.10829,-0.0044,15,-0.11324,-0.0044,15,-0.1175,-0.0044,15,-0.12186,-0.0044,15,-0.10229,-0.0044,15,-0.10886,-0.0044,15,-0.11388,-0.0044,15,-0.1168,-0.0044,15,-0.12054,-0.0044
15,-0.093891,-0.0046,15,-0.10295,-0.0046,15,-0.1112,-0.0046,15,-0.11985,-0.0046,15,-0.13514,-0.0046,15,-0.10274,-0.0046,15,-0.10962,-0.0046,15,-0.11788,-0.0046,15,-0.12109,-0.0046,15,-0.12802,-0.0046,15,-0.10528,-0.0046,15,-0.11326,-0.0046,15,-0.12357,-0.0046,15,-0.1297,-0.0046,15,-0.10717,-0.0046,15,-0.11326,-0.0046,15,-0.11846,-0.0046,15,-0.12292,-0.0046,15,-0.12746,-0.0046,15,-0.10705,-0.0046,15,-0.11385,-0.0046,15,-0.11909,-0.0046,15,-0.1222,-0.0046,15,-0.12609,-0.0046
15,-0.098194,-0.0048,15,-0.10767,-0.0048,15,-0.11636,-0.0048,15,-0.12533,-0.0048,15,-0.14107,-0.0048,15,-0.1073,-0.0048,15,-0.11451,-0.0048,15,-0.12311,-0.0048,15,-0.12657,-0.0048,15,-0.13373,-0.0048,15,-0.10998,-0.0048,15,-0.11825,-0.0048,15,-0.12903,-0.0048,15,-0.13536,-0.0048,15,-0.11193,-0.0048,15,-0.11824,-0.0048,15,-0.12369,-0.0048,15,-0.12834,-0.0048,15,-0.13306,-0.0048,15,-0.11182,-0.0048,15,-0.11885,-0.0048,15,-0.12431,-0.0048,15,-0.12759,-0.0048,15,-0.13164,-0.0048
15,-0.10251,-0.005,15,-0.11242,-0.005,15,-0.12155,-0.005,15,-0.13083,-0.005,15,-0.14701,-0.005,15,-0.11188,-0.005,15,-0.11942,-0.005,15,-0.12836,-0.005,15,-0.13207,-0.005,15,-0.13946,-0.005,15,-0.11469,-0.005,15,-0.12325,-0.005,15,-0.1345,-0.005,15,-0.14102,-0.005,15,-0.1167,-0.005,15,-0.12324,-0.005,15,-0.12893,-0.005,15,-0.13377,-0.005,15,-0.13868,-0.005,15,-0.1166,-0.005,15,-0.12386,-0.005,15,-0.12954,-0.005,15,-0.133,-0.005,15,-0.13722,-0.005
15,-0.10684,-0.0052,15,-0.11718,-0.0052,15,-0.12674,-0.0052,15,-0.13635,-0.0052,15,-0.15298,-0.0052,15,-0.11646,-0.0052,15,-0.12435,-0.0052,15,-0.13362,-0.0052,15,-0.13758,-0.0052,15,-0.1452,-0.0052,15,-0.1194,-0.0052,15,-0.12826,-0.0052,15,-0.13998,-0.0052,15,-0.14669,-0.0052,15,-0.12148,-0.0052,15,-0.12824,-0.0052,15,-0.13418,-0.0052,15,-0.13921,-0.0052,15,-0.14431,-0.0052,15,-0.12138,-0.0052,15,-0.12887,-0.0052,15,-0.13478,-0.0052,15,-0.13842,-0.0052,15,-0.14279,-0.0052
15,-0.11119,-0.0054,15,-0.12195,-0.0054,15,-0.13196,-0.0054,15,-0.14189,-0.0054,15,-0.15895,-0.0054,15,-0.12107,-0.0054,15,-0.12929,-0.0054,15,-0.1389,-0.0054,15,-0.14311,-0.0054,15,-0.15095,-0.0054,15,-0.12414,-0.0054,15,-0.13328,-0.0054,15,-0.14547,-0.0054,15,-0.15238,-0.0054,15,-0.12627,-0.0054,15,-0.13326,-0.0054,15,-0.13944,-0.0054,15,-0.14466,-0.0054,15,-0.14994,-0.0054,15,-0.12618,-0.0054,15,-0.1339,-0.0054,15,-0.14003,-0.0054,15,-0.14385,-0.0054,15,-0.14838,-0.0054
15,-0.11555,-0.0056,15,-0.12674,-0.0056,15,-0.13719,-0.0056,15,-0.14744,-0.0056,15,-0.16495,-0.0056,15,-0.12568,-0.0056,15,-0.13424,-0.0056,15,-0.14418,-0.0056,15,-0.14864,-0.0056,15,-0.15671,-0.0056,15,-0.12888,-0.0056,15,-0.13831,-0.0056,15,-0.15096,-0.0056,15,-0.15807,-0.0056,15,-0.13107,-0.0056,15,-0.13828,-0.0056,15,-0.14471,-0.0056,15,-0.15012,-0.0056,15,-0.15559,-0.0056,15,-0.13098,-0.0056,15,-0.13893,-0.0056,15,-0.14528,-0.0056,15,-0.14928,-0.0056,15,-0.15398,-0.0056
15,-0.11992,-0.0058,15,-0.13155,-0.0058,15,-0.14244,-0.0058,15,-0.15301,-0.0058,15,-0.17096,-0.0058,15,-0.13031,-0.0058,15,-0.13921,-0.0058,15,-0.14949,-0.0058,15,-0.15419,-0.0058,15,-0.1625,-0.0058,15,-0.13364,-0.0058,15,-0.14336,-0.0058,15,-0.15648,-0.0058,15,-0.16378,-0.0058,15,-0.13588,-0.0058,15,-0.14331,-0.0058,15,-0.15,-0.0058,15,-0.1556,-0.0058,15,-0.16125,-0.0058,15,-0.1358,-0.0058,15,-0.14397,-0.0058,15,-0.15055,-0.0058,15,-0.15473,-0.0058,15,-0.15959,-0.0058
15,-0.12431,-0.006,15,-0.13638,-0.006,15,-0.1477,-0.006,15,-0.1586,-0.006,15,-0.17699,-0.006,15,-0.13495,-0.006,15,-0.14419,-0.006,15,-0.1548,-0.006,15,-0.15975,-0.006,15,-0.16829,-0.006,15,-0.13841,-0.006,15,-0.14842,-0.006,15,-0.162,-0.006,15,-0.1695,-0.006,15,-0.1407,-0.006,15,-0.14835,-0.006,15,-0.15529,-0.006,15,-0.16108,-0.006,15,-0.16692,-0.006,15,-0.14063,-0.006,15,-0.14903,-0.006,15,-0.15583,-0.006,15,-0.16019,-0.006,15,-0.16521,-0.006
12.5,-0.0013339,-0.0002,12.5,-0.0013667,-0.0002,12.5,-1.9759e-05,-0.0002,12.5,-0.0016379,-0.0002,12.5,-0.0076405,-0.0002,12.5,-0.0055902,-0.0002,12.5,-0.0041853,-0.0002,12.5,-0.0048232,-0.0002,12.5,-0.0020327,-0.0002,12.5,-0.0049207,-0.0002,12.5,-0.0038728,-0.0002,12.5,-0.0055182,-0.0002,12.5,-0.0054202,-0.0002,12.5,-0.0075117,-0.0002,12.5,-0.005644,-0.0002,12.5,-0.0054687,-0.0002,12.5,-0.0069341,-0.0002,12.5,-0.005724,-0.0002,12.5,-0.0062657,-0.0002,12.5,-0.0037559,-0.0002,12.5,-0.00746,-0.0002,12.5,-0.0063943,-0.0002,12.5,-0.0071173,-0.0002,12.5,-0.0060649,-0.0002
12.5,-0.0053401,-0.0004,12.5,-0.0059191,-0.0004,12.5,-0.0049268,-0.0004,12.5,-0.0070671,-0.0004,12.5,-0.013447,-0.0004,12.5,-0.0094081,-0.0004,12.5,-0.0088765,-0.0004,12.5,-0.0099107,-0.0004,12.5,-0.0074238,-0.0004,12.5,-0.01024,-0.0004,12.5,-0.0083133,-0.0004,12.5,-0.010263,-0.0004,12.5,-0.010656,-0.0004,12.5,-0.012971,-0.0004,12.5,-0.0094101,-0.0004,12.5,-0.010245,-0.0004,12.5,-0.011218,-0.0004,12.5,-0.010903,-0.0004,12.5,-0.011605,-0.0004,12.5,-0.008335,-0.0004,12.5,-0.011529,-0.0004,12.5,-0.011361,-0.0004,12.5,-0.011509,-0.0004,12.5,-0.011295,-0.0004
12.5,-0.0092702,-0.0006,12.5,-0.010338,-0.0006,12.5,-0.0098204,-0.0006,12.5,-0.012397,-0.0006,12.5,-0.019267,-0.0006,12.5,-0.013597,-0.0006,12.5,-0.013541,-0.0006,12.5,-0.015031,-0.0006,12.5,-0.012873,-0.0006,12.5,-0.015807,-0.0006,12.5,-0.012879,-0.0006,12.5,-0.015178,-0.0006,12.5,-0.016143,-0.0006,12.5,-0.018705,-0.0006,12.5,-0.013859,-0.0006,12.5,-0.015215,-0.0006,12.5,-0.016225,-0.0006,12.5,-0.016381,-0.0006,12.5,-0.0173,-0.0006,12.5,-0.013093,-0.0006,12.5,-0.016301,-0.0006,12.5,-0.016625,-0.0006,12.5,-0.016728,-0.0006,12.5,-0.016938,-0.0006
12.5,-0.013184,-0.0008,12.5,-0.014729,-0.0008,12.5,-0.014714,-0.0008,12.5,-0.017705,-0.0008,12.5,-0.025093,-0.0008,12.5,-0.017831,-0.0008,12.5,-0.018244,-0.0008,12.5,-0.020116,-0.0008,12.5,-0.018277,-0.0008,12.5,-0.021465,-0.0008,12.5,-0.017426,-0.0008,12.5,-0.020069,-0.0008,12.5,-0.021584,-0.0008,12.5,-0.024372,-0.0008,12.5,-0.018418,-0.0008,12.5,-0.020163,-0.0008,12.5,-0.021322,-0.0008,12.5,-0.021816,-0.0008,12.5,-0.022938,-0.0008,12.5,-0.017839,-0.0008,12.5,-0.021174,-0.0008,12.5,-0.02186,-0.0008,12.5,-0.022033,-0.0008,12.5,-0.02253,-0.0008
12.5,-0.017094,-0.001,12.5,-0.019112,-0.001,12.5,-0.01961,-0.001,12.5,-0.023007,-0.001,12.5,-0.030924,-0.001,12.5,-0.022106,-0.001,12.5,-0.022929,-0.001,12.5,-0.025237,-0.001,12.5,-0.02373,-0.001,12.5,-0.027099,-0.001,12.5,-0.021998,-0.001,12.5,-0.024995,-0.001,12.5,-0.027083,-0.001,12.5,-0.030109,-0.001,12.5,-0.023059,-0.001,12.5,-0.025154,-0.001,12.5,-0.026523,-0.001,12.5,-0.02732,-0.001,12.5,-0.02866,-0.001,12.5,-0.022623,-0.001,12.5,-0.026147,-0.001,12.5,-0.02716,-0.001,12.5,-0.027466,-0.001,12.5,-0.028218,-0.001
12.5,-0.021006,-0.0012,12.5,-0.023496,-0.0012,12.5,-0.024512,-0.0012,12.5,-0.02831,-0.0012,12.5,-0.03676,-0.0012,12.5,-0.026384,-0.0012,12.5,-0.027637,-0.0012,12.5,-0.030338,-0.0012,12.5,-0.029153,-0.0012,12.5,-0.032792,-0.0012,12.5,-0.026558,-0.0012,12.5,-0.029904,-0.0012,12.5,-0.032549,-0.0012,12.5,-0.035802,-0.0012,12.5,-0.027711,-0.0012,12.5,-0.030124,-0.0012,12.5,-0.031722,-0.0012,12.5,-0.032789,-0.0012,12.5,-0.034337,-0.0012,12.5,-0.027391,-0.0012,12.5,-0.031123,-0.0012,12.5,-0.032431,-0.0012,12.5,-0.032887,-0.0012,12.5,-0.033859,-0.0012
12.5,-0.024922,-0.0014,12.5,-0.027884,-0.0014,12.5,-0.029421,-0.0014,12.5,-0.033616,-0.0014,12.5,-0.042601,-0.0014,12.5,-0.030682,-0.0014,12.5,-0.032336,-0.0014,12.5,-0.035465,-0.0014,12.5,-0.03461,-0.0014,12.5,-0.038459,-0.0014,12.5,-0.031136,-0.0014,12.5,-0.034837,-0.0014,12.5,-0.038052,-0.0014,12.5,-0.041541,-0.0014,12.5,-0.032398,-0.0014,12.5,-0.035121,-0.0014,12.5,-0.036968,-0.0014,12.5,-0.038299,-0.0014,12.5,-0.040066,-0.0014,12.5,-0.032182,-0.0014,12.5,-0.036143,-0.0014,12.5,-0.03774,-0.0014,12.5,-0.038369,-0.0014,12.5,-0.039556,-0.0014
12.5,-0.028845,-0.0016,12.5,-0.03228,-0.0016,12.5,-0.034338,-0.0016,12.5,-0.038927,-0.0016,12.5,-0.04845,-0.0016,12.5,-0.034981,-0.0016,12.5,-0.037054,-0.0016,12.5,-0.040579,-0.0016,12.5,-0.040047,-0.0016,12.5,-0.044167,-0.0016,12.5,-0.035707,-0.0016,12.5,-0.039758,-0.0016,12.5,-0.043532,-0.0016,12.5,-0.047248,-0.0016,12.5,-0.037085,-0.0016,12.5,-0.040104,-0.0016,12.5,-0.042205,-0.0016,12.5,-0.043784,-0.0016,12.5,-0.045762,-0.0016,12.5,-0.036963,-0.0016,12.5,-0.041156,-0.0016,12.5,-0.043028,-0.0016,12.5,-0.043832,-0.0016,12.5,-0.045219,-0.0016
12.5,-0.032777,-0.0018,12.5,-0.036685,-0.0018,12.5,-0.039265,-0.0018,12.5,-0.044245,-0.0018,12.5,-0.054305,-0.0018,12.5,-0.039294,-0.0018,12.5,-0.041767,-0.0018,12.5,-0.045715,-0.0018,12.5,-0.04551,-0.0018,12.5,-0.049856,-0.0018,12.5,-0.040293,-0.0018,12.5,-0.044698,-0.0018,12.5,-0.049041,-0.0018,12.5,-0.052991,-0.0018,12.5,-0.041793,-0.0018,12.5,-0.045107,-0.0018,12.5,-0.047473,-0.0018,12.5,-0.0493,-0.0018,12.5,-0.051496,-0.0018,12.5,-0.04176,-0.0018,12.5,-0.046197,-0.0018,12.5,-0.048344,-0.0018,12.5,-0.049336,-0.0018,12.5,-0.050923,-0.0018
12.5,-0.036718,-0.002,12.5,-0.041102,-0.002,12.5,-0.044201,-0.002,12.5,-0.049572,-0.002,12.5,-0.060168,-0.002,12.5,-0.04361,-0.002,12.5,-0.046497,-0.002,12.5,-0.050844,-0.002,12.5,-0.05096,-0.002,12.5,-0.055577,-0.002,12.5,-0.044876,-0.002,12.5,-0.049631,-0.002,12.5,-0.054533,-0.002,12.5,-0.058711,-0.002,12.5,-0.046501,-0.002,12.5,-0.0501,-0.002,12.5,-0.052731,-0.002,12.5,-0.054797,-0.002,12.5,-0.057205,-0.002,12.5,-0.04655,-0.002,12.5,-0.051231,-0.002,12.5,-0.053644,-0.002,12.5,-0.054822,-0.002,12.5,-0.056601,-0.002
12.5,-0.04067,-0.0022,12.5,-0.045531,-0.0022,12.5,-0.04915,-0.0022,12.5,-0.054908,-0.0022,12.5,-0.06604,-0.0022,12.5,-0.047939,-0.0022,12.5,-0.051227,-0.0022,12.5,-0.055992,-0.0022,12.5,-0.056433,-0.0022,12.5,-0.061283,-0.0022,12.5,-0.049473,-0.0022,12.5,-0.054581,-0.0022,12.5,-0.060049,-0.0022,12.5,-0.06446,-0.0022,12.5,-0.051226,-0.0022,12.5,-0.055111,-0.0022,12.5,-0.058014,-0.0022,12.5,-0.06032,-0.0022,12.5,-0.062946,-0.0022,12.5,-0.051354,-0.0022,12.5,-0.056287,-0.0022,12.5,-0.058968,-0.0022,12.5,-0.06034,-0.0022,12.5,-0.062313,-0.0022
12.5,-0.044634,-0.0024,12.5,-0.049975,-0.0024,12.5,-0.054111,-0.0024,12.5,-0.060255,-0.0024,12.5,-0.071921,-0.0024,12.5,-0.052272,-0.0024,12.5,-0.055973,-0.0024,12.5,-0.061137,-0.0024,12.5,-0.061896,-0.0024,12.5,-0.067016,-0.0024,12.5,-0.05407,-0.0024,12.5,-0.059527,-0.0024,12.5,-0.065553,-0.0024,12.5,-0.070192,-0.0024,12.5,-0.055951,-0.0024,12.5,-0.060115,-0.0024,12.5,-0.06329,-0.0024,12.5,-0.065829,-0.0024,12.5,-0.068668,-0.0024,12.5,-0.056154,-0.0024,12.5,-0.061336,-0.0024,12.5,-0.064279,-0.0024,12.5,-0.065843,-0.0024,12.5,-0.068004,-0.0024
12.5,-0.048611,-0.0026,12.5,-0.054433,-0.0026,12.5,-0.059085,-0.0026,12.5,-0.065613,-0.0026,12.5,-0.077812,-0.0026,12.5,-0.056619,-0.0026,12.5,-0.060721,-0.0026,12.5,-0.0663,-0.0026,12.5,-0.067381,-0.0026,12.5,-0.07274,-0.0026,12.5,-0.05868,-0.0026,12.5,-0.064488,-0.0026,12.5,-0.071079,-0.0026,12.5,-0.07595,-0.0026,12.5,-0.060691,-0.0026,12.5,-0.065135,-0.0026,12.5,-0.068587,-0.0026,12.5,-0.071362,-0.0026,12.5,-0.074418,-0.0026,12.5,-0.060967,-0.0026,12.5,-0.066404,-0.0026,12.5,-0.069612,-0.0026,12.5,-0.071373,-0.0026,12.5,-0.073725,-0.0026
12.5,-0.052602,-0.0028,12.5,-0.058908,-0.0028,12.5,-0.064074,-0.0028,12.5,-0.070985,-0.0028,12.5,-0.083714,-0.0028,12.5,-0.060972,-0.0028,12.5,-0.065486,-0.0028,12.5,-0.071463,-0.0028,12.5,-0.07286,-0.0028,12.5,-0.078489,-0.0028,12.5,-0.063292,-0.0028,12.5,-0.069449,-0.0028,12.5,-0.076596,-0.0028,12.5,-0.081696,-0.0028,12.5,-0.065432,-0.0028,12.5,-0.070152,-0.0028,12.5,-0.073878,-0.0028,12.5,-0.076884,-0.0028,12.5,-0.080153,-0.0028,12.5,-0.065777,-0.0028,12.5,-0.071467,-0.0028,12.5,-0.074935,-0.0028,12.5,-0.076893,-0.0028,12.5,-0.07943,-0.0028
12.5,-0.056608,-0.003,12.5,-0.0634,-0.003,12.5,-0.069078,-0.003,12.5,-0.076369,-0.003,12.5,-0.089628,-0.003,12.5,-0.06534,-0.003,12.5,-0.070256,-0.003,12.5,-0.076645,-0.003,12.5,-0.07836,-0.003,12.5,-0.084231,-0.003,12.5,-0.067918,-0.003,12.5,-0.074425,-0.003,12.5,-0.082134,-0.003,12.5,-0.087465,-0.003,12.5,-0.070188,-0.003,12.5,-0.075183,-0.003,12.5,-0.079188,-0.003,12.5,-0.082427,-0.003,12.5,-0.085913,-0.003,12.5,-0.0706,-0.003,12.5,-0.076548,-0.003,12.5,-0.080278,-0.003,12.5,-0.082435,-0.003,12.5,-0.085161,-0.003
12.5,-0.06063,-0.0032,12.5,-0.06791,-0.0032,12.5,-0.074098,-0.0032,12.5,-0.081769,-0.0032,12.5,-0.095553,-0.0032,12.5,-0.069716,-0.0032,12.5,-0.075042,-0.0032,12.5,-0.081829,-0.0032,12.5,-0.083856,-0.0032,12.5,-0.089996,-0.0032,12.5,-0.072548,-0.0032,12.5,-0.079402,-0.0032,12.5,-0.087665,-0.0032,12.5,-0.093224,-0.0032,12.5,-0.074946,-0.0032,12.5,-0.080213,-0.0032,12.5,-0.084495,-0.0032,12.5,-0.087963,-0.0032,12.5,-0.091662,-0.0032,12.5,-0.075422,-0.0032,12.5,-0.081625,-0.0032,12.5,-0.085614,-0.0032,12.5,-0.087969,-0.0032,12.5,-0.09088,-0.0032
12.5,-0.064667,-0.0034,12.5,-0.072438,-0.0034,12.5,-0.079134,-0.0034,12.5,-0.087183,-0.0034,12.5,-0.10149,-0.0034,12.5,-0.074107,-0.0034,12.5,-0.079835,-0.0034,12.5,-0.087031,-0.0034,12.5,-0.089373,-0.0034,12.5,-0.095758,-0.0034,12.5,-0.077191,-0.0034,12.5,-0.084394,-0.0034,12.5,-0.093216,-0.0034,12.5,-0.099006,-0.0034,12.5,-0.079718,-0.0034,12.5,-0.085258,-0.0034,12.5,-0.089821,-0.0034,12.5,-0.093518,-0.0034,12.5,-0.097435,-0.0034,12.5,-0.080257,-0.0034,12.5,-0.086719,-0.0034,12.5,-0.090969,-0.0034,12.5,-0.093525,-0.0034,12.5,-0.096624,-0.0034
12.5,-0.068721,-0.0036,12.5,-0.076985,-0.0036,12.5,-0.084187,-0.0036,12.5,-0.092614,-0.0036,12.5,-0.10744,-0.0036,12.5,-0.078508,-0.0036,12.5,-0.084646,-0.0036,12.5,-0.092237,-0.0036,12.5,-0.094889,-0.0036,12.5,-0.10154,-0.0036,12.5,-0.081841,-0.0036,12.5,-0.089389,-0.0036,12.5,-0.098764,-0.0036,12.5,-0.10478,-0.0036,12.5,-0.084493,-0.0036,12.5,-0.090303,-0.0036,12.5,-0.095144,-0.0036,12.5,-0.099069,-0.0036,12.5,-0.1032,-0.0036,12.5,-0.085093,-0.0036,12.5,-0.091812,-0.0036,12.5,-0.096319,-0.0036,12.5,-0.099075,-0.0036,12.5,-0.10236,-0.0036
12.5,-0.072792,-0.0038,12.5,-0.081551,-0.0038,12.5,-0.089258,-0.0038,12.5,-0.098062,-0.0038,12.5,-0.11341,-0.0038,12.5,-0.082925,-0.0038,12.5,-0.089466,-0.0038,12.5,-0.097463,-0.0038,12.5,-0.10043,-0.0038,12.5,-0.10733,-0.0038,12.5,-0.086505,-0.0038,12.5,-0.094399,-0.0038,12.5,-0.10433,-0.0038,12.5,-0.11058,-0.0038,12.5,-0.089283,-0.0038,12.5,-0.095362,-0.0038,12.5,-0.10049,-0.0038,12.5,-0.10464,-0.0038,12.5,-0.10899,-0.0038,12.5,-0.089941,-0.0038,12.5,-0.09692,-0.0038,12.5,-0.10169,-0.0038,12.5,-0.10465,-0.0038,12.5,-0.10812,-0.0038
12.5,-0.076881,-0.004,12.5,-0.086138,-0.004,12.5,-0.094347,-0.004,12.5,-0.10353,-0.004,12.5,-0.11939,-0.004,12.5,-0.087354,-0.004,12.5,-0.094304,-0.004,12.5,-0.10269,-0.004,12.5,-0.10596,-0.004,12.5,-0.11313,-0.004,12.5,-0.091176,-0.004,12.5,-0.099414,-0.004,12.5,-0.1099,-0.004,12.5,-0.11637,-0.004,12.5,-0.094078,-0.004,12.5,-0.10042,-0.004,12.5,-0.10583,-0.004,12.5,-0.11021,-0.004,12.5,-0.11477,-0.004,12.5,-0.094792,-0.004,12.5,-0.10203,-0.004,12.5,-0.10705,-0.004,12.5,-0.11021,-0.004,12.5,-0.11387,-0.004
12.5,-0.080987,-0.0042,12.5,-0.090742,-0.0042,12.5,-0.099455,-0.0042,12.5,-0.10901,-0.0042,12.5,-0.12539,-0.0042,12.5,-0.0918,-0.0042,12.5,-0.099152,-0.0042,12.5,-0.10795,-0.0042,12.5,-0.11152,-0.0042,12.5,-0.11894,-0.0042,12.5,-0.095862,-0.0042,12.5,-0.10444,-0.0042,12.5,-0.11548,-0.0042,12.5,-0.12218,-0.0042,12.5,-0.098887,-0.0042,12.5,-0.1055,-0.0042,12.5,-0.11119,-0.0042,12.5,-0.11579,-0.0042,12.5,-0.12057,-0.0042,12.5,-0.099656,-0.0042,12.5,-0.10715,-0.0042,12.5,-0.11244,-0.0042,12.5,-0.1158,-0.0042,12.5,-0.11964,-0.0042
12.5,-0.085112,-0.0044,12.5,-0.095367,-0.0044,12.5,-0.10458,-0.0044,12.5,-0.11451,-0.0044,12.5,-0.13141,-0.0044,12.5,-0.096259,-0.0044,12.5,-0.10402,-0.0044,12.5,-0.1132,-0.0044,12.5,-0.11708,-0.0044,12.5,-0.12477,-0.0044,12.5,-0.10056,-0.0044,12.5,-0.10948,-0.0044,12.5,-0.12106,-0.0044,12.5,-0.128,-0.0044,12.5,-0.1037,-0.0044,12.5,-0.11058,-0.0044,12.5,-0.11655,-0.0044,12.5,-0.12138,-0.0044,12.5,-0.12637,-0.0044,12.5,-0.10452,-0.0044,12.5,-0.11228,-0.0044,12.5,-0.11782,-0.0044,12.5,-0.12138,-0.0044,12.5,-0.12541,-0.0044
12.5,-0.089253,-0.0046,12.5,-0.10001,-0.0046,12.5,-0.10973,-0.0046,12.5,-0.12003,-0.0046,12.5,-0.13743,-0.0046,12.5,-0.10074,-0.0046,12.5,-0.1089,-0.0046,12.5,-0.11848,-0.0046,12.5,-0.12266,-0.0046,12.5,-0.1306,-0.0046,12.5,-0.10527,-0.0046,12.5,-0.11453,-0.0046,12.5,-0.12667,-0.0046,12.5,-0.13383,-0.0046,12.5,-0.10853,-0.0046,12.5,-0.11567,-0.0046,12.5,-0.12193,-0.0046,12.5,-0.12699,-0.0046,12.5,-0.13219,-0.0046,12.5,-0.1094,-0.0046,12.5,-0.11742,-0.0046,12.5,-0.12322,-0.0046,12.5,-0.12699,-0.0046,12.5,-0.1312,-0.0046
12.5,-0.093414,-0.0048,12.5,-0.10467,-0.0048,12.5,-0.1149,-0.0048,12.5,-0.12558,-0.0048,12.5,-0.14348,-0.0048,12.5,-0.10523,-0.0048,12.5,-0.1138,-0.0048,12.5,-0.12377,-0.0048,12.5,-0.12825,-0.0048,12.5,-0.13646,-0.0048,12.5,-0.10999,-0.0048,12.5,-0.11959,-0.0048,12.5,-0.13227,-0.0048,12.5,-0.13966,-0.0048,12.5,-0.11337,-0.0048,12.5,-0.12077,-0.0048,12.5,-0.12731,-0.0048,12.5,-0.13259,-0.0048,12.5,-0.13801,-0.0048,12.5,-0.11429,-0.0048,12.5,-0.12256,-0.0048,12.5,-0.12862,-0.0048,12.5,-0.13259,-0.0048,12.5,-0.13699,-0.0048
12.5,-0.097593,-0.005,12.5,-0.10936,-0.005,12.5,-0.12008,-0.005,12.5,-0.13114,-0.005,12.5,-0.14954,-0.005,12.5,-0.10974,-0.005,12.5,-0.11871,-0.005,12.5,-0.12908,-0.005,12.5,-0.13386,-0.005,12.5,-0.14232,-0.005,12.5,-0.11472,-0.005,12.5,-0.12467,-0.005,12.5,-0.1379,-0.005,12.5,-0.14551,-0.005,12.5,-0.11822,-0.005,12.5,-0.12589,-0.005,12.5,-0.13271,-0.005,12.5,-0.13822,-0.005,12.5,-0.14385,-0.005,12.5,-0.11919,-0.005,12.5,-0.12772,-0.005,12.5,-0.13404,-0.005,12.5,-0.13821,-0.005,12.5,-0.1428,-0.005
12.5,-0.10179,-0.0052,12.5,-0.11406,-0.0052,12.5,-0.12529,-0.0052,12.5,-0.13672,-0.0052,12.5,-0.15563,-0.0052,12.5,-0.11426,-0.0052,12.5,-0.12364,-0.0052,12.5,-0.1344,-0.0052,12.5,-0.13947,-0.0052,12.5,-0.1482,-0.0052,12.5,-0.11947,-0.0052,12.5,-0.12976,-0.0052,12.5,-0.14353,-0.0052,12.5,-0.15137,-0.0052,12.5,-0.12308,-0.0052,12.5,-0.13101,-0.0052,12.5,-0.13811,-0.0052,12.5,-0.14385,-0.0052,12.5,-0.14969,-0.0052,12.5,-0.1241,-0.0052,12.5,-0.13289,-0.0052,12.5,-0.13946,-0.0052,12.5,-0.14384,-0.0052,12.5,-0.14862,-0.0052
12.5,-0.10601,-0.0054,12.5,-0.11878,-0.0054,12.5,-0.13051,-0.0054,12.5,-0.14232,-0.0054,12.5,-0.16173,-0.0054,12.5,-0.11881,-0.0054,12.5,-0.12859,-0.0054,12.5,-0.13974,-0.0054,12.5,-0.14511,-0.0054,12.5,-0.15409,-0.0054,12.5,-0.12423,-0.0054,12.5,-0.13486,-0.0054,12.5,-0.14917,-0.0054,12.5,-0.15724,-0.0054,12.5,-0.12796,-0.0054,12.5,-0.13615,-0.0054,12.5,-0.14353,-0.0054,12.5,-0.1495,-0.0054,12.5,-0.15555,-0.0054,12.5,-0.12902,-0.0054,12.5,-0.13807,-0.0054,12.5,-0.1449,-0.0054,12.5,-0.14948,-0.0054,12.5,-0.15445,-0.0054
12.5,-0.11024,-0.0056,12.5,-0.12353,-0.0056,12.5,-0.13576,-0.0056,12.5,-0.14795,-0.0056,12.5,-0.16785,-0.0056,12.5,-0.12337,-0.0056,12.5,-0.13355,-0.0056,12.5,-0.14509,-0.0056,12.5,-0.15076,-0.0056,12.5,-0.16001,-0.0056,12.5,-0.12901,-0.0056,12.5,-0.13997,-0.0056,12.5,-0.15483,-0.0056,12.5,-0.16312,-0.0056,12.5,-0.13284,-0.0056,12.5,-0.14129,-0.0056,12.5,-0.14896,-0.0056,12.5,-0.15515,-0.0056,12.5,-0.16141,-0.0056,12.5,-0.13394,-0.0056,12.5,-0.14326,-0.0056,12.5,-0.15035,-0.0056,12.5,-0.15513,-0.0056,12.5,-0.16028,-0.0056
12.5,-0.1145,-0.0058,12.5,-0.12829,-0.0058,12.5,-0.14103,-0.0058,12.5,-0.15359,-0.0058,12.5,-0.17399,-0.0058,12.5,-0.12795,-0.0058,12.5,-0.13854,-0.0058,12.5,-0.15046,-0.0058,12.5,-0.15642,-0.0058,12.5,-0.16593,-0.0058,12.5,-0.1338,-0.0058,12.5,-0.1451,-0.0058,12.5,-0.1605,-0.0058,12.5,-0.16902,-0.0058,12.5,-0.13774,-0.0058,12.5,-0.14645,-0.0058,12.5,-0.1544,-0.0058,12.5,-0.16082,-0.0058,12.5,-0.1673,-0.0058,12.5,-0.13889,-0.0058,12.5,-0.14846,-0.0058,12.5,-0.15581,-0.0058,12.5,-0.1608,-0.0058,12.5,-0.16614,-0.0058
10,-0.00093509,-0.0002,10,-0.0011185,-0.0002,10,0.00062493,-0.0002,10,-0.0015989,-0.0002,10,-0.0082127,-0.0002,10,-0.0048223,-0.0002,10,-0.0051646,-0.0002,10,-0.0059249,-0.0002,10,-0.0028232,-0.0002,10,-0.004125,-0.0002,10,-0.0062945,-0.0002,10,-0.0081637,-0.0002,10,-0.0080348,-0.0002,10,-0.010526,-0.0002,10,-0.0044595,-0.0002,10,-0.0091918,-0.0002,10,-0.0064817,-0.0002,10,-0.0095121,-0.0002,10,-0.010092,-0.0002,10,-0.0075681,-0.0002,10,-0.0072928,-0.0002,10,-0.010853,-0.0002,10,-0.0071844,-0.0002,10,-0.005442,-0.0002
10,-0.0043394,-0.0004,10,-0.0051345,-0.0004,10,-0.0039815,-0.0004,10,-0.0066969,-0.0004,10,-0.01392,-0.0004,10,-0.0088307,-0.0004,10,-0.0090863,-0.0004,10,-0.010303,-0.0004,10,-0.0076241,-0.0004,10,-0.0098313,-0.0004,10,-0.0093091,-0.0004,10,-0.011574,-0.0004,10,-0.012111,-0.0004,10,-0.014871,-0.0004,10,-0.0086987,-0.0004,10,-0.012222,-0.0004,10,-0.01118,-0.0004,10,-0.013025,-0.0004,10,-0.013799,-0.0004,10,-0.010293,-0.0004,10,-0.011719,-0.0004,10,-0.013883,-0.0004,10,-0.011831,-0.0004,10,-0.011258,-0.0004
10,-0.0078413,-0.0006,10,-0.0092224,-0.0006,10,-0.008692,-0.0006,10,-0.011899,-0.0006,10,-0.019754,-0.0006,10,-0.012882,-0.0006,10,-0.013434,-0.0006,10,-0.015144,-0.0006,10,-0.012875,-0.0006,10,-0.015591,-0.0006,10,-0.013351,-0.0006,10,-0.016043,-0.0006,10,-0.017287,-0.0006,10,-0.020349,-0.0006,10,-0.013307,-0.0006,10,-0.016656,-0.0006,10,-0.016422,-0.0006,10,-0.018079,-0.0006,10,-0.019114,-0.0006,10,-0.014478,-0.0006,10,-0.016704,-0.0006,10,-0.018635,-0.0006,10,-0.017297,-0.0006,10,-0.017285,-0.0006
10,-0.011371,-0.0008,10,-0.013332,-0.0008,10,-0.013432,-0.0008,10,-0.01713,-0.0008,10,-0.025624,-0.0008,10,-0.01695,-0.0008,10,-0.017892,-0.0008,10,-0.020102,-0.0008,10,-0.018241,-0.0008,10,-0.021367,-0.0008,10,-0.017592,-0.0008,10,-0.020702,-0.0008,10,-0.022619,-0.0008,10,-0.025959,-0.0008,10,-0.017945,-0.0008,10,-0.021363,-0.0008,10,-0.021695,-0.0008,10,-0.023381,-0.0008,10,-0.02466,-0.0008,10,-0.018968,-0.0008,10,-0.021745,-0.0008,10,-0.023696,-0.0008,10,-0.022826,-0.0008,10,-0.023184,-0.0008
10,-0.014915,-0.001,10,-0.017455,-0.001,10,-0.018189,-0.001,10,-0.022376,-0.001,10,-0.03151,-0.001,10,-0.021012,-0.001,10,-0.022397,-0.001,10,-0.025107,-0.001,10,-0.023655,-0.001,10,-0.027151,-0.001,10,-0.021944,-0.001,10,-0.025486,-0.001,10,-0.028103,-0.001,10,-0.031734,-0.001,10,-0.022635,-0.001,10,-0.026236,-0.001,10,-0.027057,-0.001,10,-0.028883,-0.001,10,-0.030425,-0.001,10,-0.023628,-0.001,10,-0.026872,-0.001,10,-0.028967,-0.001,10,-0.028489,-0.001,10,-0.029168,-0.001
10,-0.018472,-0.0012,10,-0.021591,-0.0012,10,-0.022958,-0.0012,10,-0.027634,-0.0012,10,-0.037408,-0.0012,10,-0.025085,-0.0012,10,-0.026929,-0.0012,10,-0.03014,-0.0012,10,-0.029096,-0.0012,10,-0.032941,-0.0012,10,-0.026328,-0.0012,10,-0.030295,-0.0012,10,-0.033592,-0.0012,10,-0.037501,-0.0012,10,-0.027321,-0.0012,10,-0.031149,-0.0012,10,-0.032403,-0.0012,10,-0.034403,-0.0012,10,-0.036196,-0.0012,10,-0.028336,-0.0012,10,-0.031992,-0.0012,10,-0.034274,-0.0012,10,-0.03413,-0.0012,10,-0.035082,-0.0012
10,-0.022041,-0.0014,10,-0.025739,-0.0014,10,-0.02774,-0.0014,10,-0.032902,-0.0014,10,-0.043316,-0.0014,10,-0.029164,-0.0014,10,-0.03148,-0.0014,10,-0.035191,-0.0014,10,-0.034553,-0.0014,10,-0.038737,-0.0014,10,-0.030754,-0.0014,10,-0.035155,-0.0014,10,-0.039149,-0.0014,10,-0.043345,-0.0014,10,-0.032034,-0.0014,10,-0.036125,-0.0014,10,-0.037795,-0.0014,10,-0.040006,-0.0014,10,-0.042063,-0.0014,10,-0.033106,-0.0014,10,-0.037153,-0.0014,10,-0.039663,-0.0014,10,-0.039838,-0.0014,10,-0.041056,-0.0014
10,-0.025623,-0.0016,10,-0.0299,-0.0016,10,-0.032534,-0.0016,10,-0.038181,-0.0016,10,-0.049234,-0.0016,10,-0.033249,-0.0016,10,-0.036046,-0.0016,10,-0.040256,-0.0016,10,-0.040024,-0.0016,10,-0.044539,-0.0016,10,-0.035191,-0.0016,10,-0.040018,-0.0016,10,-0.044695,-0.0016,10,-0.049169,-0.0016,10,-0.036743,-0.0016,10,-0.041108,-0.0016,10,-0.04317,-0.0016,10,-0.045601,-0.0016,10,-0.047911,-0.0016,10,-0.037889,-0.0016,10,-0.042303,-0.0016,10,-0.045052,-0.0016,10,-0.04552,-0.0016,10,-0.046982,-0.0016
10,-0.029218,-0.0018,10,-0.034077,-0.0018,10,-0.037341,-0.0018,10,-0.043471,-0.0018,10,-0.055161,-0.0018,10,-0.037342,-0.0018,10,-0.040626,-0.0018,10,-0.045334,-0.0018,10,-0.045505,-0.0018,10,-0.050348,-0.0018,10,-0.039654,-0.0018,10,-0.044914,-0.0018,10,-0.050284,-0.0018,10,-0.055043,-0.0018,10,-0.041472,-0.0018,10,-0.046128,-0.0018,10,-0.048578,-0.0018,10,-0.051247,-0.0018,10,-0.05382,-0.0018,10,-0.042705,-0.0018,10,-0.047482,-0.0018,10,-0.050489,-0.0018,10,-0.051248,-0.0018,10,-0.052956,-0.0018
10,-0.032828,-0.002,10,-0.038271,-0.002,10,-0.042163,-0.002,10,-0.048773,-0.002,10,-0.061099,-0.002,10,-0.041446,-0.002,10,-0.045218,-0.002,10,-0.050424,-0.002,10,-0.050997,-0.002,10,-0.056164,-0.002,10,-0.044122,-0.002,10,-0.04981,-0.002,10,-0.055861,-0.002,10,-0.060899,-0.002,10,-0.046198,-0.002,10,-0.051148,-0.002,10,-0.053973,-0.002,10,-0.05688,-0.002,10,-0.059708,-0.002,10,-0.047525,-0.002,10,-0.05265,-0.002,10,-0.05592,-0.002,10,-0.056955,-0.002,10,-0.058894,-0.002
10,-0.036454,-0.0022,10,-0.042482,-0.0022,10,-0.047001,-0.0022,10,-0.054089,-0.0022,10,-0.067048,-0.0022,10,-0.045555,-0.0022,10,-0.049823,-0.0022,10,-0.055525,-0.0022,10,-0.056499,-0.0022,10,-0.061987,-0.0022,10,-0.048612,-0.0022,10,-0.05473,-0.0022,10,-0.061473,-0.0022,10,-0.066794,-0.0022,10,-0.050941,-0.0022,10,-0.056196,-0.0022,10,-0.059394,-0.0022,10,-0.062552,-0.0022,10,-0.065642,-0.0022,10,-0.05237,-0.0022,10,-0.057842,-0.0022,10,-0.061386,-0.0022,10,-0.062697,-0.0022,10,-0.064872,-0.0022
10,-0.040098,-0.0024,10,-0.046713,-0.0024,10,-0.051856,-0.0024,10,-0.059419,-0.0024,10,-0.073009,-0.0024,10,-0.049677,-0.0024,10,-0.054442,-0.0024,10,-0.060638,-0.0024,10,-0.062011,-0.0024,10,-0.067818,-0.0024,10,-0.053107,-0.0024,10,-0.059651,-0.0024,10,-0.067074,-0.0024,10,-0.072673,-0.0024,10,-0.055685,-0.0024,10,-0.061242,-0.0024,10,-0.064806,-0.0024,10,-0.068213,-0.0024,10,-0.071558,-0.0024,10,-0.057217,-0.0024,10,-0.063027,-0.0024,10,-0.066844,-0.0024,10,-0.068422,-0.0024,10,-0.070823,-0.0024
10,-0.04376,-0.0026,10,-0.050965,-0.0026,10,-0.056728,-0.0026,10,-0.064764,-0.0026,10,-0.078983,-0.0026,10,-0.053811,-0.0026,10,-0.059074,-0.0026,10,-0.065768,-0.0026,10,-0.06754,-0.0026,10,-0.073659,-0.0026,10,-0.057622,-0.0026,10,-0.064594,-0.0026,10,-0.072704,-0.0026,10,-0.078586,-0.0026,10,-0.060445,-0.0026,10,-0.066311,-0.0026,10,-0.070241,-0.0026,10,-0.073905,-0.0026,10,-0.077512,-0.0026,10,-0.062083,-0.0026,10,-0.068231,-0.0026,10,-0.072332,-0.0026,10,-0.074178,-0.0026,10,-0.076809,-0.0026
10,-0.047442,-0.0028,10,-0.055238,-0.0028,10,-0.06162,-0.0028,10,-0.070126,-0.0028,10,-0.084969,-0.0028,10,-0.057958,-0.0028,10,-0.06372,-0.0028,10,-0.070901,-0.0028,10,-0.073065,-0.0028,10,-0.079509,-0.0028,10,-0.062142,-0.0028,10,-0.069539,-0.0028,10,-0.078326,-0.0028,10,-0.084485,-0.0028,10,-0.065206,-0.0028,10,-0.07138,-0.0028,10,-0.07567,-0.0028,10,-0.079588,-0.0028,10,-0.083451,-0.0028,10,-0.066951,-0.0028,10,-0.073431,-0.0028,10,-0.077812,-0.0028,10,-0.07992,-0.0028,10,-0.082774,-0.0028
10,-0.051145,-0.003,10,-0.059535,-0.003,10,-0.066531,-0.003,10,-0.075505,-0.003,10,-0.09097,-0.003,10,-0.062119,-0.003,10,-0.068384,-0.003,10,-0.076057,-0.003,10,-0.078615,-0.003,10,-0.085369,-0.003,10,-0.066682,-0.003,10,-0.074505,-0.003,10,-0.083975,-0.003,10,-0.090416,-0.003,10,-0.069984,-0.003,10,-0.07647,-0.003,10,-0.08112,-0.003,10,-0.0853,-0.003,10,-0.089423,-0.003,10,-0.071837,-0.003,10,-0.078649,-0.003,10,-0.083319,-0.003,10,-0.085689,-0.003,10,-0.088771,-0.003
10,-0.054869,-0.0032,10,-0.063856,-0.0032,10,-0.071463,-0.0032,10,-0.080903,-0.0032,10,-0.096986,-0.0032,10,-0.066297,-0.0032,10,-0.073059,-0.0032,10,-0.081218,-0.0032,10,-0.084164,-0.0032,10,-0.091247,-0.0032,10,-0.071229,-0.0032,10,-0.079474,-0.0032,10,-0.089619,-0.0032,10,-0.096336,-0.0032,10,-0.074765,-0.0032,10,-0.08156,-0.0032,10,-0.086566,-0.0032,10,-0.091004,-0.0032,10,-0.095383,-0.0032,10,-0.076726,-0.0032,10,-0.083864,-0.0032,10,-0.08882,-0.0032,10,-0.091448,-0.0032,10,-0.094751,-0.0032
10,-0.058616,-0.0034,10,-0.068202,-0.0034,10,-0.076417,-0.0034,10,-0.08632,-0.0034,10,-0.10302,-0.0034,10,-0.070487,-0.0034,10,-0.077755,-0.0034,10,-0.086401,-0.0034,10,-0.089736,-0.0034,10,-0.097122,-0.0034,10,-0.075794,-0.0034,10,-0.084463,-0.0034,10,-0.095287,-0.0034,10,-0.10228,-0.0034,10,-0.079563,-0.0034,10,-0.08667,-0.0034,10,-0.092033,-0.0034,10,-0.096734,-0.0034,10,-0.10137,-0.0034,10,-0.081631,-0.0034,10,-0.089097,-0.0034,10,-0.094345,-0.0034,10,-0.097232,-0.0034,10,-0.10076,-0.0034
10,-0.062387,-0.0036,10,-0.072574,-0.0036,10,-0.081394,-0.0036,10,-0.091757,-0.0036,10,-0.10907,-0.0036,10,-0.074698,-0.0036,10,-0.082462,-0.0036,10,-0.091592,-0.0036,10,-0.09531,-0.0036,10,-0.10302,-0.0036,10,-0.080369,-0.0036,10,-0.089457,-0.0036,10,-0.10095,-0.0036,10,-0.10822,-0.0036,10,-0.084366,-0.0036,10,-0.091782,-0.0036,10,-0.097499,-0.0036,10,-0.10246,-0.0036,10,-0.10735,-0.0036,10,-0.08654,-0.0036,10,-0.094329,-0.0036,10,-0.099866,-0.0036,10,-0.10301,-0.0036,10,-0.10676,-0.0036
10,-0.066181,-0.0038,10,-0.076971,-0.0038,10,-0.086393,-0.0038,10,-0.097215,-0.0038,10,-0.11513,-0.0038,10,-0.078923,-0.0038,10,-0.087193,-0.0038,10,-0.096806,-0.0038,10,-0.1009,-0.0038,10,-0.10892,-0.0038,10,-0.084963,-0.0038,10,-0.094472,-0.0038,10,-0.10664,-0.0038,10,-0.11419,-0.0038,10,-0.089186,-0.0038,10,-0.096913,-0.0038,10,-0.10298,-0.0038,10,-0.10821,-0.0038,10,-0.11336,-0.0038,10,-0.091466,-0.0038,10,-0.099579,-0.0038,10,-0.10541,-0.0038,10,-0.10881,-0.0038,10,-0.11278,-0.0038
10,-0.069999,-0.004,10,-0.081395,-0.004,10,-0.091417,-0.004,10,-0.1027,-0.004,10,-0.12121,-0.004,10,-0.083171,-0.004,10,-0.091937,-0.004,10,-0.10203,-0.004,10,-0.10651,-0.004,10,-0.11485,-0.004,10,-0.089568,-0.004,10,-0.099493,-0.004,10,-0.11233,-0.004,10,-0.12016,-0.004,10,-0.094012,-0.004,10,-0.10205,-0.004,10,-0.10847,-0.004,10,-0.11396,-0.004,10,-0.11936,-0.004,10,-0.096397,-0.004,10,-0.10483,-0.004,10,-0.11095,-0.004,10,-0.1146,-0.004,10,-0.1188,-0.004
10,-0.073843,-0.0042,10,-0.085845,-0.0042,10,-0.096464,-0.0042,10,-0.1082,-0.0042,10,-0.12732,-0.0042,10,-0.087435,-0.0042,10,-0.096705,-0.0042,10,-0.10728,-0.0042,10,-0.11213,-0.0042,10,-0.12079,-0.0042,10,-0.094192,-0.0042,10,-0.10453,-0.0042,10,-0.11804,-0.0042,10,-0.12614,-0.0042,10,-0.098856,-0.0042,10,-0.1072,-0.0042,10,-0.11398,-0.0042,10,-0.11973,-0.0042,10,-0.12539,-0.0042,10,-0.10134,-0.0042,10,-0.1101,-0.0042,10,-0.11652,-0.0042,10,-0.12042,-0.0042,10,-0.12484,-0.0042
10,-0.077712,-0.0044,10,-0.090322,-0.0044,10,-0.10154,-0.0044,10,-0.11372,-0.0044,10,-0.13344,-0.0044,10,-0.091722,-0.0044,10,-0.10149,-0.0044,10,-0.11253,-0.0044,10,-0.11777,-0.0044,10,-0.12673,-0.0044,10,-0.098828,-0.0044,10,-0.10959,-0.0044,10,-0.12375,-0.0044,10,-0.13213,-0.0044,10,-0.10371,-0.0044,10,-0.11236,-0.0044,10,-0.11949,-0.0044,10,-0.1255,-0.0044,10,-0.13142,-0.0044,10,-0.1063,-0.0044,10,-0.11537,-0.0044,10,-0.12208,-0.0044,10,-0.12624,-0.0044,10,-0.13088,-0.0044
10,-0.081606,-0.0046,10,-0.094825,-0.0046,10,-0.10664,-0.0046,10,-0.11928,-0.0046,10,-0.13958,-0.0046,10,-0.096028,-0.0046,10,-0.1063,-0.0046,10,-0.11782,-0.0046,10,-0.12342,-0.0046,10,-0.1327,-0.0046,10,-0.10349,-0.0046,10,-0.11466,-0.0046,10,-0.12949,-0.0046,10,-0.13814,-0.0046,10,-0.10858,-0.0046,10,-0.11754,-0.0046,10,-0.12501,-0.0046,10,-0.1313,-0.0046,10,-0.13747,-0.0046,10,-0.11127,-0.0046,10,-0.12066,-0.0046,10,-0.12767,-0.0046,10,-0.13208,-0.0046,10,-0.13694,-0.0046
10,-0.085527,-0.0048,10,-0.099356,-0.0048,10,-0.11176,-0.0048,10,-0.12485,-0.0048,10,-0.14574,-0.0048,10,-0.10036,-0.0048,10,-0.11112,-0.0048,10,-0.12311,-0.0048,10,-0.12909,-0.0048,10,-0.13868,-0.0048,10,-0.10816,-0.0048,10,-0.11974,-0.0048,10,-0.13523,-0.0048,10,-0.14415,-0.0048,10,-0.11346,-0.0048,10,-0.12273,-0.0048,10,-0.13055,-0.0048,10,-0.13709,-0.0048,10,-0.14352,-0.0048,10,-0.11625,-0.0048,10,-0.12595,-0.0048,10,-0.13325,-0.0048,10,-0.13792,-0.0048,10,-0.143,-0.0048
10,-0.089473,-0.005,10,-0.10391,-0.005,10,-0.11691,-0.005,10,-0.13045,-0.005,10,-0.15193,-0.005,10,-0.10471,-0.005,10,-0.11597,-0.005,10,-0.12843,-0.005,10,-0.13477,-0.005,10,-0.14468,-0.005,10,-0.11285,-0.005,10,-0.12484,-0.005,10,-0.14099,-0.005,10,-0.15019,-0.005,10,-0.11835,-0.005,10,-0.12793,-0.005,10,-0.1361,-0.005,10,-0.14291,-0.005,10,-0.1496,-0.005,10,-0.12124,-0.005,10,-0.13126,-0.005,10,-0.13886,-0.005,10,-0.14378,-0.005,10,-0.14908,-0.005
10,-0.093446,-0.0052,10,-0.1085,-0.0052,10,-0.12209,-0.0052,10,-0.13608,-0.0052,10,-0.15813,-0.0052,10,-0.10908,-0.0052,10,-0.12084,-0.0052,10,-0.13377,-0.0052,10,-0.14048,-0.0052,10,-0.1507,-0.0052,10,-0.11755,-0.0052,10,-0.12995,-0.0052,10,-0.14676,-0.0052,10,-0.15623,-0.0052,10,-0.12326,-0.0052,10,-0.13314,-0.0052,10,-0.14166,-0.0052,10,-0.14873,-0.0052,10,-0.15567,-0.0052,10,-0.12625,-0.0052,10,-0.13658,-0.0052,10,-0.14447,-0.0052,10,-0.14964,-0.0052,10,-0.15516,-0.0052
10,-0.097445,-0.0054,10,-0.11311,-0.0054,10,-0.12729,-0.0054,10,-0.14173,-0.0054,10,-0.16436,-0.0054,10,-0.11348,-0.0054,10,-0.12574,-0.0054,10,-0.13913,-0.0054,10,-0.1462,-0.0054,10,-0.15674,-0.0054,10,-0.12228,-0.0054,10,-0.13509,-0.0054,10,-0.15255,-0.0054,10,-0.16229,-0.0054,10,-0.12819,-0.0054,10,-0.13838,-0.0054,10,-0.14724,-0.0054,10,-0.15458,-0.0054,10,-0.16177,-0.0054,10,-0.13127,-0.0054,10,-0.14191,-0.0054,10,-0.15011,-0.0054,10,-0.15552,-0.0054,10,-0.16127,-0.0054
10,-0.10147,-0.0056,10,-0.11775,-0.0056,10,-0.13252,-0.0056,10,-0.14741,-0.0056,10,-0.17062,-0.0056,10,-0.11791,-0.0056,10,-0.13065,-0.0056,10,-0.14451,-0.0056,10,-0.15194,-0.0056,10,-0.16278,-0.0056,10,-0.12702,-0.0056,10,-0.14024,-0.0056,10,-0.15835,-0.0056,10,-0.16836,-0.0056,10,-0.13313,-0.0056,10,-0.14362,-0.0056,10,-0.15283,-0.0056,10,-0.16043,-0.0056,10,-0.16787,-0.0056,10,-0.1363,-0.0056,10,-0.14725,-0.0056,10,-0.15575,-0.0056,10,-0.16141,-0.0056,10,-0.16738,-0.0056
7.5,0.00089303,-0.0002,7.5,0.00060149,-0.0002,7.5,0.0024814,-0.0002,7.5,-0.00021061,-0.0002,7.5,-0.0081421,-0.0002,7.5,-0.0044119,-0.0002,7.5,-0.0032342,-0.0002,7.5,-0.0040046,-0.0002,7.5,-0.00056999,-0.0002,7.5,-0.0035072,-0.0002,7.5,-0.0026642,-0.0002,7.5,-0.0046343,-0.0002,7.5,-0.0045294,-0.0002,7.5,-0.0075883,-0.0002,7.5,-0.0022025,-0.0002,7.5,-0.0045511,-0.0002,7.5,-0.0046804,-0.0002,7.5,-0.0049527,-0.0002,7.5,-0.0054757,-0.0002,7.5,-0.002522,-0.0002,7.5,-0.0055927,-0.0002,7.5,-0.0059106,-0.0002,7.5,-0.0050454,-0.0002,7.5,-0.0053368,-0.0002
7.5,-0.0020905,-0.0004,7.5,-0.0031945,-0.0004,7.5,-0.0020526,-0.0004,7.5,-0.005395,-0.0004,7.5,-0.014067,-0.0004,7.5,-0.0080276,-0.0004,7.5,-0.0075334,-0.0004,7.5,-0.0089733,-0.0004,7.5,-0.0060445,-0.0004,7.5,-0.0093769,-0.0004,7.5,-0.0069965,-0.0004,7.5,-0.0096813,-0.0004,7.5,-0.010433,-0.0004,7.5,-0.013881,-0.0004,7.5,-0.0071939,-0.0004,7.5,-0.0098327,-0.0004,7.5,-0.010372,-0.0004,7.5,-0.0109,-0.0004,7.5,-0.011718,-0.0004,7.5,-0.0075905,-0.0004,7.5,-0.011069,-0.0004,7.5,-0.011703,-0.0004,7.5,-0.011025,-0.0004,7.5,-0.011479,-0.0004
7.5,-0.0050529,-0.0006,7.5,-0.0069238,-0.0006,7.5,-0.0065683,-0.0006,7.5,-0.010555,-0.0006,7.5,-0.020002,-0.0006,7.5,-0.011625,-0.0006,7.5,-0.011799,-0.0006,7.5,-0.013893,-0.0006,7.5,-0.011493,-0.0006,7.5,-0.01522,-0.0006,7.5,-0.011275,-0.0006,7.5,-0.014489,-0.0006,7.5,-0.016205,-0.0006,7.5,-0.019988,-0.0006,7.5,-0.011954,-0.0006,7.5,-0.015009,-0.0006,7.5,-0.016008,-0.0006,7.5,-0.016886,-0.0006,7.5,-0.018054,-0.0006,7.5,-0.012558,-0.0006,7.5,-0.01647,-0.0006,7.5,-0.017484,-0.0006,7.5,-0.017112,-0.0006,7.5,-0.017829,-0.0006
7.5,-0.0080156,-0.0008,7.5,-0.010643,-0.0008,7.5,-0.011085,-0.0008,7.5,-0.015712,-0.0008,7.5,-0.025943,-0.0008,7.5,-0.015219,-0.0008,7.5,-0.01606,-0.0008,7.5,-0.018804,-0.0008,7.5,-0.016938,-0.0008,7.5,-0.021058,-0.0008,7.5,-0.015489,-0.0008,7.5,-0.019295,-0.0008,7.5,-0.021858,-0.0008,7.5,-0.026049,-0.0008,7.5,-0.016596,-0.0008,7.5,-0.020068,-0.0008,7.5,-0.021507,-0.0008,7.5,-0.022718,-0.0008,7.5,-0.024208,-0.0008,7.5,-0.017428,-0.0008,7.5,-0.021751,-0.0008,7.5,-0.023127,-0.0008,7.5,-0.023049,-0.0008,7.5,-0.024011,-0.0008
7.5,-0.010985,-0.001,7.5,-0.014366,-0.001,7.5,-0.015608,-0.001,7.5,-0.020874,-0.001,7.5,-0.031891,-0.001,7.5,-0.018815,-0.001,7.5,-0.020324,-0.001,7.5,-0.023715,-0.001,7.5,-0.022383,-0.001,7.5,-0.026898,-0.001,7.5,-0.019706,-0.001,7.5,-0.024059,-0.001,7.5,-0.027559,-0.001,7.5,-0.032094,-0.001,7.5,-0.021233,-0.001,7.5,-0.025141,-0.001,7.5,-0.027036,-0.001,7.5,-0.028605,-0.001,7.5,-0.030438,-0.001,7.5,-0.02231,-0.001,7.5,-0.027054,-0.001,7.5,-0.028814,-0.001,7.5,-0.029057,-0.001,7.5,-0.030291,-0.001
7.5,-0.013964,-0.0012,7.5,-0.018097,-0.0012,7.5,-0.02014,-0.0012,7.5,-0.026043,-0.0012,7.5,-0.037846,-0.0012,7.5,-0.022415,-0.0012,7.5,-0.024594,-0.0012,7.5,-0.02863,-0.0012,7.5,-0.027832,-0.0012,7.5,-0.03274,-0.0012,7.5,-0.023906,-0.0012,7.5,-0.028842,-0.0012,7.5,-0.033207,-0.0012,7.5,-0.038132,-0.0012,7.5,-0.025839,-0.0012,7.5,-0.030174,-0.0012,7.5,-0.032513,-0.0012,7.5,-0.034425,-0.0012,7.5,-0.036584,-0.0012,7.5,-0.027159,-0.0012,7.5,-0.032313,-0.0012,7.5,-0.034442,-0.0012,7.5,-0.034992,-0.0012,7.5,-0.036484,-0.0012
7.5,-0.016957,-0.0014,7.5,-0.021841,-0.0014,7.5,-0.024684,-0.0014,7.5,-0.031221,-0.0014,7.5,-0.043809,-0.0014,7.5,-0.026022,-0.0014,7.5,-0.028872,-0.0014,7.5,-0.033551,-0.0014,7.5,-0.033286,-0.0014,7.5,-0.038588,-0.0014,7.5,-0.02812,-0.0014,7.5,-0.033606,-0.0014,7.5,-0.038895,-0.0014,7.5,-0.04419,-0.0014,7.5,-0.030458,-0.0014,7.5,-0.035228,-0.0014,7.5,-0.038022,-0.0014,7.5,-0.040292,-0.0014,7.5,-0.042791,-0.0014,7.5,-0.032026,-0.0014,7.5,-0.037597,-0.0014,7.5,-0.04011,-0.0014,7.5,-0.040983,-0.0014,7.5,-0.042748,-0.0014
7.5,-0.019965,-0.0016,7.5,-0.025602,-0.0016,7.5,-0.029243,-0.0016,7.5,-0.03641,-0.0016,7.5,-0.049781,-0.0016,7.5,-0.029638,-0.0016,7.5,-0.03316,-0.0016,7.5,-0.038479,-0.0016,7.5,-0.038746,-0.0016,7.5,-0.044442,-0.0016,7.5,-0.032329,-0.0016,7.5,-0.038384,-0.0016,7.5,-0.04455,-0.0016,7.5,-0.050206,-0.0016,7.5,-0.035063,-0.0016,7.5,-0.040261,-0.0016,7.5,-0.0435,-0.0016,7.5,-0.046117,-0.0016,7.5,-0.048943,-0.0016,7.5,-0.036877,-0.0016,7.5,-0.042856,-0.0016,7.5,-0.045743,-0.0016,7.5,-0.046926,-0.0016,7.5,-0.048953,-0.0016
7.5,-0.022992,-0.0018,7.5,-0.029382,-0.0018,7.5,-0.033818,-0.0018,7.5,-0.041613,-0.0018,7.5,-0.055765,-0.0018,7.5,-0.033264,-0.0018,7.5,-0.037459,-0.0018,7.5,-0.043418,-0.0018,7.5,-0.044214,-0.0018,7.5,-0.050304,-0.0018,7.5,-0.03655,-0.0018,7.5,-0.043168,-0.0018,7.5,-0.050227,-0.0018,7.5,-0.056266,-0.0018,7.5,-0.039685,-0.0018,7.5,-0.045315,-0.0018,7.5,-0.049007,-0.0018,7.5,-0.051982,-0.0018,7.5,-0.055146,-0.0018,7.5,-0.041746,-0.0018,7.5,-0.048139,-0.0018,7.5,-0.051409,-0.0018,7.5,-0.052914,-0.0018,7.5,-0.055215,-0.0018
7.5,-0.02604,-0.002,7.5,-0.033184,-0.002,7.5,-0.038412,-0.002,7.5,-0.04683,-0.002,7.5,-0.06176,-0.002,7.5,-0.036903,-0.002,7.5,-0.041771,-0.002,7.5,-0.048367,-0.002,7.5,-0.04969,-0.002,7.5,-0.056174,-0.002,7.5,-0.04078,-0.002,7.5,-0.047959,-0.002,7.5,-0.055909,-0.002,7.5,-0.062292,-0.002,7.5,-0.044302,-0.002,7.5,-0.050358,-0.002,7.5,-0.054495,-0.002,7.5,-0.057817,-0.002,7.5,-0.061309,-0.002,7.5,-0.046606,-0.002,7.5,-0.053405,-0.002,7.5,-0.05705,-0.002,7.5,-0.058868,-0.002,7.5,-0.061433,-0.002
7.5,-0.029111,-0.0022,7.5,-0.03701,-0.0022,7.5,-0.043026,-0.0022,7.5,-0.052063,-0.0022,7.5,-0.067768,-0.0022,7.5,-0.040556,-0.0022,7.5,-0.046098,-0.0022,7.5,-0.053328,-0.0022,7.5,-0.055175,-0.0022,7.5,-0.062053,-0.0022,7.5,-0.045024,-0.0022,7.5,-0.052758,-0.0022,7.5,-0.061607,-0.0022,7.5,-0.068343,-0.0022,7.5,-0.048936,-0.0022,7.5,-0.055421,-0.0022,7.5,-0.06001,-0.0022,7.5,-0.063687,-0.0022,7.5,-0.067517,-0.0022,7.5,-0.051484,-0.0022,7.5,-0.058693,-0.0022,7.5,-0.062722,-0.0022,7.5,-0.06486,-0.0022,7.5,-0.0677,-0.0022
7.5,-0.032207,-0.0024,7.5,-0.040863,-0.0024,7.5,-0.047662,-0.0024,7.5,-0.057314,-0.0024,7.5,-0.073791,-0.0024,7.5,-0.044225,-0.0024,7.5,-0.050441,-0.0024,7.5,-0.058302,-0.0024,7.5,-0.060671,-0.0024,7.5,-0.067942,-0.0024,7.5,-0.049274,-0.0024,7.5,-0.057573,-0.0024,7.5,-0.067292,-0.0024,7.5,-0.074401,-0.0024,7.5,-0.05357,-0.0024,7.5,-0.060477,-0.0024,7.5,-0.065511,-0.0024,7.5,-0.069536,-0.0024,7.5,-0.073692,-0.0024,7.5,-0.056357,-0.0024,7.5,-0.063971,-0.0024,7.5,-0.068376,-0.0024,7.5,-0.070827,-0.0024,7.5,-0.073932,-0.0024
7.5,-0.03533,-0.0026,7.5,-0.044744,-0.0026,7.5,-0.052323,-0.0026,7.5,-0.062585,-0.0026,7.5,-0.079829,-0.0026,7.5,-0.047911,-0.0026,7.5,-0.054801,-0.0026,7.5,-0.063291,-0.0026,7.5,-0.066179,-0.0026,7.5,-0.073843,-0.0026,7.5,-0.053539,-0.0026,7.5,-0.062389,-0.0026,7.5,-0.073005,-0.0026,7.5,-0.080477,-0.0026,7.5,-0.058222,-0.0026,7.5,-0.065554,-0.0026,7.5,-0.071038,-0.0026,7.5,-0.075418,-0.0026,7.5,-0.079909,-0.0026,7.5,-0.061249,-0.0026,7.5,-0.06927,-0.0026,7.5,-0.074058,-0.0026,7.5,-0.076828,-0.0026,7.5,-0.080209,-0.0026
7.5,-0.038482,-0.0028,7.5,-0.048656,-0.0028,7.5,-0.057009,-0.0028,7.5,-0.067876,-0.0028,7.5,-0.085883,-0.0028,7.5,-0.051617,-0.0028,7.5,-0.059179,-0.0028,7.5,-0.068296,-0.0028,7.5,-0.071699,-0.0028,7.5,-0.079756,-0.0028,7.5,-0.05782,-0.0028,7.5,-0.067226,-0.0028,7.5,-0.078708,-0.0028,7.5,-0.086538,-0.0028,7.5,-0.062878,-0.0028,7.5,-0.070628,-0.0028,7.5,-0.076556,-0.0028,7.5,-0.081283,-0.0028,7.5,-0.086101,-0.0028,7.5,-0.066139,-0.0028,7.5,-0.074562,-0.0028,7.5,-0.079727,-0.0028,7.5,-0.08281,-0.0028,7.5,-0.086457,-0.0028
7.5,-0.041665,-0.003,7.5,-0.052601,-0.003,7.5,-0.061723,-0.003,7.5,-0.07319,-0.003,7.5,-0.091955,-0.003,7.5,-0.055343,-0.003,7.5,-0.063577,-0.003,7.5,-0.073317,-0.003,7.5,-0.077232,-0.003,7.5,-0.085682,-0.003,7.5,-0.062115,-0.003,7.5,-0.072067,-0.003,7.5,-0.084439,-0.003,7.5,-0.09262,-0.003,7.5,-0.067554,-0.003,7.5,-0.075723,-0.003,7.5,-0.082099,-0.003,7.5,-0.087179,-0.003,7.5,-0.092331,-0.003,7.5,-0.071049,-0.003,7.5,-0.079875,-0.003,7.5,-0.085422,-0.003,7.5,-0.088823,-0.003,7.5,-0.092746,-0.003
7.5,-0.04488,-0.0032,7.5,-0.05658,-0.0032,7.5,-0.066465,-0.0032,7.5,-0.078528,-0.0032,7.5,-0.098045,-0.0032,7.5,-0.059092,-0.0032,7.5,-0.067996,-0.0032,7.5,-0.078356,-0.0032,7.5,-0.08278,-0.0032,7.5,-0.091622,-0.0032,7.5,-0.06643,-0.0032,7.5,-0.076931,-0.0032,7.5,-0.090164,-0.0032,7.5,-0.09872,-0.0032,7.5,-0.072235,-0.0032,7.5,-0.080818,-0.0032,7.5,-0.087637,-0.0032,7.5,-0.093063,-0.0032,7.5,-0.098541,-0.0032,7.5,-0.07596,-0.0032,7.5,-0.085185,-0.0032,7.5,-0.091109,-0.0032,7.5,-0.094821,-0.0032,7.5,-0.099012,-0.0032
7.5,-0.048129,-0.0034,7.5,-0.060594,-0.0034,7.5,-0.071237,-0.0034,7.5,-0.08389,-0.0034,7.5,-0.10416,-0.0034,7.5,-0.062865,-0.0034,7.5,-0.072438,-0.0034,7.5,-0.083414,-0.0034,7.5,-0.088343,-0.0034,7.5,-0.097577,-0.0034,7.5,-0.070757,-0.0034,7.5,-0.081803,-0.0034,7.5,-0.095909,-0.0034,7.5,-0.10481,-0.0034,7.5,-0.076938,-0.0034,7.5,-0.085934,-0.0034,7.5,-0.0932,-0.0034,7.5,-0.098977,-0.0034,7.5,-0.10479,-0.0034,7.5,-0.08089,-0.0034,7.5,-0.090515,-0.0034,7.5,-0.096821,-0.0034,7.5,-0.10085,-0.0034,7.5,-0.10532,-0.0034
7.5,-0.051412,-0.0036,7.5,-0.064644,-0.0036,7.5,-0.07604,-0.0036,7.5,-0.089279,-0.0036,7.5,-0.11029,-0.0036,7.5,-0.066662,-0.0036,7.5,-0.076902,-0.0036,7.5,-0.088492,-0.0036,7.5,-0.093922,-0.0036,7.5,-0.10355,-0.0036,7.5,-0.075108,-0.0036,7.5,-0.086697,-0.0036,7.5,-0.10167,-0.0036,7.5,-0.11094,-0.0036,7.5,-0.081648,-0.0036,7.5,-0.091054,-0.0036,7.5,-0.09876,-0.0036,7.5,-0.10488,-0.0036,7.5,-0.11102,-0.0036,7.5,-0.085824,-0.0036,7.5,-0.095845,-0.0036,7.5,-0.10253,-0.0036,7.5,-0.10687,-0.0036,7.5,-0.1116,-0.0036
7.5,-0.054731,-0.0038,7.5,-0.068731,-0.0038,7.5,-0.080875,-0.0038,7.5,-0.094696,-0.0038,7.5,-0.11644,-0.0038,7.5,-0.070488,-0.0038,7.5,-0.081392,-0.0038,7.5,-0.09359,-0.0038,7.5,-0.099518,-0.0038,7.5,-0.10954,-0.0038,7.5,-0.079474,-0.0038,7.5,-0.091601,-0.0038,7.5,-0.10744,-0.0038,7.5,-0.11705,-0.0038,7.5,-0.086381,-0.0038,7.5,-0.096195,-0.0038,7.5,-0.10435,-0.0038,7.5,-0.11082,-0.0038,7.5,-0.11728,-0.0038,7.5,-0.090778,-0.0038,7.5,-0.1012,-0.0038,7.5,-0.10826,-0.0038,7.5,-0.11291,-0.0038,7.5,-0.11793,-0.0038
7.5,-0.058087,-0.004,7.5,-0.072857,-0.004,7.5,-0.085743,-0.004,7.5,-0.10014,-0.004,7.5,-0.12261,-0.004,7.5,-0.074338,-0.004,7.5,-0.085906,-0.004,7.5,-0.098715,-0.004,7.5,-0.10513,-0.004,7.5,-0.11555,-0.004,7.5,-0.083864,-0.004,7.5,-0.09653,-0.004,7.5,-0.11322,-0.004,7.5,-0.1232,-0.004,7.5,-0.091124,-0.004,7.5,-0.10134,-0.004,7.5,-0.10993,-0.004,7.5,-0.11675,-0.004,7.5,-0.12353,-0.004,7.5,-0.095738,-0.004,7.5,-0.10655,-0.004,7.5,-0.11399,-0.004,7.5,-0.11895,-0.004,7.5,-0.12423,-0.004
7.5,-0.06148,-0.0042,7.5,-0.077021,-0.0042,7.5,-0.090645,-0.0042,7.5,-0.10562,-0.0042,7.5,-0.12881,-0.0042,7.5,-0.07822,-0.0042,7.5,-0.09045,-0.0042,7.5,-0.10385,-0.0042,7.5,-0.11077,-0.0042,7.5,-0.12156,-0.0042,7.5,-0.088272,-0.0042,7.5,-0.10147,-0.0042,7.5,-0.11902,-0.0042,7.5,-0.12934,-0.0042,7.5,-0.09589,-0.0042,7.5,-0.10651,-0.0042,7.5,-0.11554,-0.0042,7.5,-0.12271,-0.0042,7.5,-0.12982,-0.0042,7.5,-0.10072,-0.0042,7.5,-0.11192,-0.0042,7.5,-0.11974,-0.0042,7.5,-0.12502,-0.0042,7.5,-0.13058,-0.0042
7.5,-0.064911,-0.0044,7.5,-0.081223,-0.0044,7.5,-0.095582,-0.0044,7.5,-0.11112,-0.0044,7.5,-0.13504,-0.0044,7.5,-0.08213,-0.0044,7.5,-0.095017,-0.0044,7.5,-0.10902,-0.0044,7.5,-0.11642,-0.0044,7.5,-0.12761,-0.0044,7.5,-0.092706,-0.0044,7.5,-0.10644,-0.0044,7.5,-0.12483,-0.0044,7.5,-0.13551,-0.0044,7.5,-0.10067,-0.0044,7.5,-0.11169,-0.0044,7.5,-0.12116,-0.0044,7.5,-0.12866,-0.0044,7.5,-0.1361,-0.0044,7.5,-0.10571,-0.0044,7.5,-0.1173,-0.0044,7.5,-0.12549,-0.0044,7.5,-0.13108,-0.0044,7.5,-0.13691,-0.0044
7.5,-0.068381,-0.0046,7.5,-0.085464,-0.0046,7.5,-0.10055,-0.0046,7.5,-0.11666,-0.0046,7.5,-0.14129,-0.0046,7.5,-0.086073,-0.0046,7.5,-0.099614,-0.0046,7.5,-0.11421,-0.0046,7.5,-0.1221,-0.0046,7.5,-0.13368,-0.0046,7.5,-0.097159,-0.0046,7.5,-0.11142,-0.0046,7.5,-0.13067,-0.0046,7.5,-0.14168,-0.0046,7.5,-0.10547,-0.0046,7.5,-0.11689,-0.0046,7.5,-0.1268,-0.0046,7.5,-0.13465,-0.0046,7.5,-0.14241,-0.0046,7.5,-0.11072,-0.0046,7.5,-0.1227,-0.0046,7.5,-0.13127,-0.0046,7.5,-0.13717,-0.0046,7.5,-0.14328,-0.0046
7.5,-0.07189,-0.0048,7.5,-0.089744,-0.0048,7.5,-0.10556,-0.0048,7.5,-0.12223,-0.0048,7.5,-0.14756,-0.0048,7.5,-0.090046,-0.0048,7.5,-0.10424,-0.0048,7.5,-0.11943,-0.0048,7.5,-0.12779,-0.0048,7.5,-0.13975,-0.0048,7.5,-0.10164,-0.0048,7.5,-0.11642,-0.0048,7.5,-0.13651,-0.0048,7.5,-0.14788,-0.0048,7.5,-0.11029,-0.0048,7.5,-0.1221,-0.0048,7.5,-0.13244,-0.0048,7.5,-0.14064,-0.0048,7.5,-0.14872,-0.0048,7.5,-0.11574,-0.0048,7.5,-0.1281,-0.0048,7.5,-0.13705,-0.0048,7.5,-0.14326,-0.0048,7.5,-0.14964,-0.0048
7.5,-0.075438,-0.005,7.5,-0.094063,-0.005,7.5,-0.11061,-0.005,7.5,-0.12783,-0.005,7.5,-0.15386,-0.005,7.5,-0.094054,-0.005,7.5,-0.1089,-0.005,7.5,-0.12468,-0.005,7.5,-0.1335,-0.005,7.5,-0.14587,-0.005,7.5,-0.10614,-0.005,7.5,-0.12145,-0.005,7.5,-0.14237,-0.005,7.5,-0.15408,-0.005,7.5,-0.11513,-0.005,7.5,-0.12733,-0.005,7.5,-0.13811,-0.005,7.5,-0.14665,-0.005,7.5,-0.15505,-0.005,7.5,-0.12078,-0.005,7.5,-0.13353,-0.005,7.5,-0.14286,-0.005,7.5,-0.14938,-0.005,7.5,-0.15603,-0.005
7.5,-0.079027,-0.0052,7.5,-0.098422,-0.0052,7.5,-0.11569,-0.0052,7.5,-0.13346,-0.0052,7.5,-0.16019,-0.0052,7.5,-0.098096,-0.0052,7.5,-0.11359,-0.0052,7.5,-0.12995,-0.0052,7.5,-0.13925,-0.0052,7.5,-0.15199,-0.0052,7.5,-0.11067,-0.0052,7.5,-0.1265,-0.0052,7.5,-0.14825,-0.0052,7.5,-0.16031,-0.0052,7.5,-0.11998,-0.0052,7.5,-0.13258,-0.0052,7.5,-0.14379,-0.0052,7.5,-0.15267,-0.0052,7.5,-0.16139,-0.0052,7.5,-0.12583,-0.0052,7.5,-0.13896,-0.0052,7.5,-0.14867,-0.0052,7.5,-0.1555,-0.0052,7.5,-0.16242,-0.0052
7.5,-0.082655,-0.0054,7.5,-0.10282,-0.0054,7.5,-0.1208,-0.0054,7.5,-0.13913,-0.0054,7.5,-0.16655,-0.0054,7.5,-0.10217,-0.0054,7.5,-0.11831,-0.0054,7.5,-0.13524,-0.0054,7.5,-0.14501,-0.0054,7.5,-0.15814,-0.0054,7.5,-0.11522,-0.0054,7.5,-0.13156,-0.0054,7.5,-0.15415,-0.0054,7.5,-0.16654,-0.0054,7.5,-0.12486,-0.0054,7.5,-0.13785,-0.0054,7.5,-0.14949,-0.0054,7.5,-0.15872,-0.0054,7.5,-0.16776,-0.0054,7.5,-0.13091,-0.0054,7.5,-0.14442,-0.0054,7.5,-0.1545,-0.0054,7.5,-0.16164,-0.0054,7.5,-0.16884,-0.0054
5,0.0035713,-0.0002,5,0.0029455,-0.0002,5,0.0049592,-0.0002,5,0.0015488,-0.0002,5,-0.0084825,-0.0002,5,-0.003534,-0.0002,5,-0.0018553,-0.0002,5,-0.0028756,-0.0002,5,0.0011906,-0.0002,5,-0.0025481,-0.0002,5,-0.00011211,-0.0002,5,-0.0027427,-0.0002,5,-0.0029296,-0.0002,5,-0.0071458,-0.0002,5,0.00175,-0.0002,5,-0.0049546,-0.0002,5,-0.0052793,-0.0002,5,-0.0053504,-0.0002,5,-0.0058144,-0.0002,5,-0.00259,-0.0002,5,-0.0065853,-0.0002,5,-0.0068901,-0.0002,5,-0.0057093,-0.0002,5,-0.0057227,-0.0002
5,0.0017124,-0.0004,5,-5.2005e-05,-0.0004,5,0.00094465,-0.0004,5,-0.0033871,-0.0004,5,-0.014387,-0.0004,5,-0.0061764,-0.0004,5,-0.0055189,-0.0004,5,-0.0074911,-0.0004,5,-0.0041555,-0.0004,5,-0.0084312,-0.0004,5,-0.0044269,-0.0004,5,-0.0078874,-0.0004,5,-0.0093023,-0.0004,5,-0.013976,-0.0004,5,-0.0041793,-0.0004,5,-0.0096025,-0.0004,5,-0.010576,-0.0004,5,-0.01116,-0.0004,5,-0.012103,-0.0004,5,-0.0069062,-0.0004,5,-0.011512,-0.0004,5,-0.012261,-0.0004,5,-0.011492,-0.0004,5,-0.011828,-0.0004
5,-0.00011576,-0.0006,5,-0.002967,-0.0006,5,-0.0030481,-0.0006,5,-0.0082851,-0.0006,5,-0.020299,-0.0006,5,-0.008741,-0.0006,5,-0.009078,-0.0006,5,-0.011972,-0.0006,5,-0.009396,-0.0006,5,-0.014215,-0.0006,5,-0.0081003,-0.0006,5,-0.012396,-0.0006,5,-0.015092,-0.0006,5,-0.020268,-0.0006,5,-0.008796,-0.0006,5,-0.014251,-0.0006,5,-0.015876,-0.0006,5,-0.016972,-0.0006,5,-0.018396,-0.0006,5,-0.011402,-0.0006,5,-0.016636,-0.0006,5,-0.017931,-0.0006,5,-0.017639,-0.0006,5,-0.018383,-0.0006
5,-0.0019461,-0.0008,5,-0.0058716,-0.0008,5,-0.0070434,-0.0008,5,-0.01318,-0.0008,5,-0.026218,-0.0008,5,-0.011291,-0.0008,5,-0.012617,-0.0008,5,-0.016425,-0.0008,5,-0.014614,-0.0008,5,-0.019978,-0.0008,5,-0.011623,-0.0008,5,-0.01675,-0.0008,5,-0.020734,-0.0008,5,-0.026424,-0.0008,5,-0.013113,-0.0008,5,-0.018918,-0.0008,5,-0.021178,-0.0008,5,-0.022788,-0.0008,5,-0.024692,-0.0008,5,-0.015869,-0.0008,5,-0.021699,-0.0008,5,-0.023513,-0.0008,5,-0.023662,-0.0008,5,-0.02477,-0.0008
5,-0.0037884,-0.001,5,-0.008783,-0.001,5,-0.011049,-0.001,5,-0.01808,-0.001,5,-0.032145,-0.001,5,-0.01384,-0.001,5,-0.016156,-0.001,5,-0.020873,-0.001,5,-0.019826,-0.001,5,-0.025736,-0.001,5,-0.015091,-0.001,5,-0.021048,-0.001,5,-0.02632,-0.001,5,-0.032528,-0.001,5,-0.017298,-0.001,5,-0.023559,-0.001,5,-0.026486,-0.001,5,-0.028607,-0.001,5,-0.030991,-0.001,5,-0.020372,-0.001,5,-0.026812,-0.001,5,-0.029174,-0.001,5,-0.029792,-0.001,5,-0.031298,-0.001
5,-0.0056487,-0.0012,5,-0.011709,-0.0012,5,-0.015068,-0.0012,5,-0.022991,-0.0012,5,-0.038081,-0.0012,5,-0.016396,-0.0012,5,-0.019702,-0.0012,5,-0.025324,-0.0012,5,-0.025041,-0.0012,5,-0.031497,-0.0012,5,-0.018539,-0.0012,5,-0.025322,-0.0012,5,-0.031882,-0.0012,5,-0.038609,-0.0012,5,-0.02144,-0.0012,5,-0.028232,-0.0012,5,-0.031799,-0.0012,5,-0.034431,-0.0012,5,-0.03733,-0.0012,5,-0.02486,-0.0012,5,-0.031892,-0.0012,5,-0.034783,-0.0012,5,-0.035846,-0.0012,5,-0.037723,-0.0012
5,-0.007532,-0.0014,5,-0.014656,-0.0014,5,-0.019106,-0.0014,5,-0.027914,-0.0014,5,-0.044028,-0.0014,5,-0.018963,-0.0014,5,-0.02326,-0.0014,5,-0.029783,-0.0014,5,-0.030262,-0.0014,5,-0.037263,-0.0014,5,-0.021982,-0.0014,5,-0.029588,-0.0014,5,-0.037432,-0.0014,5,-0.044679,-0.0014,5,-0.025557,-0.0014,5,-0.03289,-0.0014,5,-0.037134,-0.0014,5,-0.040261,-0.0014,5,-0.043603,-0.0014,5,-0.029375,-0.0014,5,-0.037009,-0.0014,5,-0.040446,-0.0014,5,-0.041973,-0.0014,5,-0.044246,-0.0014
5,-0.0094425,-0.0016,5,-0.017629,-0.0016,5,-0.023166,-0.0016,5,-0.032853,-0.0016,5,-0.049988,-0.0016,5,-0.021545,-0.0016,5,-0.026834,-0.0016,5,-0.034253,-0.0016,5,-0.03549,-0.0016,5,-0.043036,-0.0016,5,-0.025428,-0.0016,5,-0.033854,-0.0016,5,-0.04298,-0.0016,5,-0.050746,-0.0016,5,-0.029665,-0.0016,5,-0.037577,-0.0016,5,-0.042446,-0.0016,5,-0.046098,-0.0016,5,-0.049919,-0.0016,5,-0.033883,-0.0016,5,-0.042105,-0.0016,5,-0.046074,-0.0016,5,-0.048048,-0.0016,5,-0.050695,-0.0016
5,-0.011384,-0.0018,5,-0.020632,-0.0018,5,-0.02725,-0.0018,5,-0.037811,-0.0018,5,-0.055962,-0.0018,5,-0.024146,-0.0018,5,-0.030425,-0.0018,5,-0.038737,-0.0018,5,-0.04073,-0.0018,5,-0.04882,-0.0018,5,-0.028883,-0.0018,5,-0.038126,-0.0018,5,-0.048529,-0.0018,5,-0.056814,-0.0018,5,-0.033773,-0.0018,5,-0.042256,-0.0018,5,-0.047782,-0.0018,5,-0.051942,-0.0018,5,-0.056241,-0.0018,5,-0.038416,-0.0018,5,-0.047232,-0.0018,5,-0.051747,-0.0018,5,-0.054158,-0.0018,5,-0.057191,-0.0018
5,-0.013362,-0.002,5,-0.023669,-0.002,5,-0.031362,-0.002,5,-0.042789,-0.002,5,-0.061952,-0.002,5,-0.026768,-0.002,5,-0.034038,-0.002,5,-0.043237,-0.002,5,-0.045981,-0.002,5,-0.054616,-0.002,5,-0.032352,-0.002,5,-0.042408,-0.002,5,-0.054084,-0.002,5,-0.062885,-0.002,5,-0.037886,-0.002,5,-0.046956,-0.002,5,-0.053128,-0.002,5,-0.057794,-0.002,5,-0.06257,-0.002,5,-0.042948,-0.002,5,-0.052346,-0.002,5,-0.057395,-0.002,5,-0.060293,-0.002,5,-0.063716,-0.002
5,-0.015378,-0.0022,5,-0.026744,-0.0022,5,-0.035505,-0.0022,5,-0.047791,-0.0022,5,-0.067959,-0.0022,5,-0.029415,-0.0022,5,-0.037673,-0.0022,5,-0.047756,-0.0022,5,-0.051247,-0.0022,5,-0.060424,-0.0022,5,-0.035838,-0.0022,5,-0.046702,-0.0022,5,-0.059646,-0.0022,5,-0.068963,-0.0022,5,-0.042012,-0.0022,5,-0.051667,-0.0022,5,-0.058485,-0.0022,5,-0.063656,-0.0022,5,-0.068907,-0.0022,5,-0.047499,-0.0022,5,-0.05749,-0.0022,5,-0.063082,-0.0022,5,-0.066398,-0.0022,5,-0.070199,-0.0022
5,-0.017436,-0.0024,5,-0.02986,-0.0024,5,-0.039681,-0.0024,5,-0.052817,-0.0024,5,-0.073986,-0.0024,5,-0.032089,-0.0024,5,-0.041335,-0.0024,5,-0.052295,-0.0024,5,-0.056528,-0.0024,5,-0.066248,-0.0024,5,-0.039343,-0.0024,5,-0.051012,-0.0024,5,-0.065218,-0.0024,5,-0.075049,-0.0024,5,-0.046144,-0.0024,5,-0.056393,-0.0024,5,-0.063854,-0.0024,5,-0.069529,-0.0024,5,-0.075254,-0.0024,5,-0.052068,-0.0024,5,-0.062626,-0.0024,5,-0.068751,-0.0024,5,-0.072549,-0.0024,5,-0.076742,-0.0024
5,-0.019541,-0.0026,5,-0.033022,-0.0026,5,-0.043894,-0.0026,5,-0.057871,-0.0026,5,-0.080033,-0.0026,5,-0.034794,-0.0026,5,-0.045024,-0.0026,5,-0.056856,-0.0026,5,-0.061827,-0.0026,5,-0.072088,-0.0026,5,-0.04287,-0.0026,5,-0.055338,-0.0026,5,-0.070802,-0.0026,5,-0.081145,-0.0026,5,-0.050298,-0.0026,5,-0.061133,-0.0026,5,-0.069235,-0.0026,5,-0.075412,-0.0026,5,-0.081611,-0.0026,5,-0.056643,-0.0026,5,-0.06779,-0.0026,5,-0.074457,-0.0026,5,-0.078672,-0.0026,5,-0.083242,-0.0026
5,-0.021694,-0.0028,5,-0.036232,-0.0028,5,-0.048146,-0.0028,5,-0.062954,-0.0028,5,-0.086102,-0.0028,5,-0.037531,-0.0028,5,-0.048743,-0.0028,5,-0.061442,-0.0028,5,-0.067144,-0.0028,5,-0.077945,-0.0028,5,-0.046421,-0.0028,5,-0.059684,-0.0028,5,-0.076398,-0.0028,5,-0.087251,-0.0028,5,-0.054463,-0.0028,5,-0.065894,-0.0028,5,-0.074631,-0.0028,5,-0.081309,-0.0028,5,-0.087978,-0.0028,5,-0.061243,-0.0028,5,-0.072951,-0.0028,5,-0.08015,-0.0028,5,-0.08484,-0.0028,5,-0.089801,-0.0028
5,-0.023898,-0.003,5,-0.039492,-0.003,5,-0.052439,-0.003,5,-0.068069,-0.003,5,-0.092195,-0.003,5,-0.040305,-0.003,5,-0.052494,-0.003,5,-0.066053,-0.003,5,-0.072481,-0.003,5,-0.083821,-0.003,5,-0.049998,-0.003,5,-0.06405,-0.003,5,-0.082009,-0.003,5,-0.09337,-0.003,5,-0.058652,-0.003,5,-0.070662,-0.003,5,-0.080041,-0.003,5,-0.087218,-0.003,5,-0.094357,-0.003,5,-0.065852,-0.003,5,-0.07814,-0.003,5,-0.085878,-0.003,5,-0.090986,-0.003,5,-0.096325,-0.003
5,-0.026157,-0.0032,5,-0.042807,-0.0032,5,-0.056775,-0.0032,5,-0.073217,-0.0032,5,-0.098314,-0.0032,5,-0.043117,-0.0032,5,-0.056279,-0.0032,5,-0.070692,-0.0032,5,-0.07784,-0.0032,5,-0.089717,-0.0032,5,-0.053603,-0.0032,5,-0.06844,-0.0032,5,-0.087636,-0.0032,5,-0.099502,-0.0032,5,-0.062862,-0.0032,5,-0.075454,-0.0032,5,-0.085467,-0.0032,5,-0.093141,-0.0032,5,-0.10075,-0.0032,5,-0.070487,-0.0032,5,-0.08333,-0.0032,5,-0.091598,-0.0032,5,-0.097175,-0.0032,5,-0.1029,-0.0032
5,-0.028472,-0.0034,5,-0.046177,-0.0034,5,-0.061157,-0.0034,5,-0.0784,-0.0034,5,-0.10446,-0.0034,5,-0.045969,-0.0034,5,-0.060099,-0.0034,5,-0.07536,-0.0034,5,-0.083222,-0.0034,5,-0.095635,-0.0034,5,-0.057239,-0.0034,5,-0.072853,-0.0034,5,-0.093279,-0.0034,5,-0.10565,-0.0034,5,-0.067096,-0.0034,5,-0.080266,-0.0034,5,-0.090916,-0.0034,5,-0.099089,-0.0034,5,-0.10716,-0.0034,5,-0.075134,-0.0034,5,-0.088548,-0.0034,5,-0.097352,-0.0034,5,-0.10335,-0.0034,5,-0.10945,-0.0034
5,-0.030845,-0.0036,5,-0.049604,-0.0036,5,-0.065586,-0.0036,5,-0.08362,-0.0036,5,-0.11063,-0.0036,5,-0.048864,-0.0036,5,-0.063958,-0.0036,5,-0.080059,-0.0036,5,-0.088628,-0.0036,5,-0.10158,-0.0036,5,-0.060906,-0.0036,5,-0.077292,-0.0036,5,-0.098941,-0.0036,5,-0.11181,-0.0036,5,-0.071356,-0.0036,5,-0.085102,-0.0036,5,-0.09637,-0.0036,5,-0.10503,-0.0036,5,-0.11357,-0.0036,5,-0.079809,-0.0036,5,-0.09377,-0.0036,5,-0.1031,-0.0036,5,-0.10956,-0.0036,5,-0.11605,-0.0036
5,-0.033279,-0.0038,5,-0.053091,-0.0038,5,-0.070063,-0.0038,5,-0.088879,-0.0038,5,-0.11683,-0.0038,5,-0.051805,-0.0038,5,-0.067855,-0.0038,5,-0.08479,-0.0038,5,-0.094059,-0.0038,5,-0.10754,-0.0038,5,-0.064607,-0.0038,5,-0.081759,-0.0038,5,-0.10462,-0.0038,5,-0.11799,-0.0038,5,-0.075638,-0.0038,5,-0.089951,-0.0038,5,-0.10186,-0.0038,5,-0.11102,-0.0038,5,-0.12002,-0.0038,5,-0.084497,-0.0038,5,-0.09902,-0.0038,5,-0.10889,-0.0038,5,-0.11576,-0.0038,5,-0.12263,-0.0038
5,-0.035775,-0.004,5,-0.056638,-0.004,5,-0.074591,-0.004,5,-0.094178,-0.004,5,-0.12307,-0.004,5,-0.054792,-0.004,5,-0.071794,-0.004,5,-0.089555,-0.004,5,-0.099518,-0.004,5,-0.11353,-0.004,5,-0.068343,-0.004,5,-0.086254,-0.004,5,-0.11032,-0.004,5,-0.12419,-0.004,5,-0.079953,-0.004,5,-0.094832,-0.004,5,-0.10735,-0.004,5,-0.11699,-0.004,5,-0.12645,-0.004,5,-0.089216,-0.004,5,-0.10428,-0.004,5,-0.11467,-0.004,5,-0.122,-0.004,5,-0.12926,-0.004
5,-0.038334,-0.0042,5,-0.060246,-0.0042,5,-0.079171,-0.0042,5,-0.099518,-0.0042,5,-0.12933,-0.0042,5,-0.057829,-0.0042,5,-0.075775,-0.0042,5,-0.094355,-0.0042,5,-0.105,-0.0042,5,-0.11955,-0.0042,5,-0.072114,-0.0042,5,-0.090778,-0.0042,5,-0.11605,-0.0042,5,-0.1304,-0.0042,5,-0.084292,-0.0042,5,-0.099728,-0.0042,5,-0.11287,-0.0042,5,-0.12301,-0.0042,5,-0.13293,-0.0042,5,-0.093951,-0.0042,5,-0.10956,-0.0042,5,-0.12048,-0.0042,5,-0.12823,-0.0042,5,-0.13587,-0.0042
5,-0.040957,-0.0044,5,-0.063916,-0.0044,5,-0.083803,-0.0044,5,-0.1049,-0.0044,5,-0.13563,-0.0044,5,-0.060916,-0.0044,5,-0.079801,-0.0044,5,-0.099192,-0.0044,5,-0.11052,-0.0044,5,-0.12559,-0.0044,5,-0.075925,-0.0044,5,-0.095334,-0.0044,5,-0.12179,-0.0044,5,-0.13663,-0.0044,5,-0.088666,-0.0044,5,-0.10466,-0.0044,5,-0.11841,-0.0044,5,-0.12903,-0.0044,5,-0.1394,-0.0044,5,-0.098717,-0.0044,5,-0.11486,-0.0044,5,-0.1263,-0.0044,5,-0.1345,-0.0044,5,-0.14252,-0.0044
5,-0.043645,-0.0046,5,-0.067648,-0.0046,5,-0.088489,-0.0046,5,-0.11033,-0.0046,5,-0.14196,-0.0046,5,-0.064056,-0.0046,5,-0.083871,-0.0046,5,-0.10407,-0.0046,5,-0.11607,-0.0046,5,-0.13166,-0.0046,5,-0.079771,-0.0046,5,-0.099922,-0.0046,5,-0.12756,-0.0046,5,-0.14288,-0.0046,5,-0.093065,-0.0046,5,-0.1096,-0.0046,5,-0.12398,-0.0046,5,-0.13509,-0.0046,5,-0.14591,-0.0046,5,-0.1035,-0.0046,5,-0.12019,-0.0046,5,-0.13216,-0.0046,5,-0.14077,-0.0046,5,-0.14917,-0.0046
5,-0.046399,-0.0048,5,-0.071442,-0.0048,5,-0.09323,-0.0048,5,-0.1158,-0.0048,5,-0.14833,-0.0048,5,-0.06725,-0.0048,5,-0.087989,-0.0048,5,-0.10898,-0.0048,5,-0.12164,-0.0048,5,-0.13776,-0.0048,5,-0.08366,-0.0048,5,-0.10454,-0.0048,5,-0.13335,-0.0048,5,-0.14916,-0.0048,5,-0.097502,-0.0048,5,-0.11459,-0.0048,5,-0.12956,-0.0048,5,-0.14114,-0.0048,5,-0.15241,-0.0048,5,-0.10832,-0.0048,5,-0.12553,-0.0048,5,-0.13801,-0.0048,5,-0.14707,-0.0048,5,-0.15586,-0.0048
5,-0.049219,-0.005,5,-0.075299,-0.005,5,-0.098025,-0.005,5,-0.12132,-0.005,5,-0.15474,-0.005,5,-0.0705,-0.005,5,-0.092154,-0.005,5,-0.11393,-0.005,5,-0.12725,-0.005,5,-0.1439,-0.005,5,-0.087591,-0.005,5,-0.1092,-0.005,5,-0.13917,-0.005,5,-0.15545,-0.005,5,-0.10197,-0.005,5,-0.11959,-0.005,5,-0.13517,-0.005,5,-0.14724,-0.005,5,-0.15896,-0.005,5,-0.11316,-0.005,5,-0.1309,-0.005,5,-0.1439,-0.005,5,-0.15338,-0.005,5,-0.16253,-0.005
5,-0.052106,-0.0052,5,-0.079219,-0.0052,5,-0.10288,-0.0052,5,-0.12689,-0.0052,5,-0.16118,-0.0052,5,-0.073807,-0.0052,5,-0.096369,-0.0052,5,-0.11893,-0.0052,5,-0.1329,-0.0052,5,-0.15006,-0.0052,5,-0.091562,-0.0052,5,-0.11389,-0.0052,5,-0.14502,-0.0052,5,-0.16177,-0.0052,5,-0.10647,-0.0052,5,-0.12462,-0.0052,5,-0.1408,-0.0052,5,-0.15335,-0.0052,5,-0.16551,-0.0052,5,-0.11803,-0.0052,5,-0.13628,-0.0052,5,-0.1498,-0.0052,5,-0.15972,-0.0052,5,-0.16926,-0.0052
