15,0.009357,0.0002,15,0.0097682,0.0002,15,0.010159,0.0002,15,0.010377,0.0002,15,0.010514,0.0002,15,0.010039,0.0002,15,0.01065,0.0002,15,0.010914,0.0002,15,0.011269,0.0002,15,0.011453,0.0002,15,0.010395,0.0002,15,0.010976,0.0002,15,0.011799,0.0002,15,0.011928,0.0002,15,0.01047,0.0002,15,0.011156,0.0002,15,0.011556,0.0002,15,0.0118,0.0002,15,0.011989,0.0002,15,0.010786,0.0002,15,0.011286,0.0002,15,0.011496,0.0002,15,0.011953,0.0002,15,0.01202,0.0002
15,0.018729,0.0004,15,0.019608,0.0004,15,0.020337,0.0004,15,0.020766,0.0004,15,0.021058,0.0004,15,0.02019,0.0004,15,0.021271,0.0004,15,0.021894,0.0004,15,0.022503,0.0004,15,0.022872,0.0004,15,0.020893,0.0004,15,0.021943,0.0004,15,0.023423,0.0004,15,0.023748,0.0004,15,0.021134,0.0004,15,0.022248,0.0004,15,0.02303,0.0004,15,0.023573,0.0004,15,0.023961,0.0004,15,0.021498,0.0004,15,0.022443,0.0004,15,0.023004,0.0004,15,0.023746,0.0004,15,0.02404,0.0004
15,0.028105,0.0006,15,0.029453,0.0006,15,0.03052,0.0006,15,0.031161,0.0006,15,0.031608,0.0006,15,0.030344,0.0006,15,0.031896,0.0006,15,0.032878,0.0006,15,0.033741,0.0006,15,0.034296,0.0006,15,0.031393,0.0006,15,0.032913,0.0006,15,0.035051,0.0006,15,0.035571,0.0006,15,0.031799,0.0006,15,0.033344,0.0006,15,0.034507,0.0006,15,0.035349,0.0006,15,0.035937,0.0006,15,0.032211,0.0006,15,0.033604,0.0006,15,0.034516,0.0006,15,0.035542,0.0006,15,0.036064,0.0006
15,0.037488,0.0008,15,0.039305,0.0008,15,0.040712,0.0008,15,0.041565,0.0008,15,0.042166,0.0008,15,0.040503,0.0008,15,0.042527,0.0008,15,0.043869,0.0008,15,0.044987,0.0008,15,0.045727,0.0008,15,0.041898,0.0008,15,0.043889,0.0008,15,0.046685,0.0008,15,0.047402,0.0008,15,0.042467,0.0008,15,0.044443,0.0008,15,0.045989,0.0008,15,0.047131,0.0008,15,0.047919,0.0008,15,0.042926,0.0008,15,0.044768,0.0008,15,0.046032,0.0008,15,0.047342,0.0008,15,0.048092,0.0008
15,0.046881,0.001,15,0.049166,0.001,15,0.050915,0.001,15,0.051981,0.001,15,0.052735,0.001,15,0.050668,0.001,15,0.053165,0.001,15,0.054868,0.001,15,0.056241,0.001,15,0.057169,0.001,15,0.052409,0.001,15,0.05487,0.001,15,0.058326,0.001,15,0.059241,0.001,15,0.053139,0.001,15,0.055549,0.001,15,0.057477,0.001,15,0.058919,0.001,15,0.059909,0.001,15,0.053643,0.001,15,0.055939,0.001,15,0.057554,0.001,15,0.059148,0.001,15,0.060128,0.001
15,0.056285,0.0012,15,0.059039,0.0012,15,0.061131,0.0012,15,0.062412,0.0012,15,0.06332,0.0012,15,0.060843,0.0012,15,0.063813,0.0012,15,0.065878,0.0012,15,0.067507,0.0012,15,0.068622,0.0012,15,0.062927,0.0012,15,0.065859,0.0012,15,0.069978,0.0012,15,0.071091,0.0012,15,0.063815,0.0012,15,0.066661,0.0012,15,0.068972,0.0012,15,0.070715,0.0012,15,0.071908,0.0012,15,0.064363,0.0012,15,0.067117,0.0012,15,0.069083,0.0012,15,0.070961,0.0012,15,0.072171,0.0012
15,0.065702,0.0014,15,0.068927,0.0014,15,0.071363,0.0014,15,0.072859,0.0014,15,0.073921,0.0014,15,0.071029,0.0014,15,0.074473,0.0014,15,0.0769,0.0014,15,0.078786,0.0014,15,0.080091,0.0014,15,0.073454,0.0014,15,0.076859,0.0014,15,0.081642,0.0014,15,0.082954,0.0014,15,0.074495,0.0014,15,0.077783,0.0014,15,0.080477,0.0014,15,0.082522,0.0014,15,0.083919,0.0014,15,0.075084,0.0014,15,0.078305,0.0014,15,0.080621,0.0014,15,0.082783,0.0014,15,0.084225,0.0014
15,0.075135,0.0016,15,0.078832,0.0016,15,0.081614,0.0016,15,0.083327,0.0016,15,0.084543,0.0016,15,0.081227,0.0016,15,0.085146,0.0016,15,0.087938,0.0016,15,0.090081,0.0016,15,0.091577,0.0016,15,0.083991,0.0016,15,0.087869,0.0016,15,0.09332,0.0016,15,0.094832,0.0016,15,0.085182,0.0016,15,0.088914,0.0016,15,0.091993,0.0016,15,0.094341,0.0016,15,0.095943,0.0016,15,0.085809,0.0016,15,0.089504,0.0016,15,0.092169,0.0016,15,0.094616,0.0016,15,0.09629,0.0016
15,0.084587,0.0018,15,0.088756,0.0018,15,0.091886,0.0018,15,0.093818,0.0018,15,0.095189,0.0018,15,0.091439,0.0018,15,0.095834,0.0018,15,0.098992,0.0018,15,0.10139,0.0018,15,0.10308,0.0018,15,0.094539,0.0018,15,0.098894,0.0018,15,0.10501,0.0018,15,0.10673,0.0018,15,0.095874,0.0018,15,0.10006,0.0018,15,0.10352,0.0018,15,0.10617,0.0018,15,0.10798,0.0018,15,0.096537,0.0018,15,0.10072,0.0018,15,0.10373,0.0018,15,0.10646,0.0018,15,0.10837,0.0018
15,0.09406,0.002,15,0.098702,0.002,15,0.10218,0.002,15,0.10433,0.002,15,0.10586,0.002,15,0.10167,0.002,15,0.10654,0.002,15,0.11007,0.002,15,0.11273,0.002,15,0.11461,0.002,15,0.1051,0.002,15,0.10993,0.002,15,0.11672,0.002,15,0.11864,0.002,15,0.10657,0.002,15,0.11121,0.002,15,0.11506,0.002,15,0.11802,0.002,15,0.12004,0.002,15,0.10727,0.002,15,0.11194,0.002,15,0.1153,0.002,15,0.11832,0.002,15,0.12046,0.002
15,0.10356,0.0022,15,0.10867,0.0022,15,0.11251,0.0022,15,0.11488,0.0022,15,0.11656,0.0022,15,0.11192,0.0022,15,0.11726,0.0022,15,0.12116,0.0022,15,0.12408,0.0022,15,0.12617,0.0022,15,0.11568,0.0022,15,0.12099,0.0022,15,0.12846,0.0022,15,0.13058,0.0022,15,0.11728,0.0022,15,0.12239,0.0022,15,0.12662,0.0022,15,0.12988,0.0022,15,0.13211,0.0022,15,0.11801,0.0022,15,0.12319,0.0022,15,0.12689,0.0022,15,0.13019,0.0022,15,0.13257,0.0022
15,0.11308,0.0024,15,0.11867,0.0024,15,0.12286,0.0024,15,0.12546,0.0024,15,0.1273,0.0024,15,0.12219,0.0024,15,0.12801,0.0024,15,0.13228,0.0024,15,0.13547,0.0024,15,0.13775,0.0024,15,0.12628,0.0024,15,0.13207,0.0024,15,0.14021,0.0024,15,0.14254,0.0024,15,0.128,0.0024,15,0.13358,0.0024,15,0.1382,0.0024,15,0.14177,0.0024,15,0.14421,0.0024,15,0.12875,0.0024,15,0.13445,0.0024,15,0.1385,0.0024,15,0.14208,0.0024,15,0.1447,0.0024
15,0.12263,0.0026,15,0.1287,0.0026,15,0.13324,0.0026,15,0.13607,0.0026,15,0.13807,0.0026,15,0.13248,0.0026,15,0.13878,0.0026,15,0.14343,0.0026,15,0.14688,0.0026,15,0.14936,0.0026,15,0.13689,0.0026,15,0.14317,0.0026,15,0.15199,0.0026,15,0.15452,0.0026,15,0.13873,0.0026,15,0.14479,0.0026,15,0.14979,0.0026,15,0.15367,0.0026,15,0.15633,0.0026,15,0.1395,0.0026,15,0.14574,0.0026,15,0.15013,0.0026,15,0.15398,0.0026,15,0.15685,0.0026
15,0.13221,0.0028,15,0.13876,0.0028,15,0.14366,0.0028,15,0.14672,0.0028,15,0.14888,0.0028,15,0.1428,0.0028,15,0.14958,0.0028,15,0.1546,0.0028,15,0.15832,0.0028,15,0.16101,0.0028,15,0.14753,0.0028,15,0.15429,0.0028,15,0.16379,0.0028,15,0.16653,0.0028,15,0.14947,0.0028,15,0.15602,0.0028,15,0.16141,0.0028,15,0.1656,0.0028,15,0.16847,0.0028,15,0.15025,0.0028,15,0.15706,0.0028,15,0.16178,0.0028,15,0.16591,0.0028,15,0.16902,0.0028
15,0.14183,0.003,15,0.14885,0.003,15,0.15412,0.003,15,0.15741,0.003,15,0.15973,0.003,15,0.15316,0.003,15,0.1604,0.003,15,0.1658,0.003,15,0.16979,0.003,15,0.17269,0.003,15,0.15819,0.003,15,0.16544,0.003,15,0.17562,0.003,15,0.17858,0.003,15,0.16022,0.003,15,0.16728,0.003,15,0.17305,0.003,15,0.17755,0.003,15,0.18064,0.003,15,0.16102,0.003,15,0.1684,0.003,15,0.17345,0.003,15,0.17786,0.003,15,0.18122,0.003
15,0.15148,0.0032,15,0.15898,0.0032,15,0.16462,0.0032,15,0.16815,0.0032,15,0.17063,0.0032,15,0.16354,0.0032,15,0.17126,0.0032,15,0.17704,0.0032,15,0.1813,0.0032,15,0.18441,0.0032,15,0.16888,0.0032,15,0.17662,0.0032,15,0.18749,0.0032,15,0.19065,0.0032,15,0.17099,0.0032,15,0.17856,0.0032,15,0.18472,0.0032,15,0.18953,0.0032,15,0.19284,0.0032,15,0.17179,0.0032,15,0.17977,0.0032,15,0.18515,0.0032,15,0.18983,0.0032,15,0.19344,0.0032
15,0.16118,0.0034,15,0.16916,0.0034,15,0.17516,0.0034,15,0.17893,0.0034,15,0.18158,0.0034,15,0.17396,0.0034,15,0.18215,0.0034,15,0.18832,0.0034,15,0.19284,0.0034,15,0.19617,0.0034,15,0.17961,0.0034,15,0.18784,0.0034,15,0.19938,0.0034,15,0.20277,0.0034,15,0.18178,0.0034,15,0.18987,0.0034,15,0.19641,0.0034,15,0.20154,0.0034,15,0.20508,0.0034,15,0.18259,0.0034,15,0.19119,0.0034,15,0.19688,0.0034,15,0.20183,0.0034,15,0.20569,0.0034
15,0.17092,0.0036,15,0.17938,0.0036,15,0.18575,0.0036,15,0.18976,0.0036,15,0.19258,0.0036,15,0.18441,0.0036,15,0.19308,0.0036,15,0.19963,0.0036,15,0.20443,0.0036,15,0.20797,0.0036,15,0.19037,0.0036,15,0.19909,0.0036,15,0.21132,0.0036,15,0.21491,0.0036,15,0.19258,0.0036,15,0.20122,0.0036,15,0.20814,0.0036,15,0.21357,0.0036,15,0.21734,0.0036,15,0.1934,0.0036,15,0.20264,0.0036,15,0.20865,0.0036,15,0.21386,0.0036,15,0.21797,0.0036
15,0.18071,0.0038,15,0.18964,0.0038,15,0.19639,0.0038,15,0.20065,0.0038,15,0.20364,0.0038,15,0.1949,0.0038,15,0.20405,0.0038,15,0.21099,0.0038,15,0.21605,0.0038,15,0.21982,0.0038,15,0.20118,0.0038,15,0.21038,0.0038,15,0.22329,0.0038,15,0.2271,0.0038,15,0.20342,0.0038,15,0.2126,0.0038,15,0.2199,0.0038,15,0.22565,0.0038,15,0.22964,0.0038,15,0.20423,0.0038,15,0.21413,0.0038,15,0.22045,0.0038,15,0.22592,0.0038,15,0.23029,0.0038
15,0.19054,0.004,15,0.19996,0.004,15,0.20709,0.004,15,0.2116,0.004,15,0.21475,0.004,15,0.20544,0.004,15,0.21507,0.004,15,0.2224,0.004,15,0.22773,0.004,15,0.23173,0.004,15,0.21204,0.004,15,0.22172,0.004,15,0.2353,0.004,15,0.23933,0.004,15,0.21428,0.004,15,0.22402,0.004,15,0.2317,0.004,15,0.23775,0.004,15,0.24198,0.004,15,0.2151,0.004,15,0.22567,0.004,15,0.23228,0.004,15,0.23803,0.004,15,0.24264,0.004
15,0.20044,0.0042,15,0.21034,0.0042,15,0.21784,0.0042,15,0.2226,0.0042,15,0.22594,0.0042,15,0.21602,0.0042,15,0.22615,0.0042,15,0.23387,0.0042,15,0.23946,0.0042,15,0.24368,0.0042,15,0.22296,0.0042,15,0.2331,0.0042,15,0.24735,0.0042,15,0.25161,0.0042,15,0.22519,0.0042,15,0.23548,0.0042,15,0.24356,0.0042,15,0.24991,0.0042,15,0.25436,0.0042,15,0.22601,0.0042,15,0.23726,0.0042,15,0.24417,0.0042,15,0.25017,0.0042,15,0.25503,0.0042
15,0.21039,0.0044,15,0.22077,0.0044,15,0.22865,0.0044,15,0.23368,0.0044,15,0.23719,0.0044,15,0.22664,0.0044,15,0.23728,0.0044,15,0.24541,0.0044,15,0.25123,0.0044,15,0.25569,0.0044,15,0.23396,0.0044,15,0.24454,0.0044,15,0.25946,0.0044,15,0.26394,0.0044,15,0.23616,0.0044,15,0.24698,0.0044,15,0.25548,0.0044,15,0.2621,0.0044,15,0.26679,0.0044,15,0.23697,0.0044,15,0.24889,0.0044,15,0.2561,0.0044,15,0.26238,0.0044,15,0.26747,0.0044
15,0.2204,0.0046,15,0.23127,0.0046,15,0.23953,0.0046,15,0.24482,0.0046,15,0.24851,0.0046,15,0.23732,0.0046,15,0.24848,0.0046,15,0.25705,0.0046,15,0.26307,0.0046,15,0.26777,0.0046,15,0.24503,0.0046,15,0.25603,0.0046,15,0.27162,0.0046,15,0.27632,0.0046,15,0.24721,0.0046,15,0.25853,0.0046,15,0.26748,0.0046,15,0.27435,0.0046,15,0.27927,0.0046,15,0.248,0.0046,15,0.26058,0.0046,15,0.26808,0.0046,15,0.27467,0.0046,15,0.27997,0.0046
15,0.23048,0.0048,15,0.24185,0.0048,15,0.25047,0.0048,15,0.25604,0.0048,15,0.25992,0.0048,15,0.24803,0.0048,15,0.25974,0.0048,15,0.26876,0.0048,15,0.27497,0.0048,15,0.2799,0.0048,15,0.25617,0.0048,15,0.26759,0.0048,15,0.28385,0.0048,15,0.28876,0.0048,15,0.25834,0.0048,15,0.27012,0.0048,15,0.27956,0.0048,15,0.28667,0.0048,15,0.29181,0.0048,15,0.25909,0.0048,15,0.27232,0.0048,15,0.28014,0.0048,15,0.28705,0.0048,15,0.29253,0.0048
15,0.24063,0.005,15,0.25252,0.005,15,0.26149,0.005,15,0.26734,0.005,15,0.2714,0.005,15,0.2588,0.005,15,0.27108,0.005,15,0.28056,0.005,15,0.28693,0.005,15,0.29211,0.005,15,0.26735,0.005,15,0.27922,0.005,15,0.29619,0.005,15,0.30126,0.005,15,0.26951,0.005,15,0.28176,0.005,15,0.29175,0.005,15,0.29907,0.005,15,0.30441,0.005,15,0.27026,0.005,15,0.2841,0.005,15,0.29233,0.005,15,0.29961,0.005,15,0.3052,0.005
15,0.25086,0.0052,15,0.26329,0.0052,15,0.27259,0.0052,15,0.27872,0.0052,15,0.28298,0.0052,15,0.26961,0.0052,15,0.2825,0.0052,15,0.29247,0.0052,15,0.29897,0.0052,15,0.3044,0.0052,15,0.27858,0.0052,15,0.29092,0.0052,15,0.30863,0.0052,15,0.31383,0.0052,15,0.28074,0.0052,15,0.29345,0.0052,15,0.30414,0.0052,15,0.31158,0.0052,15,0.3171,0.0052,15,0.28151,0.0052,15,0.29593,0.0052,15,0.30463,0.0052,15,0.31243,0.0052,15,0.31804,0.0052
15,0.26117,0.0054,15,0.2742,0.0054,15,0.28378,0.0054,15,0.2902,0.0054,15,0.29465,0.0054,15,0.28047,0.0054,15,0.29401,0.0054,15,0.30468,0.0054,15,0.3111,0.0054,15,0.31677,0.0054,15,0.28985,0.0054,15,0.30269,0.0054,15,0.32114,0.0054,15,0.32648,0.0054,15,0.29203,0.0054,15,0.30517,0.0054,15,0.31702,0.0054,15,0.32424,0.0054,15,0.32988,0.0054,15,0.29285,0.0054,15,0.3078,0.0054,15,0.31696,0.0054,15,0.32572,0.0054,15,0.33108,0.0054
15,0.27157,0.0056,15,0.28521,0.0056,15,0.29507,0.0056,15,0.30177,0.0056,15,0.30642,0.0056,15,0.29137,0.0056,15,0.30562,0.0056,15,0.317,0.0056,15,0.32332,0.0056,15,0.32923,0.0056,15,0.30116,0.0056,15,0.31454,0.0056,15,0.33372,0.0056,15,0.33923,0.0056,15,0.30338,0.0056,15,0.31692,0.0056,15,0.32997,0.0056,15,0.33718,0.0056,15,0.34281,0.0056,15,0.30425,0.0056,15,0.3197,0.0056,15,0.32935,0.0056,15,0.33942,0.0056,15,0.34507,0.0056
15,0.28206,0.0058,15,0.29645,0.0058,15,0.30654,0.0058,15,0.31346,0.0058,15,0.31829,0.0058,15,0.30232,0.0058,15,0.31733,0.0058,15,0.3295,0.0058,15,0.33566,0.0058,15,0.34179,0.0058,15,0.31252,0.0058,15,0.32646,0.0058,15,0.34639,0.0058,15,0.35215,0.0058,15,0.31481,0.0058,15,0.32871,0.0058,15,0.34303,0.0058,15,0.35061,0.0058,15,0.35597,0.0058,15,0.31571,0.0058,15,0.33163,0.0058,15,0.34178,0.0058,15,0.35337,0.0058,15,0.35998,0.0058
15,0.29265,0.006,15,0.30782,0.006,15,0.31829,0.006,15,0.32526,0.006,15,0.33029,0.006,15,0.31332,0.006,15,0.32914,0.006,15,0.34209,0.006,15,0.34815,0.006,15,0.35448,0.006,15,0.3239,0.006,15,0.33846,0.006,15,0.35917,0.006,15,0.36547,0.006,15,0.3263,0.006,15,0.34054,0.006,15,0.3562,0.006,15,0.36535,0.006,15,0.36955,0.006,15,0.3272,0.006,15,0.34359,0.006,15,0.35426,0.006,15,0.36774,0.006,15,0.37332,0.006
12.5,0.0095057,0.0002,12.5,0.0099554,0.0002,12.5,0.010363,0.0002,12.5,0.010593,0.0002,12.5,0.010754,0.0002,12.5,0.010263,0.0002,12.5,0.010903,0.0002,12.5,0.011213,0.0002,12.5,0.011579,0.0002,12.5,0.011788,0.0002,12.5,0.010686,0.0002,12.5,0.011296,0.0002,12.5,0.012173,0.0002,12.5,0.012352,0.0002,12.5,0.010802,0.0002,12.5,0.011517,0.0002,12.5,0.011971,0.0002,12.5,0.01225,0.0002,12.5,0.012474,0.0002,12.5,0.011124,0.0002,12.5,0.011679,0.0002,12.5,0.011911,0.0002,12.5,0.012401,0.0002,12.5,0.01251,0.0002
12.5,0.019028,0.0004,12.5,0.019974,0.0004,12.5,0.020742,0.0004,12.5,0.021202,0.0004,12.5,0.021533,0.0004,12.5,0.020633,0.0004,12.5,0.021783,0.0004,12.5,0.022486,0.0004,12.5,0.023133,0.0004,12.5,0.023548,0.0004,12.5,0.021463,0.0004,12.5,0.022589,0.0004,12.5,0.024198,0.0004,12.5,0.024597,0.0004,12.5,0.021786,0.0004,12.5,0.022978,0.0004,12.5,0.023859,0.0004,12.5,0.024476,0.0004,12.5,0.024925,0.0004,12.5,0.022177,0.0004,12.5,0.023228,0.0004,12.5,0.023854,0.0004,12.5,0.024669,0.0004,12.5,0.025037,0.0004
12.5,0.028555,0.0006,12.5,0.029997,0.0006,12.5,0.031127,0.0006,12.5,0.031818,0.0006,12.5,0.032318,0.0006,12.5,0.031006,0.0006,12.5,0.032668,0.0006,12.5,0.033764,0.0006,12.5,0.034691,0.0006,12.5,0.035312,0.0006,12.5,0.032243,0.0006,12.5,0.033885,0.0006,12.5,0.036227,0.0006,12.5,0.036846,0.0006,12.5,0.032772,0.0006,12.5,0.034442,0.0006,12.5,0.035751,0.0006,12.5,0.036704,0.0006,12.5,0.03738,0.0006,12.5,0.033232,0.0006,12.5,0.034781,0.0006,12.5,0.0358,0.0006,12.5,0.036941,0.0006,12.5,0.037566,0.0006
12.5,0.03809,0.0008,12.5,0.040028,0.0008,12.5,0.041521,0.0008,12.5,0.042443,0.0008,12.5,0.043113,0.0008,12.5,0.041385,0.0008,12.5,0.043558,0.0008,12.5,0.045049,0.0008,12.5,0.046256,0.0008,12.5,0.047085,0.0008,12.5,0.043027,0.0008,12.5,0.045186,0.0008,12.5,0.048261,0.0008,12.5,0.049102,0.0008,12.5,0.04376,0.0008,12.5,0.04591,0.0008,12.5,0.047647,0.0008,12.5,0.048938,0.0008,12.5,0.049841,0.0008,12.5,0.044288,0.0008,12.5,0.046337,0.0008,12.5,0.04775,0.0008,12.5,0.049217,0.0008,12.5,0.0501,0.0008
12.5,0.047634,0.001,12.5,0.050069,0.001,12.5,0.051926,0.001,12.5,0.05308,0.001,12.5,0.053919,0.001,12.5,0.05177,0.001,12.5,0.054456,0.001,12.5,0.056342,0.001,12.5,0.057829,0.001,12.5,0.058868,0.001,12.5,0.053817,0.001,12.5,0.056493,0.001,12.5,0.060304,0.001,12.5,0.061365,0.001,12.5,0.054752,0.001,12.5,0.057383,0.001,12.5,0.059549,0.001,12.5,0.061177,0.001,12.5,0.062309,0.001,12.5,0.055346,0.001,12.5,0.057898,0.001,12.5,0.059705,0.001,12.5,0.061498,0.001,12.5,0.06264,0.001
12.5,0.05719,0.0012,12.5,0.060123,0.0012,12.5,0.062346,0.0012,12.5,0.063733,0.0012,12.5,0.064741,0.0012,12.5,0.062165,0.0012,12.5,0.065363,0.0012,12.5,0.067645,0.0012,12.5,0.069415,0.0012,12.5,0.070663,0.0012,12.5,0.064613,0.0012,12.5,0.067807,0.0012,12.5,0.072355,0.0012,12.5,0.07364,0.0012,12.5,0.065746,0.0012,12.5,0.068862,0.0012,12.5,0.071457,0.0012,12.5,0.073425,0.0012,12.5,0.074786,0.0012,12.5,0.066405,0.0012,12.5,0.069467,0.0012,12.5,0.071667,0.0012,12.5,0.073785,0.0012,12.5,0.075188,0.0012
12.5,0.066761,0.0014,12.5,0.070192,0.0014,12.5,0.072782,0.0014,12.5,0.074405,0.0014,12.5,0.075581,0.0014,12.5,0.072571,0.0014,12.5,0.076283,0.0014,12.5,0.078962,0.0014,12.5,0.081014,0.0014,12.5,0.082474,0.0014,12.5,0.075418,0.0014,12.5,0.079131,0.0014,12.5,0.084419,0.0014,12.5,0.085926,0.0014,12.5,0.076746,0.0014,12.5,0.08035,0.0014,12.5,0.083375,0.0014,12.5,0.085682,0.0014,12.5,0.087274,0.0014,12.5,0.077465,0.0014,12.5,0.081044,0.0014,12.5,0.083637,0.0014,12.5,0.086081,0.0014,12.5,0.087745,0.0014
12.5,0.076349,0.0016,12.5,0.080279,0.0016,12.5,0.083239,0.0016,12.5,0.085097,0.0016,12.5,0.086443,0.0016,12.5,0.082989,0.0016,12.5,0.087215,0.0016,12.5,0.090294,0.0016,12.5,0.092629,0.0016,12.5,0.094302,0.0016,12.5,0.086232,0.0016,12.5,0.090466,0.0016,12.5,0.096496,0.0016,12.5,0.098227,0.0016,12.5,0.08775,0.0016,12.5,0.091847,0.0016,12.5,0.095303,0.0016,12.5,0.09795,0.0016,12.5,0.099775,0.0016,12.5,0.088528,0.0016,12.5,0.092631,0.0016,12.5,0.095617,0.0016,12.5,0.098386,0.0016,12.5,0.10031,0.0016
12.5,0.085957,0.0018,12.5,0.090387,0.0018,12.5,0.093718,0.0018,12.5,0.095815,0.0018,12.5,0.09733,0.0018,12.5,0.093423,0.0018,12.5,0.098163,0.0018,12.5,0.10164,0.0018,12.5,0.10426,0.0018,12.5,0.10615,0.0018,12.5,0.097059,0.0018,12.5,0.10181,0.0018,12.5,0.10859,0.0018,12.5,0.11055,0.0018,12.5,0.09876,0.0018,12.5,0.10336,0.0018,12.5,0.10724,0.0018,12.5,0.11023,0.0018,12.5,0.11229,0.0018,12.5,0.099593,0.0018,12.5,0.10423,0.0018,12.5,0.10761,0.0018,12.5,0.1107,0.0018,12.5,0.11289,0.0018
12.5,0.095586,0.002,12.5,0.10052,0.002,12.5,0.10422,0.002,12.5,0.10656,0.002,12.5,0.10825,0.002,12.5,0.10388,0.002,12.5,0.10913,0.002,12.5,0.11301,0.002,12.5,0.11592,0.002,12.5,0.11802,0.002,12.5,0.1079,0.002,12.5,0.11318,0.002,12.5,0.1207,0.002,12.5,0.12288,0.002,12.5,0.10978,0.002,12.5,0.11488,0.002,12.5,0.11919,0.002,12.5,0.12253,0.002,12.5,0.12482,0.002,12.5,0.11066,0.002,12.5,0.11585,0.002,12.5,0.11961,0.002,12.5,0.12303,0.002,12.5,0.12549,0.002
12.5,0.10524,0.0022,12.5,0.11067,0.0022,12.5,0.11476,0.0022,12.5,0.11733,0.0022,12.5,0.11919,0.0022,12.5,0.11435,0.0022,12.5,0.12011,0.0022,12.5,0.1244,0.0022,12.5,0.12759,0.0022,12.5,0.12992,0.0022,12.5,0.11875,0.0022,12.5,0.12456,0.0022,12.5,0.13283,0.0022,12.5,0.13524,0.0022,12.5,0.1208,0.0022,12.5,0.12641,0.0022,12.5,0.13116,0.0022,12.5,0.13484,0.0022,12.5,0.13737,0.0022,12.5,0.12173,0.0022,12.5,0.12748,0.0022,12.5,0.13163,0.0022,12.5,0.13537,0.0022,12.5,0.1381,0.0022
12.5,0.11492,0.0024,12.5,0.12086,0.0024,12.5,0.12532,0.0024,12.5,0.12814,0.0024,12.5,0.13017,0.0024,12.5,0.12484,0.0024,12.5,0.13112,0.0024,12.5,0.13582,0.0024,12.5,0.1393,0.0024,12.5,0.14185,0.0024,12.5,0.12962,0.0024,12.5,0.13596,0.0024,12.5,0.14498,0.0024,12.5,0.14762,0.0024,12.5,0.13183,0.0024,12.5,0.13797,0.0024,12.5,0.14315,0.0024,12.5,0.14717,0.0024,12.5,0.14994,0.0024,12.5,0.13281,0.0024,12.5,0.13913,0.0024,12.5,0.14367,0.0024,12.5,0.14773,0.0024,12.5,0.15072,0.0024
12.5,0.12464,0.0026,12.5,0.13108,0.0026,12.5,0.13592,0.0026,12.5,0.13899,0.0026,12.5,0.14119,0.0026,12.5,0.13536,0.0026,12.5,0.14215,0.0026,12.5,0.14726,0.0026,12.5,0.15103,0.0026,12.5,0.1538,0.0026,12.5,0.14052,0.0026,12.5,0.14738,0.0026,12.5,0.15715,0.0026,12.5,0.16002,0.0026,12.5,0.14287,0.0026,12.5,0.14954,0.0026,12.5,0.15515,0.0026,12.5,0.15952,0.0026,12.5,0.16253,0.0026,12.5,0.14389,0.0026,12.5,0.1508,0.0026,12.5,0.15573,0.0026,12.5,0.1601,0.0026,12.5,0.16337,0.0026
12.5,0.13438,0.0028,12.5,0.14133,0.0028,12.5,0.14655,0.0028,12.5,0.14988,0.0028,12.5,0.15226,0.0028,12.5,0.14591,0.0028,12.5,0.15321,0.0028,12.5,0.15873,0.0028,12.5,0.16279,0.0028,12.5,0.16579,0.0028,12.5,0.15143,0.0028,12.5,0.15882,0.0028,12.5,0.16935,0.0028,12.5,0.17246,0.0028,12.5,0.15393,0.0028,12.5,0.16113,0.0028,12.5,0.16717,0.0028,12.5,0.17189,0.0028,12.5,0.17514,0.0028,12.5,0.15497,0.0028,12.5,0.1625,0.0028,12.5,0.1678,0.0028,12.5,0.17249,0.0028,12.5,0.17603,0.0028
12.5,0.14417,0.003,12.5,0.15161,0.003,12.5,0.15723,0.003,12.5,0.16081,0.003,12.5,0.16336,0.003,12.5,0.15648,0.003,12.5,0.1643,0.003,12.5,0.17023,0.003,12.5,0.17459,0.003,12.5,0.17782,0.003,12.5,0.16237,0.003,12.5,0.1703,0.003,12.5,0.18158,0.003,12.5,0.18492,0.003,12.5,0.16499,0.003,12.5,0.17275,0.003,12.5,0.17921,0.003,12.5,0.18428,0.003,12.5,0.18778,0.003,12.5,0.16607,0.003,12.5,0.17423,0.003,12.5,0.17991,0.003,12.5,0.1849,0.003,12.5,0.18872,0.003
12.5,0.15399,0.0032,12.5,0.16194,0.0032,12.5,0.16795,0.0032,12.5,0.17178,0.0032,12.5,0.17452,0.0032,12.5,0.1671,0.0032,12.5,0.17542,0.0032,12.5,0.18177,0.0032,12.5,0.18642,0.0032,12.5,0.18988,0.0032,12.5,0.17334,0.0032,12.5,0.1818,0.0032,12.5,0.19384,0.0032,12.5,0.19741,0.0032,12.5,0.17607,0.0032,12.5,0.18439,0.0032,12.5,0.19128,0.0032,12.5,0.1967,0.0032,12.5,0.20045,0.0032,12.5,0.17717,0.0032,12.5,0.18599,0.0032,12.5,0.19203,0.0032,12.5,0.19733,0.0032,12.5,0.20143,0.0032
12.5,0.16386,0.0034,12.5,0.17231,0.0034,12.5,0.17871,0.0034,12.5,0.18281,0.0034,12.5,0.18573,0.0034,12.5,0.17774,0.0034,12.5,0.18658,0.0034,12.5,0.19334,0.0034,12.5,0.19828,0.0034,12.5,0.20199,0.0034,12.5,0.18434,0.0034,12.5,0.19334,0.0034,12.5,0.20613,0.0034,12.5,0.20994,0.0034,12.5,0.18717,0.0034,12.5,0.19607,0.0034,12.5,0.20337,0.0034,12.5,0.20914,0.0034,12.5,0.21314,0.0034,12.5,0.18829,0.0034,12.5,0.19779,0.0034,12.5,0.20419,0.0034,12.5,0.20979,0.0034,12.5,0.21417,0.0034
12.5,0.17377,0.0036,12.5,0.18273,0.0036,12.5,0.18953,0.0036,12.5,0.19389,0.0036,12.5,0.19699,0.0036,12.5,0.18843,0.0036,12.5,0.19778,0.0036,12.5,0.20496,0.0036,12.5,0.21019,0.0036,12.5,0.21414,0.0036,12.5,0.19539,0.0036,12.5,0.20492,0.0036,12.5,0.21845,0.0036,12.5,0.2225,0.0036,12.5,0.19828,0.0036,12.5,0.20778,0.0036,12.5,0.2155,0.0036,12.5,0.22162,0.0036,12.5,0.22587,0.0036,12.5,0.19942,0.0036,12.5,0.20963,0.0036,12.5,0.21639,0.0036,12.5,0.22228,0.0036,12.5,0.22694,0.0036
12.5,0.18373,0.0038,12.5,0.1932,0.0038,12.5,0.2004,0.0038,12.5,0.20503,0.0038,12.5,0.20831,0.0038,12.5,0.19916,0.0038,12.5,0.20902,0.0038,12.5,0.21662,0.0038,12.5,0.22215,0.0038,12.5,0.22634,0.0038,12.5,0.20648,0.0038,12.5,0.21654,0.0038,12.5,0.23081,0.0038,12.5,0.2351,0.0038,12.5,0.20943,0.0038,12.5,0.21952,0.0038,12.5,0.22766,0.0038,12.5,0.23413,0.0038,12.5,0.23863,0.0038,12.5,0.21058,0.0038,12.5,0.22152,0.0038,12.5,0.22862,0.0038,12.5,0.23479,0.0038,12.5,0.23973,0.0038
12.5,0.19375,0.004,12.5,0.20373,0.004,12.5,0.21132,0.004,12.5,0.21623,0.004,12.5,0.2197,0.004,12.5,0.20993,0.004,12.5,0.22031,0.004,12.5,0.22834,0.004,12.5,0.23415,0.004,12.5,0.2386,0.004,12.5,0.21764,0.004,12.5,0.2282,0.004,12.5,0.24322,0.004,12.5,0.24774,0.004,12.5,0.22061,0.004,12.5,0.23131,0.004,12.5,0.23986,0.004,12.5,0.24667,0.004,12.5,0.25143,0.004,12.5,0.22178,0.004,12.5,0.23345,0.004,12.5,0.24089,0.004,12.5,0.24734,0.004,12.5,0.25256,0.004
12.5,0.20383,0.0042,12.5,0.21431,0.0042,12.5,0.22231,0.0042,12.5,0.22749,0.0042,12.5,0.23116,0.0042,12.5,0.22075,0.0042,12.5,0.23167,0.0042,12.5,0.24012,0.0042,12.5,0.2462,0.0042,12.5,0.2509,0.0042,12.5,0.22887,0.0042,12.5,0.23992,0.0042,12.5,0.25567,0.0042,12.5,0.26043,0.0042,12.5,0.23184,0.0042,12.5,0.24314,0.0042,12.5,0.25212,0.0042,12.5,0.25925,0.0042,12.5,0.26427,0.0042,12.5,0.23303,0.0042,12.5,0.24543,0.0042,12.5,0.25321,0.0042,12.5,0.25994,0.0042,12.5,0.26543,0.0042
12.5,0.21397,0.0044,12.5,0.22496,0.0044,12.5,0.23336,0.0044,12.5,0.23883,0.0044,12.5,0.24269,0.0044,12.5,0.23161,0.0044,12.5,0.24308,0.0044,12.5,0.25198,0.0044,12.5,0.25831,0.0044,12.5,0.26326,0.0044,12.5,0.24018,0.0044,12.5,0.25169,0.0044,12.5,0.26817,0.0044,12.5,0.27317,0.0044,12.5,0.24315,0.0044,12.5,0.25501,0.0044,12.5,0.26446,0.0044,12.5,0.27188,0.0044,12.5,0.27716,0.0044,12.5,0.24434,0.0044,12.5,0.25747,0.0044,12.5,0.26559,0.0044,12.5,0.2726,0.0044,12.5,0.27834,0.0044
12.5,0.22418,0.0046,12.5,0.23568,0.0046,12.5,0.24448,0.0046,12.5,0.25024,0.0046,12.5,0.2543,0.0046,12.5,0.24253,0.0046,12.5,0.25456,0.0046,12.5,0.26394,0.0046,12.5,0.27048,0.0046,12.5,0.27569,0.0046,12.5,0.25156,0.0046,12.5,0.26353,0.0046,12.5,0.28074,0.0046,12.5,0.28596,0.0046,12.5,0.25455,0.0046,12.5,0.26694,0.0046,12.5,0.27686,0.0046,12.5,0.28457,0.0046,12.5,0.29009,0.0046,12.5,0.25572,0.0046,12.5,0.26956,0.0046,12.5,0.27803,0.0046,12.5,0.28534,0.0046,12.5,0.2913,0.0046
12.5,0.23445,0.0048,12.5,0.24649,0.0048,12.5,0.25568,0.0048,12.5,0.26173,0.0048,12.5,0.26599,0.0048,12.5,0.25349,0.0048,12.5,0.26611,0.0048,12.5,0.27598,0.0048,12.5,0.28271,0.0048,12.5,0.28818,0.0048,12.5,0.26299,0.0048,12.5,0.27544,0.0048,12.5,0.29342,0.0048,12.5,0.2988,0.0048,12.5,0.26601,0.0048,12.5,0.2789,0.0048,12.5,0.28935,0.0048,12.5,0.29732,0.0048,12.5,0.30308,0.0048,12.5,0.26717,0.0048,12.5,0.2817,0.0048,12.5,0.29055,0.0048,12.5,0.29821,0.0048,12.5,0.30432,0.0048
12.5,0.24481,0.005,12.5,0.25738,0.005,12.5,0.26695,0.005,12.5,0.2733,0.005,12.5,0.27777,0.005,12.5,0.2645,0.005,12.5,0.27773,0.005,12.5,0.28811,0.005,12.5,0.29501,0.005,12.5,0.30075,0.005,12.5,0.27448,0.005,12.5,0.28743,0.005,12.5,0.30621,0.005,12.5,0.31171,0.005,12.5,0.27752,0.005,12.5,0.29091,0.005,12.5,0.30201,0.005,12.5,0.31015,0.005,12.5,0.31614,0.005,12.5,0.2787,0.005,12.5,0.29388,0.005,12.5,0.30319,0.005,12.5,0.31131,0.005,12.5,0.31741,0.005
12.5,0.25525,0.0052,12.5,0.26838,0.0052,12.5,0.27831,0.0052,12.5,0.28496,0.0052,12.5,0.28964,0.0052,12.5,0.27556,0.0052,12.5,0.28945,0.0052,12.5,0.30052,0.0052,12.5,0.3074,0.0052,12.5,0.31339,0.0052,12.5,0.28601,0.0052,12.5,0.29949,0.0052,12.5,0.31904,0.0052,12.5,0.32469,0.0052,12.5,0.28907,0.0052,12.5,0.30296,0.0052,12.5,0.31522,0.0052,12.5,0.32311,0.0052,12.5,0.32928,0.0052,12.5,0.29032,0.0052,12.5,0.30612,0.0052,12.5,0.31594,0.0052,12.5,0.3247,0.0052,12.5,0.33062,0.0052
12.5,0.26578,0.0054,12.5,0.27957,0.0054,12.5,0.28977,0.0054,12.5,0.29672,0.0054,12.5,0.30162,0.0054,12.5,0.28667,0.0054,12.5,0.30127,0.0054,12.5,0.31309,0.0054,12.5,0.31987,0.0054,12.5,0.32612,0.0054,12.5,0.29759,0.0054,12.5,0.31161,0.0054,12.5,0.33194,0.0054,12.5,0.33777,0.0054,12.5,0.30068,0.0054,12.5,0.31504,0.0054,12.5,0.32847,0.0054,12.5,0.33625,0.0054,12.5,0.34254,0.0054,12.5,0.30203,0.0054,12.5,0.3184,0.0054,12.5,0.32876,0.0054,12.5,0.33818,0.0054,12.5,0.34405,0.0054
12.5,0.27642,0.0056,12.5,0.29086,0.0056,12.5,0.30135,0.0056,12.5,0.3086,0.0056,12.5,0.3137,0.0056,12.5,0.29784,0.0056,12.5,0.31319,0.0056,12.5,0.32573,0.0056,12.5,0.33245,0.0056,12.5,0.33895,0.0056,12.5,0.30921,0.0056,12.5,0.32382,0.0056,12.5,0.34493,0.0056,12.5,0.3511,0.0056,12.5,0.31237,0.0056,12.5,0.32716,0.0056,12.5,0.34168,0.0056,12.5,0.3498,0.0056,12.5,0.35593,0.0056,12.5,0.31381,0.0056,12.5,0.33073,0.0056,12.5,0.34161,0.0056,12.5,0.35211,0.0056,12.5,0.35772,0.0056
12.5,0.28715,0.0058,12.5,0.30248,0.0058,12.5,0.31317,0.0058,12.5,0.32059,0.0058,12.5,0.32591,0.0058,12.5,0.30905,0.0058,12.5,0.3252,0.0058,12.5,0.33839,0.0058,12.5,0.34518,0.0058,12.5,0.35189,0.0058,12.5,0.32087,0.0058,12.5,0.3361,0.0058,12.5,0.35801,0.0058,12.5,0.36474,0.0058,12.5,0.32414,0.0058,12.5,0.33932,0.0058,12.5,0.35561,0.0058,12.5,0.36451,0.0058,12.5,0.3696,0.0058,12.5,0.32564,0.0058,12.5,0.34311,0.0058,12.5,0.35448,0.0058,12.5,0.36693,0.0058,12.5,0.37185,0.0058
10,0.0096613,0.0002,10,0.010151,0.0002,10,0.010577,0.0002,10,0.010823,0.0002,10,0.011008,0.0002,10,0.010497,0.0002,10,0.011169,0.0002,10,0.01153,0.0002,10,0.011912,0.0002,10,0.012147,0.0002,10,0.010993,0.0002,10,0.011638,0.0002,10,0.012584,0.0002,10,0.012814,0.0002,10,0.011163,0.0002,10,0.011914,0.0002,10,0.012426,0.0002,10,0.012753,0.0002,10,0.013016,0.0002,10,0.011495,0.0002,10,0.012116,0.0002,10,0.01239,0.0002,10,0.012912,0.0002,10,0.013075,0.0002
10,0.01934,0.0004,10,0.020356,0.0004,10,0.021167,0.0004,10,0.021664,0.0004,10,0.022037,0.0004,10,0.021094,0.0004,10,0.02232,0.0004,10,0.023114,0.0004,10,0.023805,0.0004,10,0.024273,0.0004,10,0.022064,0.0004,10,0.02328,0.0004,10,0.025045,0.0004,10,0.025525,0.0004,10,0.022495,0.0004,10,0.02378,0.0004,10,0.024774,0.0004,10,0.025485,0.0004,10,0.026007,0.0004,10,0.022925,0.0004,10,0.024103,0.0004,10,0.024823,0.0004,10,0.025722,0.0004,10,0.02618,0.0004
10,0.029024,0.0006,10,0.030567,0.0006,10,0.031764,0.0006,10,0.032512,0.0006,10,0.033072,0.0006,10,0.031694,0.0006,10,0.033476,0.0006,10,0.034702,0.0006,10,0.035704,0.0006,10,0.036404,0.0006,10,0.033138,0.0006,10,0.034924,0.0006,10,0.037511,0.0006,10,0.03824,0.0006,10,0.033827,0.0006,10,0.035647,0.0006,10,0.037125,0.0006,10,0.03822,0.0006,10,0.039001,0.0006,10,0.034356,0.0006,10,0.036092,0.0006,10,0.037258,0.0006,10,0.038534,0.0006,10,0.039287,0.0006
10,0.038715,0.0008,10,0.040785,0.0008,10,0.04237,0.0008,10,0.043371,0.0008,10,0.044116,0.0008,10,0.0423,0.0008,10,0.044638,0.0008,10,0.046297,0.0008,10,0.047609,0.0008,10,0.048542,0.0008,10,0.044216,0.0008,10,0.046572,0.0008,10,0.049981,0.0008,10,0.050962,0.0008,10,0.045162,0.0008,10,0.047519,0.0008,10,0.049479,0.0008,10,0.050959,0.0008,10,0.052,0.0008,10,0.045788,0.0008,10,0.048085,0.0008,10,0.049697,0.0008,10,0.05135,0.0008,10,0.052398,0.0008
10,0.048418,0.001,10,0.051014,0.001,10,0.052988,0.001,10,0.054243,0.001,10,0.055174,0.001,10,0.052913,0.001,10,0.055808,0.001,10,0.0579,0.001,10,0.059523,0.001,10,0.060691,0.001,10,0.055299,0.001,10,0.058227,0.001,10,0.062459,0.001,10,0.063691,0.001,10,0.056499,0.001,10,0.059395,0.001,10,0.061839,0.001,10,0.063703,0.001,10,0.065005,0.001,10,0.05722,0.001,10,0.060083,0.001,10,0.062141,0.001,10,0.06417,0.001,10,0.065514,0.001
10,0.058133,0.0012,10,0.061257,0.0012,10,0.063622,0.0012,10,0.065131,0.0012,10,0.066248,0.0012,10,0.063536,0.0012,10,0.066987,0.0012,10,0.069515,0.0012,10,0.071449,0.0012,10,0.072852,0.0012,10,0.066389,0.0012,10,0.069888,0.0012,10,0.074946,0.0012,10,0.076429,0.0012,10,0.06784,0.0012,10,0.071276,0.0012,10,0.074205,0.0012,10,0.076454,0.0012,10,0.078019,0.0012,10,0.068654,0.0012,10,0.072086,0.0012,10,0.07459,0.0012,10,0.076997,0.0012,10,0.078637,0.0012
10,0.067864,0.0014,10,0.071515,0.0014,10,0.074273,0.0014,10,0.076039,0.0014,10,0.077342,0.0014,10,0.07417,0.0014,10,0.078179,0.0014,10,0.081142,0.0014,10,0.083388,0.0014,10,0.085029,0.0014,10,0.077487,0.0014,10,0.081558,0.0014,10,0.087444,0.0014,10,0.08918,0.0014,10,0.079184,0.0014,10,0.083165,0.0014,10,0.086579,0.0014,10,0.089214,0.0014,10,0.091042,0.0014,10,0.080088,0.0014,10,0.084097,0.0014,10,0.087047,0.0014,10,0.08983,0.0014,10,0.091768,0.0014
10,0.077612,0.0016,10,0.081793,0.0016,10,0.084946,0.0016,10,0.086969,0.0016,10,0.088459,0.0016,10,0.084817,0.0016,10,0.089384,0.0016,10,0.092785,0.0016,10,0.095344,0.0016,10,0.097224,0.0016,10,0.088594,0.0016,10,0.093239,0.0016,10,0.099954,0.0016,10,0.10194,0.0016,10,0.090533,0.0016,10,0.095062,0.0016,10,0.098962,0.0016,10,0.10198,0.0016,10,0.10408,0.0016,10,0.091523,0.0016,10,0.096118,0.0016,10,0.099512,0.0016,10,0.10267,0.0016,10,0.10491,0.0016
10,0.087382,0.0018,10,0.092093,0.0018,10,0.095643,0.0018,10,0.097926,0.0018,10,0.099603,0.0018,10,0.095481,0.0018,10,0.1006,0.0018,10,0.10445,0.0018,10,0.10732,0.0018,10,0.10944,0.0018,10,0.099713,0.0018,10,0.10493,0.0018,10,0.11248,0.0018,10,0.11472,0.0018,10,0.10189,0.0018,10,0.10697,0.0018,10,0.11135,0.0018,10,0.11476,0.0018,10,0.11712,0.0018,10,0.10296,0.0018,10,0.10815,0.0018,10,0.11199,0.0018,10,0.11552,0.0018,10,0.11806,0.0018
10,0.097176,0.002,10,0.10242,0.002,10,0.10637,0.002,10,0.10891,0.002,10,0.11078,0.002,10,0.10616,0.002,10,0.11184,0.002,10,0.11613,0.002,10,0.11931,0.002,10,0.12168,0.002,10,0.11084,0.002,10,0.11664,0.002,10,0.12502,0.002,10,0.12752,0.002,10,0.11325,0.002,10,0.11889,0.002,10,0.12376,0.002,10,0.12756,0.002,10,0.13018,0.002,10,0.1144,0.002,10,0.12019,0.002,10,0.12447,0.002,10,0.12838,0.002,10,0.13122,0.002
10,0.107,0.0022,10,0.11277,0.0022,10,0.11712,0.0022,10,0.11993,0.0022,10,0.12198,0.0022,10,0.11687,0.0022,10,0.1231,0.0022,10,0.12783,0.0022,10,0.13133,0.0022,10,0.13394,0.0022,10,0.12199,0.0022,10,0.12836,0.0022,10,0.13758,0.0022,10,0.14034,0.0022,10,0.12461,0.0022,10,0.13082,0.0022,10,0.13618,0.0022,10,0.14037,0.0022,10,0.14326,0.0022,10,0.12584,0.0022,10,0.13226,0.0022,10,0.13698,0.0022,10,0.14125,0.0022,10,0.1444,0.0022
10,0.11685,0.0024,10,0.12315,0.0024,10,0.12791,0.0024,10,0.13099,0.0024,10,0.13323,0.0024,10,0.12759,0.0024,10,0.13438,0.0024,10,0.13956,0.0024,10,0.14338,0.0024,10,0.14624,0.0024,10,0.13315,0.0024,10,0.14011,0.0024,10,0.15016,0.0024,10,0.15317,0.0024,10,0.13599,0.0024,10,0.14277,0.0024,10,0.14861,0.0024,10,0.15319,0.0024,10,0.15635,0.0024,10,0.13728,0.0024,10,0.14434,0.0024,10,0.14949,0.0024,10,0.15414,0.0024,10,0.15759,0.0024
10,0.12673,0.0026,10,0.13357,0.0026,10,0.13873,0.0026,10,0.14208,0.0026,10,0.14451,0.0026,10,0.13834,0.0026,10,0.14569,0.0026,10,0.15131,0.0026,10,0.15545,0.0026,10,0.15856,0.0026,10,0.14434,0.0026,10,0.15187,0.0026,10,0.16276,0.0026,10,0.16603,0.0026,10,0.14737,0.0026,10,0.15474,0.0026,10,0.16106,0.0026,10,0.16603,0.0026,10,0.16947,0.0026,10,0.14873,0.0026,10,0.15644,0.0026,10,0.16203,0.0026,10,0.16704,0.0026,10,0.17079,0.0026
10,0.13665,0.0028,10,0.14402,0.0028,10,0.14959,0.0028,10,0.15322,0.0028,10,0.15584,0.0028,10,0.14913,0.0028,10,0.15702,0.0028,10,0.16309,0.0028,10,0.16755,0.0028,10,0.17092,0.0028,10,0.15555,0.0028,10,0.16366,0.0028,10,0.17539,0.0028,10,0.17892,0.0028,10,0.15876,0.0028,10,0.16672,0.0028,10,0.17352,0.0028,10,0.17889,0.0028,10,0.1826,0.0028,10,0.16018,0.0028,10,0.16856,0.0028,10,0.17459,0.0028,10,0.17995,0.0028,10,0.18402,0.0028
10,0.1466,0.003,10,0.15451,0.003,10,0.1605,0.003,10,0.1644,0.003,10,0.16722,0.003,10,0.15994,0.003,10,0.16839,0.003,10,0.17491,0.003,10,0.17969,0.003,10,0.18331,0.003,10,0.16678,0.003,10,0.17548,0.003,10,0.18804,0.003,10,0.19183,0.003,10,0.17016,0.003,10,0.17874,0.003,10,0.18601,0.003,10,0.19177,0.003,10,0.19576,0.003,10,0.17163,0.003,10,0.18072,0.003,10,0.18717,0.003,10,0.19289,0.003,10,0.19726,0.003
10,0.1566,0.0032,10,0.16504,0.0032,10,0.17145,0.0032,10,0.17563,0.0032,10,0.17865,0.0032,10,0.17079,0.0032,10,0.17979,0.0032,10,0.18676,0.0032,10,0.19186,0.0032,10,0.19575,0.0032,10,0.17804,0.0032,10,0.18733,0.0032,10,0.20072,0.0032,10,0.20477,0.0032,10,0.18158,0.0032,10,0.19078,0.0032,10,0.19852,0.0032,10,0.20468,0.0032,10,0.20894,0.0032,10,0.1831,0.0032,10,0.19291,0.0032,10,0.19977,0.0032,10,0.20584,0.0032,10,0.21052,0.0032
10,0.16665,0.0034,10,0.17562,0.0034,10,0.18245,0.0034,10,0.18692,0.0034,10,0.19013,0.0034,10,0.18168,0.0034,10,0.19123,0.0034,10,0.19865,0.0034,10,0.20407,0.0034,10,0.20822,0.0034,10,0.18935,0.0034,10,0.19921,0.0034,10,0.21344,0.0034,10,0.21775,0.0034,10,0.19302,0.0034,10,0.20284,0.0034,10,0.21105,0.0034,10,0.21761,0.0034,10,0.22215,0.0034,10,0.19458,0.0034,10,0.20514,0.0034,10,0.21241,0.0034,10,0.21881,0.0034,10,0.22381,0.0034
10,0.17675,0.0036,10,0.18625,0.0036,10,0.19351,0.0036,10,0.19826,0.0036,10,0.20168,0.0036,10,0.19261,0.0036,10,0.2027,0.0036,10,0.21058,0.0036,10,0.21632,0.0036,10,0.22074,0.0036,10,0.20069,0.0036,10,0.21114,0.0036,10,0.22618,0.0036,10,0.23075,0.0036,10,0.20448,0.0036,10,0.21495,0.0036,10,0.22361,0.0036,10,0.23057,0.0036,10,0.23539,0.0036,10,0.20608,0.0036,10,0.21741,0.0036,10,0.22509,0.0036,10,0.23181,0.0036,10,0.23712,0.0036
10,0.1869,0.0038,10,0.19694,0.0038,10,0.20462,0.0038,10,0.20967,0.0038,10,0.21329,0.0038,10,0.20358,0.0038,10,0.21423,0.0038,10,0.22257,0.0038,10,0.22862,0.0038,10,0.23331,0.0038,10,0.2121,0.0038,10,0.22311,0.0038,10,0.23897,0.0038,10,0.2438,0.0038,10,0.21597,0.0038,10,0.22709,0.0038,10,0.23621,0.0038,10,0.24356,0.0038,10,0.24866,0.0038,10,0.21761,0.0038,10,0.22972,0.0038,10,0.2378,0.0038,10,0.24484,0.0038,10,0.25046,0.0038
10,0.19711,0.004,10,0.20768,0.004,10,0.21579,0.004,10,0.22114,0.004,10,0.22496,0.004,10,0.2146,0.004,10,0.22581,0.004,10,0.2346,0.004,10,0.24097,0.004,10,0.24594,0.004,10,0.22357,0.004,10,0.23512,0.004,10,0.25179,0.004,10,0.25688,0.004,10,0.2275,0.004,10,0.23928,0.004,10,0.24885,0.004,10,0.25658,0.004,10,0.26196,0.004,10,0.22918,0.004,10,0.24209,0.004,10,0.25056,0.004,10,0.2579,0.004,10,0.26382,0.004
10,0.20738,0.0042,10,0.21849,0.0042,10,0.22703,0.0042,10,0.23267,0.0042,10,0.23672,0.0042,10,0.22566,0.0042,10,0.23745,0.0042,10,0.24672,0.0042,10,0.25337,0.0042,10,0.25861,0.0042,10,0.23513,0.0042,10,0.2472,0.0042,10,0.26467,0.0042,10,0.27001,0.0042,10,0.23909,0.0042,10,0.25151,0.0042,10,0.26156,0.0042,10,0.26964,0.0042,10,0.2753,0.0042,10,0.24081,0.0042,10,0.25451,0.0042,10,0.26338,0.0042,10,0.271,0.0042,10,0.27722,0.0042
10,0.21771,0.0044,10,0.22937,0.0044,10,0.23834,0.0044,10,0.24429,0.0044,10,0.24854,0.0044,10,0.23678,0.0044,10,0.24916,0.0044,10,0.25893,0.0044,10,0.26582,0.0044,10,0.27135,0.0044,10,0.24676,0.0044,10,0.25933,0.0044,10,0.2776,0.0044,10,0.28318,0.0044,10,0.25078,0.0044,10,0.26379,0.0044,10,0.27435,0.0044,10,0.28275,0.0044,10,0.28869,0.0044,10,0.25252,0.0044,10,0.26698,0.0044,10,0.27625,0.0044,10,0.28418,0.0044,10,0.29067,0.0044
10,0.22812,0.0046,10,0.24033,0.0046,10,0.24972,0.0046,10,0.25598,0.0046,10,0.26046,0.0046,10,0.24795,0.0046,10,0.26093,0.0046,10,0.27124,0.0046,10,0.27834,0.0046,10,0.28415,0.0046,10,0.25847,0.0046,10,0.27154,0.0046,10,0.29065,0.0046,10,0.29641,0.0046,10,0.26256,0.0046,10,0.27611,0.0046,10,0.28722,0.0046,10,0.29592,0.0046,10,0.30212,0.0046,10,0.26429,0.0046,10,0.2795,0.0046,10,0.28921,0.0046,10,0.29746,0.0046,10,0.30415,0.0046
10,0.23861,0.0048,10,0.25137,0.0048,10,0.26119,0.0048,10,0.26776,0.0048,10,0.27246,0.0048,10,0.25917,0.0048,10,0.27278,0.0048,10,0.28363,0.0048,10,0.29092,0.0048,10,0.29701,0.0048,10,0.27023,0.0048,10,0.28383,0.0048,10,0.30381,0.0048,10,0.30969,0.0048,10,0.27439,0.0048,10,0.28848,0.0048,10,0.30018,0.0048,10,0.30916,0.0048,10,0.31561,0.0048,10,0.27615,0.0048,10,0.29206,0.0048,10,0.30227,0.0048,10,0.31097,0.0048,10,0.3177,0.0048
10,0.24918,0.005,10,0.26252,0.005,10,0.27274,0.005,10,0.27963,0.005,10,0.28455,0.005,10,0.27044,0.005,10,0.28472,0.005,10,0.29618,0.005,10,0.30359,0.005,10,0.30995,0.005,10,0.28203,0.005,10,0.29619,0.005,10,0.31701,0.005,10,0.32304,0.005,10,0.28625,0.005,10,0.30088,0.005,10,0.31329,0.005,10,0.3225,0.005,10,0.32918,0.005,10,0.28808,0.005,10,0.30467,0.005,10,0.31543,0.005,10,0.32485,0.005,10,0.33131,0.005
10,0.25984,0.0052,10,0.2738,0.0052,10,0.28439,0.0052,10,0.29159,0.0052,10,0.29675,0.0052,10,0.28177,0.0052,10,0.29675,0.0052,10,0.30919,0.0052,10,0.31633,0.0052,10,0.32297,0.0052,10,0.29388,0.0052,10,0.30862,0.0052,10,0.33026,0.0052,10,0.33647,0.0052,10,0.29817,0.0052,10,0.31332,0.0052,10,0.32666,0.0052,10,0.33598,0.0052,10,0.34285,0.0052,10,0.30011,0.0052,10,0.31734,0.0052,10,0.32864,0.0052,10,0.33888,0.0052,10,0.34502,0.0052
10,0.27061,0.0054,10,0.28528,0.0054,10,0.29616,0.0054,10,0.30367,0.0054,10,0.30906,0.0054,10,0.29315,0.0054,10,0.30888,0.0054,10,0.32207,0.0054,10,0.32918,0.0054,10,0.33609,0.0054,10,0.30579,0.0054,10,0.32112,0.0054,10,0.3436,0.0054,10,0.34963,0.0054,10,0.31015,0.0054,10,0.3258,0.0054,10,0.34033,0.0054,10,0.34975,0.0054,10,0.35665,0.0054,10,0.31223,0.0054,10,0.33008,0.0054,10,0.34191,0.0054,10,0.35444,0.0054,10,0.3589,0.0054
10,0.28149,0.0056,10,0.29678,0.0056,10,0.30804,0.0056,10,0.31586,0.0056,10,0.32149,0.0056,10,0.30459,0.0056,10,0.32112,0.0056,10,0.33499,0.0056,10,0.34215,0.0056,10,0.3493,0.0056,10,0.31774,0.0056,10,0.33369,0.0056,10,0.35703,0.0056,10,0.36315,0.0056,10,0.32221,0.0056,10,0.33833,0.0056,10,0.35401,0.0056,10,0.36464,0.0056,10,0.37065,0.0056,10,0.32443,0.0056,10,0.34288,0.0056,10,0.35524,0.0056,10,0.36831,0.0056,10,0.37306,0.0056
7.5,0.0098249,0.0002,7.5,0.010357,0.0002,7.5,0.010801,0.0002,7.5,0.011068,0.0002,7.5,0.011278,0.0002,7.5,0.010743,0.0002,7.5,0.011446,0.0002,7.5,0.011866,0.0002,7.5,0.012267,0.0002,7.5,0.012534,0.0002,7.5,0.011313,0.0002,7.5,0.012002,0.0002,7.5,0.013031,0.0002,7.5,0.013315,0.0002,7.5,0.011555,0.0002,7.5,0.012349,0.0002,7.5,0.012925,0.0002,7.5,0.013319,0.0002,7.5,0.013626,0.0002,7.5,0.011904,0.0002,7.5,0.012604,0.0002,7.5,0.012947,0.0002,7.5,0.013505,0.0002,7.5,0.013738,0.0002
7.5,0.019666,0.0004,7.5,0.020758,0.0004,7.5,0.021615,0.0004,7.5,0.022155,0.0004,7.5,0.022572,0.0004,7.5,0.021573,0.0004,7.5,0.022881,0.0004,7.5,0.023777,0.0004,7.5,0.024523,0.0004,7.5,0.025053,0.0004,7.5,0.022691,0.0004,7.5,0.024013,0.0004,7.5,0.025968,0.0004,7.5,0.026538,0.0004,7.5,0.02326,0.0004,7.5,0.024658,0.0004,7.5,0.025782,0.0004,7.5,0.026619,0.0004,7.5,0.027227,0.0004,7.5,0.02375,0.0004,7.5,0.025084,0.0004,7.5,0.025939,0.0004,7.5,0.026938,0.0004,7.5,0.027514,0.0004
7.5,0.029514,0.0006,7.5,0.031164,0.0006,7.5,0.032435,0.0006,7.5,0.03325,0.0006,7.5,0.033873,0.0006,7.5,0.032408,0.0006,7.5,0.034321,0.0006,7.5,0.035693,0.0006,7.5,0.036784,0.0006,7.5,0.037576,0.0006,7.5,0.034071,0.0006,7.5,0.036027,0.0006,7.5,0.038908,0.0006,7.5,0.039765,0.0006,7.5,0.034966,0.0006,7.5,0.036968,0.0006,7.5,0.038643,0.0006,7.5,0.039922,0.0006,7.5,0.04083,0.0006,7.5,0.035597,0.0006,7.5,0.037566,0.0006,7.5,0.038934,0.0006,7.5,0.040374,0.0006,7.5,0.041291,0.0006
7.5,0.03937,0.0008,7.5,0.041579,0.0008,7.5,0.043264,0.0008,7.5,0.044356,0.0008,7.5,0.045185,0.0008,7.5,0.043247,0.0008,7.5,0.045766,0.0008,7.5,0.047615,0.0008,7.5,0.049051,0.0008,7.5,0.050108,0.0008,7.5,0.045455,0.0008,7.5,0.048044,0.0008,7.5,0.051853,0.0008,7.5,0.052996,0.0008,7.5,0.046674,0.0008,7.5,0.04928,0.0008,7.5,0.051506,0.0008,7.5,0.053227,0.0008,7.5,0.054437,0.0008,7.5,0.047444,0.0008,7.5,0.050051,0.0008,7.5,0.05193,0.0008,7.5,0.053812,0.0008,7.5,0.055071,0.0008
7.5,0.049237,0.001,7.5,0.052005,0.001,7.5,0.054107,0.001,7.5,0.055476,0.001,7.5,0.05651,0.001,7.5,0.054095,0.001,7.5,0.05722,0.001,7.5,0.059547,0.001,7.5,0.061328,0.001,7.5,0.062649,0.001,7.5,0.056845,0.001,7.5,0.060067,0.001,7.5,0.064804,0.001,7.5,0.066235,0.001,7.5,0.058384,0.001,7.5,0.061596,0.001,7.5,0.064373,0.001,7.5,0.066537,0.001,7.5,0.068049,0.001,7.5,0.059292,0.001,7.5,0.062539,0.001,7.5,0.06493,0.001,7.5,0.067253,0.001,7.5,0.068855,0.001
7.5,0.059118,0.0012,7.5,0.062446,0.0012,7.5,0.064966,0.0012,7.5,0.066614,0.0012,7.5,0.067853,0.0012,7.5,0.064953,0.0012,7.5,0.068684,0.0012,7.5,0.071489,0.0012,7.5,0.073616,0.0012,7.5,0.075203,0.0012,7.5,0.068241,0.0012,7.5,0.072096,0.0012,7.5,0.077763,0.0012,7.5,0.079482,0.0012,7.5,0.070097,0.0012,7.5,0.073917,0.0012,7.5,0.077245,0.0012,7.5,0.079853,0.0012,7.5,0.081667,0.0012,7.5,0.07114,0.0012,7.5,0.075032,0.0012,7.5,0.077935,0.0012,7.5,0.080699,0.0012,7.5,0.082643,0.0012
7.5,0.069016,0.0014,7.5,0.072904,0.0014,7.5,0.075845,0.0014,7.5,0.077773,0.0014,7.5,0.079217,0.0014,7.5,0.075822,0.0014,7.5,0.080159,0.0014,7.5,0.083444,0.0014,7.5,0.085917,0.0014,7.5,0.087773,0.0014,7.5,0.079645,0.0014,7.5,0.084134,0.0014,7.5,0.090731,0.0014,7.5,0.092739,0.0014,7.5,0.081813,0.0014,7.5,0.086244,0.0014,7.5,0.090124,0.0014,7.5,0.093175,0.0014,7.5,0.095293,0.0014,7.5,0.082988,0.0014,7.5,0.087531,0.0014,7.5,0.090944,0.0014,7.5,0.09415,0.0014,7.5,0.096436,0.0014
7.5,0.078933,0.0016,7.5,0.083382,0.0016,7.5,0.086745,0.0016,7.5,0.088956,0.0016,7.5,0.090605,0.0016,7.5,0.086706,0.0016,7.5,0.091649,0.0016,7.5,0.095415,0.0016,7.5,0.098235,0.0016,7.5,0.10036,0.0016,7.5,0.091058,0.0016,7.5,0.096181,0.0016,7.5,0.10371,0.0016,7.5,0.10601,0.0016,7.5,0.093534,0.0016,7.5,0.098577,0.0016,7.5,0.10301,0.0016,7.5,0.1065,0.0016,7.5,0.10893,0.0016,7.5,0.094836,0.0016,7.5,0.10004,0.0016,7.5,0.10396,0.0016,7.5,0.10761,0.0016,7.5,0.11024,0.0016
7.5,0.088873,0.0018,7.5,0.093884,0.0018,7.5,0.097672,0.0018,7.5,0.10017,0.0018,7.5,0.10202,0.0018,7.5,0.097607,0.0018,7.5,0.10315,0.0018,7.5,0.1074,0.0018,7.5,0.11057,0.0018,7.5,0.11297,0.0018,7.5,0.10248,0.0018,7.5,0.10824,0.0018,7.5,0.1167,0.0018,7.5,0.11929,0.0018,7.5,0.10526,0.0018,7.5,0.11092,0.0018,7.5,0.1159,0.0018,7.5,0.11984,0.0018,7.5,0.12257,0.0018,7.5,0.10668,0.0018,7.5,0.11255,0.0018,7.5,0.11699,0.0018,7.5,0.12107,0.0018,7.5,0.12404,0.0018
7.5,0.098838,0.002,7.5,0.10441,0.002,7.5,0.10863,0.002,7.5,0.11141,0.002,7.5,0.11347,0.002,7.5,0.10853,0.002,7.5,0.11468,0.002,7.5,0.11941,0.002,7.5,0.12293,0.002,7.5,0.1256,0.002,7.5,0.11392,0.002,7.5,0.12031,0.002,7.5,0.12971,0.002,7.5,0.13259,0.002,7.5,0.11699,0.002,7.5,0.12327,0.002,7.5,0.12881,0.002,7.5,0.13319,0.002,7.5,0.13622,0.002,7.5,0.11853,0.002,7.5,0.12508,0.002,7.5,0.13002,0.002,7.5,0.13454,0.002,7.5,0.13786,0.002
7.5,0.10883,0.0022,7.5,0.11497,0.0022,7.5,0.11961,0.0022,7.5,0.12269,0.0022,7.5,0.12496,0.0022,7.5,0.11947,0.0022,7.5,0.12622,0.0022,7.5,0.13144,0.0022,7.5,0.13531,0.0022,7.5,0.13826,0.0022,7.5,0.12537,0.0022,7.5,0.1324,0.0022,7.5,0.14273,0.0022,7.5,0.1459,0.0022,7.5,0.12873,0.0022,7.5,0.13564,0.0022,7.5,0.14172,0.0022,7.5,0.14655,0.0022,7.5,0.14989,0.0022,7.5,0.13038,0.0022,7.5,0.13762,0.0022,7.5,0.14307,0.0022,7.5,0.14802,0.0022,7.5,0.15168,0.0022
7.5,0.11886,0.0024,7.5,0.12556,0.0024,7.5,0.13064,0.0024,7.5,0.134,0.0024,7.5,0.13648,0.0024,7.5,0.13044,0.0024,7.5,0.13779,0.0024,7.5,0.1435,0.0024,7.5,0.14771,0.0024,7.5,0.15094,0.0024,7.5,0.13684,0.0024,7.5,0.14451,0.0024,7.5,0.15578,0.0024,7.5,0.15923,0.0024,7.5,0.14047,0.0024,7.5,0.14802,0.0024,7.5,0.15464,0.0024,7.5,0.15992,0.0024,7.5,0.16357,0.0024,7.5,0.14224,0.0024,7.5,0.15018,0.0024,7.5,0.15613,0.0024,7.5,0.16151,0.0024,7.5,0.16552,0.0024
7.5,0.12892,0.0026,7.5,0.13618,0.0026,7.5,0.1417,0.0026,7.5,0.14536,0.0026,7.5,0.14805,0.0026,7.5,0.14143,0.0026,7.5,0.14938,0.0026,7.5,0.15558,0.0026,7.5,0.16015,0.0026,7.5,0.16366,0.0026,7.5,0.14834,0.0026,7.5,0.15664,0.0026,7.5,0.16884,0.0026,7.5,0.17258,0.0026,7.5,0.15222,0.0026,7.5,0.16041,0.0026,7.5,0.16758,0.0026,7.5,0.17331,0.0026,7.5,0.17726,0.0026,7.5,0.15409,0.0026,7.5,0.16276,0.0026,7.5,0.1692,0.0026,7.5,0.17501,0.0026,7.5,0.17936,0.0026
7.5,0.13902,0.0028,7.5,0.14685,0.0028,7.5,0.1528,0.0028,7.5,0.15676,0.0028,7.5,0.15966,0.0028,7.5,0.15246,0.0028,7.5,0.16101,0.0028,7.5,0.16769,0.0028,7.5,0.17261,0.0028,7.5,0.17641,0.0028,7.5,0.15985,0.0028,7.5,0.1688,0.0028,7.5,0.18192,0.0028,7.5,0.18596,0.0028,7.5,0.16398,0.0028,7.5,0.17283,0.0028,7.5,0.18053,0.0028,7.5,0.18672,0.0028,7.5,0.19097,0.0028,7.5,0.16595,0.0028,7.5,0.17537,0.0028,7.5,0.1823,0.0028,7.5,0.18852,0.0028,7.5,0.19322,0.0028
7.5,0.14916,0.003,7.5,0.15755,0.003,7.5,0.16395,0.003,7.5,0.16821,0.003,7.5,0.17133,0.003,7.5,0.16352,0.003,7.5,0.17266,0.003,7.5,0.17984,0.003,7.5,0.18511,0.003,7.5,0.18919,0.003,7.5,0.1714,0.003,7.5,0.18098,0.003,7.5,0.19503,0.003,7.5,0.19936,0.003,7.5,0.17576,0.003,7.5,0.18527,0.003,7.5,0.1935,0.003,7.5,0.20014,0.003,7.5,0.2047,0.003,7.5,0.17781,0.003,7.5,0.188,0.003,7.5,0.19542,0.003,7.5,0.20205,0.003,7.5,0.2071,0.003
7.5,0.15934,0.0032,7.5,0.1683,0.0032,7.5,0.17515,0.0032,7.5,0.17972,0.0032,7.5,0.18305,0.0032,7.5,0.17461,0.0032,7.5,0.18435,0.0032,7.5,0.19202,0.0032,7.5,0.19764,0.0032,7.5,0.20202,0.0032,7.5,0.18298,0.0032,7.5,0.19319,0.0032,7.5,0.20817,0.0032,7.5,0.21278,0.0032,7.5,0.18755,0.0032,7.5,0.19773,0.0032,7.5,0.20649,0.0032,7.5,0.21358,0.0032,7.5,0.21845,0.0032,7.5,0.18969,0.0032,7.5,0.20067,0.0032,7.5,0.20857,0.0032,7.5,0.21559,0.0032,7.5,0.22098,0.0032
7.5,0.16958,0.0034,7.5,0.17911,0.0034,7.5,0.1864,0.0034,7.5,0.19128,0.0034,7.5,0.19483,0.0034,7.5,0.18575,0.0034,7.5,0.19608,0.0034,7.5,0.20425,0.0034,7.5,0.21021,0.0034,7.5,0.21489,0.0034,7.5,0.1946,0.0034,7.5,0.20544,0.0034,7.5,0.22133,0.0034,7.5,0.22623,0.0034,7.5,0.19936,0.0034,7.5,0.21023,0.0034,7.5,0.21951,0.0034,7.5,0.22704,0.0034,7.5,0.23223,0.0034,7.5,0.20158,0.0034,7.5,0.21338,0.0034,7.5,0.22175,0.0034,7.5,0.22915,0.0034,7.5,0.23489,0.0034
7.5,0.17986,0.0036,7.5,0.18996,0.0036,7.5,0.19771,0.0036,7.5,0.2029,0.0036,7.5,0.20668,0.0036,7.5,0.19693,0.0036,7.5,0.20785,0.0036,7.5,0.21651,0.0036,7.5,0.22283,0.0036,7.5,0.2278,0.0036,7.5,0.20627,0.0036,7.5,0.21773,0.0036,7.5,0.23453,0.0036,7.5,0.23972,0.0036,7.5,0.2112,0.0036,7.5,0.22276,0.0036,7.5,0.23255,0.0036,7.5,0.24053,0.0036,7.5,0.24602,0.0036,7.5,0.21349,0.0036,7.5,0.22613,0.0036,7.5,0.23496,0.0036,7.5,0.24273,0.0036,7.5,0.24882,0.0036
7.5,0.19021,0.0038,7.5,0.20087,0.0038,7.5,0.20908,0.0038,7.5,0.21459,0.0038,7.5,0.21859,0.0038,7.5,0.20816,0.0038,7.5,0.21967,0.0038,7.5,0.22883,0.0038,7.5,0.23549,0.0038,7.5,0.24076,0.0038,7.5,0.218,0.0038,7.5,0.23007,0.0038,7.5,0.24777,0.0038,7.5,0.25323,0.0038,7.5,0.22307,0.0038,7.5,0.23534,0.0038,7.5,0.24562,0.0038,7.5,0.25404,0.0038,7.5,0.25984,0.0038,7.5,0.22544,0.0038,7.5,0.23893,0.0038,7.5,0.24822,0.0038,7.5,0.25633,0.0038,7.5,0.26276,0.0038
7.5,0.20062,0.004,7.5,0.21185,0.004,7.5,0.22052,0.004,7.5,0.22635,0.004,7.5,0.23058,0.004,7.5,0.21943,0.004,7.5,0.23155,0.004,7.5,0.24121,0.004,7.5,0.2482,0.004,7.5,0.25377,0.004,7.5,0.22982,0.004,7.5,0.24246,0.004,7.5,0.26104,0.004,7.5,0.26679,0.004,7.5,0.23499,0.004,7.5,0.24796,0.004,7.5,0.25874,0.004,7.5,0.26759,0.004,7.5,0.2737,0.004,7.5,0.23744,0.004,7.5,0.25178,0.004,7.5,0.26153,0.004,7.5,0.26997,0.004,7.5,0.27673,0.004
7.5,0.21109,0.0042,7.5,0.2229,0.0042,7.5,0.23203,0.0042,7.5,0.23818,0.0042,7.5,0.24265,0.0042,7.5,0.23076,0.0042,7.5,0.2435,0.0042,7.5,0.25368,0.0042,7.5,0.26096,0.0042,7.5,0.26684,0.0042,7.5,0.24171,0.0042,7.5,0.25491,0.0042,7.5,0.27436,0.0042,7.5,0.28038,0.0042,7.5,0.247,0.0042,7.5,0.26062,0.0042,7.5,0.27194,0.0042,7.5,0.28118,0.0042,7.5,0.28758,0.0042,7.5,0.24952,0.0042,7.5,0.26468,0.0042,7.5,0.2749,0.0042,7.5,0.28366,0.0042,7.5,0.29073,0.0042
7.5,0.22163,0.0044,7.5,0.23402,0.0044,7.5,0.24361,0.0044,7.5,0.25009,0.0044,7.5,0.2548,0.0044,7.5,0.24214,0.0044,7.5,0.25551,0.0044,7.5,0.26626,0.0044,7.5,0.27378,0.0044,7.5,0.27997,0.0044,7.5,0.25369,0.0044,7.5,0.26743,0.0044,7.5,0.28778,0.0044,7.5,0.29401,0.0044,7.5,0.2591,0.0044,7.5,0.27334,0.0044,7.5,0.28524,0.0044,7.5,0.29482,0.0044,7.5,0.30151,0.0044,7.5,0.26168,0.0044,7.5,0.27763,0.0044,7.5,0.28835,0.0044,7.5,0.29744,0.0044,7.5,0.30477,0.0044
7.5,0.23225,0.0046,7.5,0.24523,0.0046,7.5,0.25528,0.0046,7.5,0.26209,0.0046,7.5,0.26704,0.0046,7.5,0.25357,0.0046,7.5,0.26759,0.0046,7.5,0.27893,0.0046,7.5,0.28667,0.0046,7.5,0.29316,0.0046,7.5,0.26574,0.0046,7.5,0.28003,0.0046,7.5,0.30135,0.0046,7.5,0.3077,0.0046,7.5,0.27129,0.0046,7.5,0.2861,0.0046,7.5,0.29859,0.0046,7.5,0.30852,0.0046,7.5,0.31549,0.0046,7.5,0.27391,0.0046,7.5,0.29062,0.0046,7.5,0.30191,0.0046,7.5,0.31139,0.0046,7.5,0.31885,0.0046
7.5,0.24295,0.0048,7.5,0.25654,0.0048,7.5,0.26705,0.0048,7.5,0.27418,0.0048,7.5,0.27938,0.0048,7.5,0.26506,0.0048,7.5,0.27976,0.0048,7.5,0.29169,0.0048,7.5,0.29962,0.0048,7.5,0.30641,0.0048,7.5,0.27783,0.0048,7.5,0.2927,0.0048,7.5,0.31495,0.0048,7.5,0.32144,0.0048,7.5,0.28351,0.0048,7.5,0.2989,0.0048,7.5,0.31205,0.0048,7.5,0.32232,0.0048,7.5,0.32952,0.0048,7.5,0.28623,0.0048,7.5,0.30366,0.0048,7.5,0.31555,0.0048,7.5,0.32551,0.0048,7.5,0.33299,0.0048
7.5,0.25375,0.005,7.5,0.26798,0.005,7.5,0.27891,0.005,7.5,0.28637,0.005,7.5,0.29182,0.005,7.5,0.27661,0.005,7.5,0.29201,0.005,7.5,0.30479,0.005,7.5,0.31266,0.005,7.5,0.31975,0.005,7.5,0.28997,0.005,7.5,0.30545,0.005,7.5,0.32859,0.005,7.5,0.33525,0.005,7.5,0.29578,0.005,7.5,0.31173,0.005,7.5,0.32581,0.005,7.5,0.33624,0.005,7.5,0.34365,0.005,7.5,0.29863,0.005,7.5,0.31676,0.005,7.5,0.32924,0.005,7.5,0.33984,0.005,7.5,0.34721,0.005
7.5,0.26465,0.0052,7.5,0.27957,0.0052,7.5,0.29089,0.0052,7.5,0.29867,0.0052,7.5,0.30437,0.0052,7.5,0.28821,0.0052,7.5,0.30436,0.0052,7.5,0.31804,0.0052,7.5,0.32579,0.0052,7.5,0.33317,0.0052,7.5,0.30217,0.0052,7.5,0.31826,0.0052,7.5,0.34231,0.0052,7.5,0.34926,0.0052,7.5,0.30811,0.0052,7.5,0.32461,0.0052,7.5,0.33981,0.0052,7.5,0.35034,0.0052,7.5,0.35792,0.0052,7.5,0.31112,0.0052,7.5,0.32992,0.0052,7.5,0.34297,0.0052,0,0,0,7.5,0.36158,0.0052
7.5,0.27567,0.0054,7.5,0.29131,0.0054,7.5,0.30299,0.0054,7.5,0.31109,0.0054,7.5,0.31705,0.0054,7.5,0.29988,0.0054,7.5,0.31682,0.0054,7.5,0.33136,0.0054,7.5,0.33903,0.0054,7.5,0.34668,0.0054,7.5,0.31442,0.0054,7.5,0.33114,0.0054,7.5,0.35611,0.0054,7.5,0.36377,0.0054,7.5,0.32051,0.0054,7.5,0.33753,0.0054,7.5,0.35377,0.0054,7.5,0.36552,0.0054,7.5,0.37236,0.0054,7.5,0.32369,0.0054,7.5,0.34316,0.0054,7.5,0.35677,0.0054,0,0,0,7.5,0.37622,0.0054
5,0.009998,0.0002,5,0.010574,0.0002,5,0.011039,0.0002,5,0.011331,0.0002,5,0.011567,0.0002,5,0.011,0.0002,5,0.011734,0.0002,5,0.012221,0.0002,5,0.012647,0.0002,5,0.01295,0.0002,5,0.011641,0.0002,5,0.012384,0.0002,5,0.013514,0.0002,5,0.013854,0.0002,5,0.011975,0.0002,5,0.012818,0.0002,5,0.013466,0.0002,5,0.013949,0.0002,5,0.014311,0.0002,5,0.012349,0.0002,5,0.013143,0.0002,5,0.013595,0.0002,5,0.014196,0.0002,5,0.014527,0.0002
5,0.02001,0.0004,5,0.021181,0.0004,5,0.022088,0.0004,5,0.02268,0.0004,5,0.023145,0.0004,5,0.022069,0.0004,5,0.023464,0.0004,5,0.024477,0.0004,5,0.025288,0.0004,5,0.025891,0.0004,5,0.023331,0.0004,5,0.02478,0.0004,5,0.026963,0.0004,5,0.027636,0.0004,5,0.024072,0.0004,5,0.025602,0.0004,5,0.026882,0.0004,5,0.027885,0.0004,5,0.028601,0.0004,5,0.02465,0.0004,5,0.026177,0.0004,5,0.027228,0.0004,5,0.028355,0.0004,5,0.02909,0.0004
5,0.030029,0.0006,5,0.031794,0.0006,5,0.033144,0.0006,5,0.034037,0.0006,5,0.03473,0.0006,5,0.033143,0.0006,5,0.035198,0.0006,5,0.036737,0.0006,5,0.037934,0.0006,5,0.038836,0.0006,5,0.035024,0.0006,5,0.037179,0.0006,5,0.040414,0.0006,5,0.04142,0.0006,5,0.036169,0.0006,5,0.038388,0.0006,5,0.040301,0.0006,5,0.041822,0.0006,5,0.042892,0.0006,5,0.036951,0.0006,5,0.039213,0.0006,5,0.040863,0.0006,5,0.042514,0.0006,5,0.043653,0.0006
5,0.040057,0.0008,5,0.042416,0.0008,5,0.04421,0.0008,5,0.045407,0.0008,5,0.046327,0.0008,5,0.044222,0.0008,5,0.046938,0.0008,5,0.049003,0.0008,5,0.050586,0.0008,5,0.051789,0.0008,5,0.046721,0.0008,5,0.049582,0.0008,5,0.053869,0.0008,5,0.055209,0.0008,5,0.048269,0.0008,5,0.051176,0.0008,5,0.053721,0.0008,5,0.05576,0.0008,5,0.057185,0.0008,5,0.049252,0.0008,5,0.052249,0.0008,5,0.054497,0.0008,5,0.056675,0.0008,5,0.058217,0.0008
5,0.050097,0.001,5,0.05305,0.001,5,0.055291,0.001,5,0.056791,0.001,5,0.057938,0.001,5,0.05531,0.001,5,0.058687,0.001,5,0.061279,0.001,5,0.063247,0.001,5,0.064752,0.001,5,0.058423,0.001,5,0.061989,0.001,5,0.067329,0.001,5,0.069002,0.001,5,0.060372,0.001,5,0.063965,0.001,5,0.067144,0.001,5,0.069701,0.001,5,0.071479,0.001,5,0.061553,0.001,5,0.065288,0.001,5,0.068134,0.001,5,0.070836,0.001,5,0.07278,0.001
5,0.060152,0.0012,5,0.063699,0.0012,5,0.066388,0.0012,5,0.068194,0.0012,5,0.069568,0.0012,5,0.066408,0.0012,5,0.070445,0.0012,5,0.073565,0.0012,5,0.075919,0.0012,5,0.077727,0.0012,5,0.070132,0.0012,5,0.074402,0.0012,5,0.080795,0.0012,5,0.082801,0.0012,5,0.072477,0.0012,5,0.076758,0.0012,5,0.08057,0.0012,5,0.083644,0.0012,5,0.085776,0.0012,5,0.073855,0.0012,5,0.07833,0.0012,5,0.081771,0.0012,5,0.085,0.0012,5,0.087345,0.0012
5,0.070225,0.0014,5,0.074367,0.0014,5,0.077507,0.0014,5,0.07962,0.0014,5,0.081221,0.0014,5,0.077519,0.0014,5,0.082216,0.0014,5,0.085864,0.0014,5,0.088604,0.0014,5,0.090716,0.0014,5,0.081849,0.0014,5,0.086823,0.0014,5,0.094269,0.0014,5,0.096608,0.0014,5,0.084586,0.0014,5,0.089556,0.0014,5,0.093999,0.0014,5,0.09759,0.0014,5,0.10008,0.0014,5,0.086156,0.0014,5,0.091376,0.0014,5,0.095412,0.0014,5,0.099164,0.0014,5,0.10191,0.0014
5,0.08032,0.0016,5,0.085057,0.0016,5,0.088649,0.0016,5,0.091072,0.0016,5,0.0929,0.0016,5,0.088646,0.0016,5,0.094001,0.0016,5,0.098179,0.0016,5,0.10131,0.0016,5,0.10372,0.0016,5,0.093576,0.0016,5,0.099254,0.0016,5,0.10775,0.0016,5,0.11042,0.0016,5,0.096699,0.0016,5,0.10236,0.0016,5,0.10743,0.0016,5,0.11154,0.0016,5,0.11438,0.0016,5,0.098457,0.0016,5,0.10443,0.0016,5,0.10906,0.0016,5,0.11333,0.0016,5,0.11647,0.0016
5,0.090438,0.0018,5,0.095771,0.0018,5,0.099818,0.0018,5,0.10255,0.0018,5,0.10461,0.0018,5,0.099791,0.0018,5,0.1058,0.0018,5,0.11051,0.0018,5,0.11402,0.0018,5,0.11675,0.0018,5,0.10531,0.0018,5,0.1117,0.0018,5,0.12124,0.0018,5,0.12425,0.0018,5,0.10882,0.0018,5,0.11517,0.0018,5,0.12087,0.0018,5,0.1255,0.0018,5,0.12869,0.0018,5,0.11076,0.0018,5,0.11749,0.0018,5,0.1227,0.0018,5,0.1275,0.0018,5,0.13104,0.0018
5,0.10058,0.002,5,0.10651,0.002,5,0.11102,0.002,5,0.11407,0.002,5,0.11635,0.002,5,0.11096,0.002,5,0.11762,0.002,5,0.12286,0.002,5,0.12676,0.002,5,0.1298,0.002,5,0.11707,0.002,5,0.12415,0.002,5,0.13475,0.002,5,0.13808,0.002,5,0.12094,0.002,5,0.12798,0.002,5,0.13432,0.002,5,0.13946,0.002,5,0.143,0.002,5,0.12306,0.002,5,0.13055,0.002,5,0.13636,0.002,5,0.14167,0.002,5,0.14561,0.002
5,0.11076,0.0022,5,0.11729,0.0022,5,0.12225,0.0022,5,0.12562,0.0022,5,0.12814,0.0022,5,0.12214,0.0022,5,0.12946,0.0022,5,0.13524,0.0022,5,0.13952,0.0022,5,0.14287,0.0022,5,0.12884,0.0022,5,0.13662,0.0022,5,0.14827,0.0022,5,0.15193,0.0022,5,0.13307,0.0022,5,0.14081,0.0022,5,0.14777,0.0022,5,0.15342,0.0022,5,0.15732,0.0022,5,0.13537,0.0022,5,0.14363,0.0022,5,0.15002,0.0022,5,0.15585,0.0022,5,0.16018,0.0022
5,0.12097,0.0024,5,0.12809,0.0024,5,0.13353,0.0024,5,0.13721,0.0024,5,0.13996,0.0024,5,0.13336,0.0024,5,0.14133,0.0024,5,0.14764,0.0024,5,0.15231,0.0024,5,0.15598,0.0024,5,0.14062,0.0024,5,0.14911,0.0024,5,0.1618,0.0024,5,0.16579,0.0024,5,0.14521,0.0024,5,0.15365,0.0024,5,0.16122,0.0024,5,0.1674,0.0024,5,0.17164,0.0024,5,0.14767,0.0024,5,0.15673,0.0024,5,0.16369,0.0024,5,0.17003,0.0024,5,0.17475,0.0024
5,0.13122,0.0026,5,0.13894,0.0026,5,0.14484,0.0026,5,0.14885,0.0026,5,0.15183,0.0026,5,0.1446,0.0026,5,0.15322,0.0026,5,0.16006,0.0026,5,0.16512,0.0026,5,0.16911,0.0026,5,0.15244,0.0026,5,0.16162,0.0026,5,0.17535,0.0026,5,0.17967,0.0026,5,0.15736,0.0026,5,0.16651,0.0026,5,0.17469,0.0026,5,0.18138,0.0026,5,0.18597,0.0026,5,0.15998,0.0026,5,0.16984,0.0026,5,0.17738,0.0026,5,0.18421,0.0026,5,0.18933,0.0026
5,0.1415,0.0028,5,0.14983,0.0028,5,0.1562,0.0028,5,0.16054,0.0028,5,0.16375,0.0028,5,0.15588,0.0028,5,0.16514,0.0028,5,0.17252,0.0028,5,0.17797,0.0028,5,0.18227,0.0028,5,0.16427,0.0028,5,0.17415,0.0028,5,0.18892,0.0028,5,0.19357,0.0028,5,0.16953,0.0028,5,0.17938,0.0028,5,0.18817,0.0028,5,0.19538,0.0028,5,0.20031,0.0028,5,0.1723,0.0028,5,0.18298,0.0028,5,0.19108,0.0028,5,0.1984,0.0028,5,0.20391,0.0028
5,0.15184,0.003,5,0.16076,0.003,5,0.16761,0.003,5,0.17228,0.003,5,0.17573,0.003,5,0.16719,0.003,5,0.1771,0.003,5,0.18501,0.003,5,0.19084,0.003,5,0.19547,0.003,5,0.17614,0.003,5,0.18672,0.003,5,0.20251,0.003,5,0.20748,0.003,5,0.1817,0.003,5,0.19228,0.003,5,0.20166,0.003,5,0.20938,0.003,5,0.21466,0.003,5,0.18462,0.003,5,0.19614,0.003,5,0.20481,0.003,5,0.2126,0.003,5,0.2185,0.003
5,0.16222,0.0032,5,0.17174,0.0032,5,0.17907,0.0032,5,0.18407,0.0032,5,0.18776,0.0032,5,0.17855,0.0032,5,0.18909,0.0032,5,0.19754,0.0032,5,0.20376,0.0032,5,0.20871,0.0032,5,0.18805,0.0032,5,0.19931,0.0032,5,0.21612,0.0032,5,0.22141,0.0032,5,0.1939,0.0032,5,0.2052,0.0032,5,0.21517,0.0032,5,0.22341,0.0032,5,0.22903,0.0032,5,0.19696,0.0032,5,0.20934,0.0032,5,0.21855,0.0032,5,0.22681,0.0032,5,0.23309,0.0032
5,0.17265,0.0034,5,0.18278,0.0034,5,0.19059,0.0034,5,0.19593,0.0034,5,0.19986,0.0034,5,0.18994,0.0034,5,0.20112,0.0034,5,0.21011,0.0034,5,0.21671,0.0034,5,0.22199,0.0034,5,0.20001,0.0034,5,0.21194,0.0034,5,0.22976,0.0034,5,0.23537,0.0034,5,0.20612,0.0034,5,0.21815,0.0034,5,0.22869,0.0034,5,0.23744,0.0034,5,0.2434,0.0034,5,0.20932,0.0034,5,0.22258,0.0034,5,0.23233,0.0034,5,0.24103,0.0034,5,0.24769,0.0034
5,0.18314,0.0036,5,0.19387,0.0036,5,0.20217,0.0036,5,0.20785,0.0036,5,0.21203,0.0036,5,0.20138,0.0036,5,0.21319,0.0036,5,0.22272,0.0036,5,0.2297,0.0036,5,0.23532,0.0036,5,0.21202,0.0036,5,0.22461,0.0036,5,0.24343,0.0036,5,0.24935,0.0036,5,0.21837,0.0036,5,0.23114,0.0036,5,0.24224,0.0036,5,0.2515,0.0036,5,0.2578,0.0036,5,0.2217,0.0036,5,0.23587,0.0036,5,0.24614,0.0036,5,0.25526,0.0036,5,0.2623,0.0036
5,0.19369,0.0038,5,0.20503,0.0038,5,0.21382,0.0038,5,0.21984,0.0038,5,0.22428,0.0038,5,0.21287,0.0038,5,0.22532,0.0038,5,0.23539,0.0038,5,0.24274,0.0038,5,0.24869,0.0038,5,0.2241,0.0038,5,0.23733,0.0038,5,0.25714,0.0038,5,0.26336,0.0038,5,0.23067,0.0038,5,0.24417,0.0038,5,0.25583,0.0038,5,0.26558,0.0038,5,0.27221,0.0038,5,0.23414,0.0038,5,0.24921,0.0038,5,0.26,0.0038,5,0.26951,0.0038,5,0.27692,0.0038
5,0.2043,0.004,5,0.21626,0.004,5,0.22554,0.004,5,0.23191,0.004,5,0.2366,0.004,5,0.22441,0.004,5,0.2375,0.004,5,0.24813,0.004,5,0.25582,0.004,5,0.26211,0.004,5,0.23626,0.004,5,0.25011,0.004,5,0.27088,0.004,5,0.27739,0.004,5,0.24303,0.004,5,0.25724,0.004,5,0.26946,0.004,5,0.27969,0.004,5,0.28664,0.004,5,0.24664,0.004,5,0.2626,0.004,5,0.27391,0.004,5,0.2838,0.004,5,0.29156,0.004
5,0.21498,0.0042,5,0.22756,0.0042,5,0.23734,0.0042,5,0.24406,0.0042,5,0.24901,0.0042,5,0.236,0.0042,5,0.24976,0.0042,5,0.26097,0.0042,5,0.26896,0.0042,5,0.27558,0.0042,5,0.24851,0.0042,5,0.26294,0.0042,5,0.28468,0.0042,5,0.29147,0.0042,5,0.25548,0.0042,5,0.27036,0.0042,5,0.28316,0.0042,5,0.29385,0.0042,5,0.3011,0.0042,5,0.25923,0.0042,5,0.27605,0.0042,5,0.2879,0.0042,5,0.29817,0.0042,5,0.30622,0.0042
5,0.22574,0.0044,5,0.23895,0.0044,5,0.24924,0.0044,5,0.25629,0.0044,5,0.26151,0.0044,5,0.24765,0.0044,5,0.26208,0.0044,5,0.27393,0.0044,5,0.28217,0.0044,5,0.28911,0.0044,5,0.26084,0.0044,5,0.27585,0.0044,5,0.29863,0.0044,5,0.30558,0.0044,5,0.26802,0.0044,5,0.28354,0.0044,5,0.29697,0.0044,5,0.30805,0.0044,5,0.3156,0.0044,5,0.2719,0.0044,5,0.28953,0.0044,5,0.302,0.0044,5,0.31274,0.0044,5,0.32091,0.0044
5,0.23658,0.0046,5,0.25044,0.0046,5,0.26122,0.0046,5,0.26862,0.0046,5,0.2741,0.0046,5,0.25935,0.0046,5,0.27448,0.0046,5,0.28697,0.0046,5,0.29543,0.0046,5,0.30271,0.0046,5,0.27322,0.0046,5,0.28884,0.0046,5,0.31267,0.0046,5,0.31973,0.0046,5,0.28063,0.0046,5,0.29676,0.0046,5,0.31091,0.0046,5,0.32233,0.0046,5,0.33014,0.0046,5,0.28465,0.0046,5,0.30307,0.0046,5,0.31621,0.0046,5,0.32743,0.0046,5,0.33564,0.0046
5,0.24751,0.0048,5,0.26204,0.0048,5,0.27332,0.0048,5,0.28105,0.0048,5,0.28681,0.0048,5,0.27112,0.0048,5,0.28697,0.0048,5,0.30014,0.0048,5,0.30877,0.0048,5,0.31638,0.0048,5,0.28567,0.0048,5,0.3019,0.0048,5,0.32673,0.0048,5,0.33394,0.0048,5,0.29328,0.0048,5,0.31002,0.0048,5,0.32521,0.0048,5,0.33673,0.0048,5,0.34476,0.0048,5,0.29748,0.0048,5,0.31666,0.0048,5,0.33045,0.0048,5,0.34224,0.0048,5,0.35043,0.0048
5,0.25854,0.005,5,0.27381,0.005,5,0.28553,0.005,5,0.2936,0.005,5,0.29963,0.005,5,0.28294,0.005,5,0.29954,0.005,5,0.31373,0.005,5,0.3222,0.005,5,0.33012,0.005,5,0.29816,0.005,5,0.31503,0.005,5,0.34084,0.005,5,0.34824,0.005,5,0.30599,0.005,5,0.32332,0.005,5,0.33952,0.005,5,0.35125,0.005,5,0.35949,0.005,5,0.3104,0.005,5,0.33032,0.005,5,0.34472,0.005,5,0.358,0.005,5,0.36534,0.005
5,0.26969,0.0052,5,0.28584,0.0052,5,0.29786,0.0052,5,0.30626,0.0052,5,0.31258,0.0052,5,0.29483,0.0052,5,0.31221,0.0052,5,0.32739,0.0052,5,0.33573,0.0052,5,0.34395,0.0052,5,0.3107,0.0052,5,0.32823,0.0052,5,0.35503,0.0052,5,0.36253,0.0052,5,0.31877,0.0052,5,0.33667,0.0052,5,0.35409,0.0052,5,0.36609,0.0052,5,0.37439,0.0052,5,0.3234,0.0052,5,0.34405,0.0052,5,0.35904,0.0052,15,-0.011953,-0.0002,5,0.38048,0.0052
15,-0.009357,-0.0002,15,-0.0097682,-0.0002,15,-0.010159,-0.0002,15,-0.010377,-0.0002,15,-0.010514,-0.0002,15,-0.010039,-0.0002,15,-0.01065,-0.0002,15,-0.010914,-0.0002,15,-0.011269,-0.0002,15,-0.011453,-0.0002,15,-0.010395,-0.0002,15,-0.010976,-0.0002,15,-0.011799,-0.0002,15,-0.011928,-0.0002,15,-0.01047,-0.0002,15,-0.011156,-0.0002,15,-0.011556,-0.0002,15,-0.0118,-0.0002,15,-0.011989,-0.0002,15,-0.010786,-0.0002,15,-0.011286,-0.0002,15,-0.011496,-0.0002,15,-0.023746,-0.0004,15,-0.01202,-0.0002
15,-0.018729,-0.0004,15,-0.019608,-0.0004,15,-0.020337,-0.0004,15,-0.020766,-0.0004,15,-0.021058,-0.0004,15,-0.02019,-0.0004,15,-0.021271,-0.0004,15,-0.021894,-0.0004,15,-0.022503,-0.0004,15,-0.022872,-0.0004,15,-0.020893,-0.0004,15,-0.021943,-0.0004,15,-0.023423,-0.0004,15,-0.023748,-0.0004,15,-0.021134,-0.0004,15,-0.022248,-0.0004,15,-0.02303,-0.0004,15,-0.023573,-0.0004,15,-0.023961,-0.0004,15,-0.021498,-0.0004,15,-0.022443,-0.0004,15,-0.023004,-0.0004,15,-0.035542,-0.0006,15,-0.02404,-0.0004
15,-0.028105,-0.0006,15,-0.029453,-0.0006,15,-0.03052,-0.0006,15,-0.031161,-0.0006,15,-0.031608,-0.0006,15,-0.030344,-0.0006,15,-0.031896,-0.0006,15,-0.032878,-0.0006,15,-0.033741,-0.0006,15,-0.034296,-0.0006,15,-0.031393,-0.0006,15,-0.032913,-0.0006,15,-0.035051,-0.0006,15,-0.035571,-0.0006,15,-0.031799,-0.0006,15,-0.033344,-0.0006,15,-0.034507,-0.0006,15,-0.035349,-0.0006,15,-0.035937,-0.0006,15,-0.032211,-0.0006,15,-0.033604,-0.0006,15,-0.034516,-0.0006,15,-0.047342,-0.0008,15,-0.036064,-0.0006
15,-0.037488,-0.0008,15,-0.039305,-0.0008,15,-0.040712,-0.0008,15,-0.041565,-0.0008,15,-0.042166,-0.0008,15,-0.040503,-0.0008,15,-0.042527,-0.0008,15,-0.043869,-0.0008,15,-0.044987,-0.0008,15,-0.045727,-0.0008,15,-0.041898,-0.0008,15,-0.043889,-0.0008,15,-0.046685,-0.0008,15,-0.047402,-0.0008,15,-0.042467,-0.0008,15,-0.044443,-0.0008,15,-0.045989,-0.0008,15,-0.047131,-0.0008,15,-0.047919,-0.0008,15,-0.042926,-0.0008,15,-0.044768,-0.0008,15,-0.046032,-0.0008,15,-0.059148,-0.001,15,-0.048092,-0.0008
15,-0.046881,-0.001,15,-0.049166,-0.001,15,-0.050915,-0.001,15,-0.051981,-0.001,15,-0.052735,-0.001,15,-0.050668,-0.001,15,-0.053165,-0.001,15,-0.054868,-0.001,15,-0.056241,-0.001,15,-0.057169,-0.001,15,-0.052409,-0.001,15,-0.05487,-0.001,15,-0.058326,-0.001,15,-0.059241,-0.001,15,-0.053139,-0.001,15,-0.055549,-0.001,15,-0.057477,-0.001,15,-0.058919,-0.001,15,-0.059909,-0.001,15,-0.053643,-0.001,15,-0.055939,-0.001,15,-0.057554,-0.001,15,-0.070961,-0.0012,15,-0.060128,-0.001
15,-0.056285,-0.0012,15,-0.059039,-0.0012,15,-0.061131,-0.0012,15,-0.062412,-0.0012,15,-0.06332,-0.0012,15,-0.060843,-0.0012,15,-0.063813,-0.0012,15,-0.065878,-0.0012,15,-0.067507,-0.0012,15,-0.068622,-0.0012,15,-0.062927,-0.0012,15,-0.065859,-0.0012,15,-0.069978,-0.0012,15,-0.071091,-0.0012,15,-0.063815,-0.0012,15,-0.066661,-0.0012,15,-0.068972,-0.0012,15,-0.070715,-0.0012,15,-0.071908,-0.0012,15,-0.064363,-0.0012,15,-0.067117,-0.0012,15,-0.069083,-0.0012,15,-0.082783,-0.0014,15,-0.072171,-0.0012
15,-0.065702,-0.0014,15,-0.068927,-0.0014,15,-0.071363,-0.0014,15,-0.072859,-0.0014,15,-0.073921,-0.0014,15,-0.071029,-0.0014,15,-0.074473,-0.0014,15,-0.0769,-0.0014,15,-0.078786,-0.0014,15,-0.080091,-0.0014,15,-0.073454,-0.0014,15,-0.076859,-0.0014,15,-0.081642,-0.0014,15,-0.082954,-0.0014,15,-0.074495,-0.0014,15,-0.077783,-0.0014,15,-0.080477,-0.0014,15,-0.082522,-0.0014,15,-0.083919,-0.0014,15,-0.075084,-0.0014,15,-0.078305,-0.0014,15,-0.080621,-0.0014,15,-0.094616,-0.0016,15,-0.084225,-0.0014
15,-0.075135,-0.0016,15,-0.078832,-0.0016,15,-0.081614,-0.0016,15,-0.083327,-0.0016,15,-0.084543,-0.0016,15,-0.081227,-0.0016,15,-0.085146,-0.0016,15,-0.087938,-0.0016,15,-0.090081,-0.0016,15,-0.091577,-0.0016,15,-0.083991,-0.0016,15,-0.087869,-0.0016,15,-0.09332,-0.0016,15,-0.094832,-0.0016,15,-0.085182,-0.0016,15,-0.088914,-0.0016,15,-0.091993,-0.0016,15,-0.094341,-0.0016,15,-0.095943,-0.0016,15,-0.085809,-0.0016,15,-0.089504,-0.0016,15,-0.092169,-0.0016,15,-0.10646,-0.0018,15,-0.09629,-0.0016
15,-0.084587,-0.0018,15,-0.088756,-0.0018,15,-0.091886,-0.0018,15,-0.093818,-0.0018,15,-0.095189,-0.0018,15,-0.091439,-0.0018,15,-0.095834,-0.0018,15,-0.098992,-0.0018,15,-0.10139,-0.0018,15,-0.10308,-0.0018,15,-0.094539,-0.0018,15,-0.098894,-0.0018,15,-0.10501,-0.0018,15,-0.10673,-0.0018,15,-0.095874,-0.0018,15,-0.10006,-0.0018,15,-0.10352,-0.0018,15,-0.10617,-0.0018,15,-0.10798,-0.0018,15,-0.096537,-0.0018,15,-0.10072,-0.0018,15,-0.10373,-0.0018,15,-0.11832,-0.002,15,-0.10837,-0.0018
15,-0.09406,-0.002,15,-0.098702,-0.002,15,-0.10218,-0.002,15,-0.10433,-0.002,15,-0.10586,-0.002,15,-0.10167,-0.002,15,-0.10654,-0.002,15,-0.11007,-0.002,15,-0.11273,-0.002,15,-0.11461,-0.002,15,-0.1051,-0.002,15,-0.10993,-0.002,15,-0.11672,-0.002,15,-0.11864,-0.002,15,-0.10657,-0.002,15,-0.11121,-0.002,15,-0.11506,-0.002,15,-0.11802,-0.002,15,-0.12004,-0.002,15,-0.10727,-0.002,15,-0.11194,-0.002,15,-0.1153,-0.002,15,-0.13019,-0.0022,15,-0.12046,-0.002
15,-0.10356,-0.0022,15,-0.10867,-0.0022,15,-0.11251,-0.0022,15,-0.11488,-0.0022,15,-0.11656,-0.0022,15,-0.11192,-0.0022,15,-0.11726,-0.0022,15,-0.12116,-0.0022,15,-0.12408,-0.0022,15,-0.12617,-0.0022,15,-0.11568,-0.0022,15,-0.12099,-0.0022,15,-0.12846,-0.0022,15,-0.13058,-0.0022,15,-0.11728,-0.0022,15,-0.12239,-0.0022,15,-0.12662,-0.0022,15,-0.12988,-0.0022,15,-0.13211,-0.0022,15,-0.11801,-0.0022,15,-0.12319,-0.0022,15,-0.12689,-0.0022,15,-0.14208,-0.0024,15,-0.13257,-0.0022
15,-0.11308,-0.0024,15,-0.11867,-0.0024,15,-0.12286,-0.0024,15,-0.12546,-0.0024,15,-0.1273,-0.0024,15,-0.12219,-0.0024,15,-0.12801,-0.0024,15,-0.13228,-0.0024,15,-0.13547,-0.0024,15,-0.13775,-0.0024,15,-0.12628,-0.0024,15,-0.13207,-0.0024,15,-0.14021,-0.0024,15,-0.14254,-0.0024,15,-0.128,-0.0024,15,-0.13358,-0.0024,15,-0.1382,-0.0024,15,-0.14177,-0.0024,15,-0.14421,-0.0024,15,-0.12875,-0.0024,15,-0.13445,-0.0024,15,-0.1385,-0.0024,15,-0.15398,-0.0026,15,-0.1447,-0.0024
15,-0.12263,-0.0026,15,-0.1287,-0.0026,15,-0.13324,-0.0026,15,-0.13607,-0.0026,15,-0.13807,-0.0026,15,-0.13248,-0.0026,15,-0.13878,-0.0026,15,-0.14343,-0.0026,15,-0.14688,-0.0026,15,-0.14936,-0.0026,15,-0.13689,-0.0026,15,-0.14317,-0.0026,15,-0.15199,-0.0026,15,-0.15452,-0.0026,15,-0.13873,-0.0026,15,-0.14479,-0.0026,15,-0.14979,-0.0026,15,-0.15367,-0.0026,15,-0.15633,-0.0026,15,-0.1395,-0.0026,15,-0.14574,-0.0026,15,-0.15013,-0.0026,15,-0.16591,-0.0028,15,-0.15685,-0.0026
15,-0.13221,-0.0028,15,-0.13876,-0.0028,15,-0.14366,-0.0028,15,-0.14672,-0.0028,15,-0.14888,-0.0028,15,-0.1428,-0.0028,15,-0.14958,-0.0028,15,-0.1546,-0.0028,15,-0.15832,-0.0028,15,-0.16101,-0.0028,15,-0.14753,-0.0028,15,-0.15429,-0.0028,15,-0.16379,-0.0028,15,-0.16653,-0.0028,15,-0.14947,-0.0028,15,-0.15602,-0.0028,15,-0.16141,-0.0028,15,-0.1656,-0.0028,15,-0.16847,-0.0028,15,-0.15025,-0.0028,15,-0.15706,-0.0028,15,-0.16178,-0.0028,15,-0.17786,-0.003,15,-0.16902,-0.0028
15,-0.14183,-0.003,15,-0.14885,-0.003,15,-0.15412,-0.003,15,-0.15741,-0.003,15,-0.15973,-0.003,15,-0.15316,-0.003,15,-0.1604,-0.003,15,-0.1658,-0.003,15,-0.16979,-0.003,15,-0.17269,-0.003,15,-0.15819,-0.003,15,-0.16544,-0.003,15,-0.17562,-0.003,15,-0.17858,-0.003,15,-0.16022,-0.003,15,-0.16728,-0.003,15,-0.17305,-0.003,15,-0.17755,-0.003,15,-0.18064,-0.003,15,-0.16102,-0.003,15,-0.1684,-0.003,15,-0.17345,-0.003,15,-0.18983,-0.0032,15,-0.18122,-0.003
15,-0.15148,-0.0032,15,-0.15898,-0.0032,15,-0.16462,-0.0032,15,-0.16815,-0.0032,15,-0.17063,-0.0032,15,-0.16354,-0.0032,15,-0.17126,-0.0032,15,-0.17704,-0.0032,15,-0.1813,-0.0032,15,-0.18441,-0.0032,15,-0.16888,-0.0032,15,-0.17662,-0.0032,15,-0.18749,-0.0032,15,-0.19065,-0.0032,15,-0.17099,-0.0032,15,-0.17856,-0.0032,15,-0.18472,-0.0032,15,-0.18953,-0.0032,15,-0.19284,-0.0032,15,-0.17179,-0.0032,15,-0.17977,-0.0032,15,-0.18515,-0.0032,15,-0.20183,-0.0034,15,-0.19344,-0.0032
15,-0.16118,-0.0034,15,-0.16916,-0.0034,15,-0.17516,-0.0034,15,-0.17893,-0.0034,15,-0.18158,-0.0034,15,-0.17396,-0.0034,15,-0.18215,-0.0034,15,-0.18832,-0.0034,15,-0.19284,-0.0034,15,-0.19617,-0.0034,15,-0.17961,-0.0034,15,-0.18784,-0.0034,15,-0.19938,-0.0034,15,-0.20277,-0.0034,15,-0.18178,-0.0034,15,-0.18987,-0.0034,15,-0.19641,-0.0034,15,-0.20154,-0.0034,15,-0.20508,-0.0034,15,-0.18259,-0.0034,15,-0.19119,-0.0034,15,-0.19688,-0.0034,15,-0.21386,-0.0036,15,-0.20569,-0.0034
15,-0.17092,-0.0036,15,-0.17938,-0.0036,15,-0.18575,-0.0036,15,-0.18976,-0.0036,15,-0.19258,-0.0036,15,-0.18441,-0.0036,15,-0.19308,-0.0036,15,-0.19963,-0.0036,15,-0.20443,-0.0036,15,-0.20797,-0.0036,15,-0.19037,-0.0036,15,-0.19909,-0.0036,15,-0.21132,-0.0036,15,-0.21491,-0.0036,15,-0.19258,-0.0036,15,-0.20122,-0.0036,15,-0.20814,-0.0036,15,-0.21357,-0.0036,15,-0.21734,-0.0036,15,-0.1934,-0.0036,15,-0.20264,-0.0036,15,-0.20865,-0.0036,15,-0.22592,-0.0038,15,-0.21797,-0.0036
15,-0.18071,-0.0038,15,-0.18964,-0.0038,15,-0.19639,-0.0038,15,-0.20065,-0.0038,15,-0.20364,-0.0038,15,-0.1949,-0.0038,15,-0.20405,-0.0038,15,-0.21099,-0.0038,15,-0.21605,-0.0038,15,-0.21982,-0.0038,15,-0.20118,-0.0038,15,-0.21038,-0.0038,15,-0.22329,-0.0038,15,-0.2271,-0.0038,15,-0.20342,-0.0038,15,-0.2126,-0.0038,15,-0.2199,-0.0038,15,-0.22565,-0.0038,15,-0.22964,-0.0038,15,-0.20423,-0.0038,15,-0.21413,-0.0038,15,-0.22045,-0.0038,15,-0.23803,-0.004,15,-0.23029,-0.0038
15,-0.19054,-0.004,15,-0.19996,-0.004,15,-0.20709,-0.004,15,-0.2116,-0.004,15,-0.21475,-0.004,15,-0.20544,-0.004,15,-0.21507,-0.004,15,-0.2224,-0.004,15,-0.22773,-0.004,15,-0.23173,-0.004,15,-0.21204,-0.004,15,-0.22172,-0.004,15,-0.2353,-0.004,15,-0.23933,-0.004,15,-0.21428,-0.004,15,-0.22402,-0.004,15,-0.2317,-0.004,15,-0.23775,-0.004,15,-0.24198,-0.004,15,-0.2151,-0.004,15,-0.22567,-0.004,15,-0.23228,-0.004,15,-0.25017,-0.0042,15,-0.24264,-0.004
15,-0.20044,-0.0042,15,-0.21034,-0.0042,15,-0.21784,-0.0042,15,-0.2226,-0.0042,15,-0.22594,-0.0042,15,-0.21602,-0.0042,15,-0.22615,-0.0042,15,-0.23387,-0.0042,15,-0.23946,-0.0042,15,-0.24368,-0.0042,15,-0.22296,-0.0042,15,-0.2331,-0.0042,15,-0.24735,-0.0042,15,-0.25161,-0.0042,15,-0.22519,-0.0042,15,-0.23548,-0.0042,15,-0.24356,-0.0042,15,-0.24991,-0.0042,15,-0.25436,-0.0042,15,-0.22601,-0.0042,15,-0.23726,-0.0042,15,-0.24417,-0.0042,15,-0.26238,-0.0044,15,-0.25503,-0.0042
15,-0.21039,-0.0044,15,-0.22077,-0.0044,15,-0.22865,-0.0044,15,-0.23368,-0.0044,15,-0.23719,-0.0044,15,-0.22664,-0.0044,15,-0.23728,-0.0044,15,-0.24541,-0.0044,15,-0.25123,-0.0044,15,-0.25569,-0.0044,15,-0.23396,-0.0044,15,-0.24454,-0.0044,15,-0.25946,-0.0044,15,-0.26394,-0.0044,15,-0.23616,-0.0044,15,-0.24698,-0.0044,15,-0.25548,-0.0044,15,-0.2621,-0.0044,15,-0.26679,-0.0044,15,-0.23697,-0.0044,15,-0.24889,-0.0044,15,-0.2561,-0.0044,15,-0.27467,-0.0046,15,-0.26747,-0.0044
15,-0.2204,-0.0046,15,-0.23127,-0.0046,15,-0.23953,-0.0046,15,-0.24482,-0.0046,15,-0.24851,-0.0046,15,-0.23732,-0.0046,15,-0.24848,-0.0046,15,-0.25705,-0.0046,15,-0.26307,-0.0046,15,-0.26777,-0.0046,15,-0.24503,-0.0046,15,-0.25603,-0.0046,15,-0.27162,-0.0046,15,-0.27632,-0.0046,15,-0.24721,-0.0046,15,-0.25853,-0.0046,15,-0.26748,-0.0046,15,-0.27435,-0.0046,15,-0.27927,-0.0046,15,-0.248,-0.0046,15,-0.26058,-0.0046,15,-0.26808,-0.0046,15,-0.28705,-0.0048,15,-0.27997,-0.0046
15,-0.23048,-0.0048,15,-0.24185,-0.0048,15,-0.25047,-0.0048,15,-0.25604,-0.0048,15,-0.25992,-0.0048,15,-0.24803,-0.0048,15,-0.25974,-0.0048,15,-0.26876,-0.0048,15,-0.27497,-0.0048,15,-0.2799,-0.0048,15,-0.25617,-0.0048,15,-0.26759,-0.0048,15,-0.28385,-0.0048,15,-0.28876,-0.0048,15,-0.25834,-0.0048,15,-0.27012,-0.0048,15,-0.27956,-0.0048,15,-0.28667,-0.0048,15,-0.29181,-0.0048,15,-0.25909,-0.0048,15,-0.27232,-0.0048,15,-0.28014,-0.0048,15,-0.29961,-0.005,15,-0.29253,-0.0048
15,-0.24063,-0.005,15,-0.25252,-0.005,15,-0.26149,-0.005,15,-0.26734,-0.005,15,-0.2714,-0.005,15,-0.2588,-0.005,15,-0.27108,-0.005,15,-0.28056,-0.005,15,-0.28693,-0.005,15,-0.29211,-0.005,15,-0.26735,-0.005,15,-0.27922,-0.005,15,-0.29619,-0.005,15,-0.30126,-0.005,15,-0.26951,-0.005,15,-0.28176,-0.005,15,-0.29175,-0.005,15,-0.29907,-0.005,15,-0.30441,-0.005,15,-0.27026,-0.005,15,-0.2841,-0.005,15,-0.29233,-0.005,15,-0.31243,-0.0052,15,-0.3052,-0.005
15,-0.25086,-0.0052,15,-0.26329,-0.0052,15,-0.27259,-0.0052,15,-0.27872,-0.0052,15,-0.28298,-0.0052,15,-0.26961,-0.0052,15,-0.2825,-0.0052,15,-0.29247,-0.0052,15,-0.29897,-0.0052,15,-0.3044,-0.0052,15,-0.27858,-0.0052,15,-0.29092,-0.0052,15,-0.30863,-0.0052,15,-0.31383,-0.0052,15,-0.28074,-0.0052,15,-0.29345,-0.0052,15,-0.30414,-0.0052,15,-0.31158,-0.0052,15,-0.3171,-0.0052,15,-0.28151,-0.0052,15,-0.29593,-0.0052,15,-0.30463,-0.0052,15,-0.32572,-0.0054,15,-0.31804,-0.0052
15,-0.26117,-0.0054,15,-0.2742,-0.0054,15,-0.28378,-0.0054,15,-0.2902,-0.0054,15,-0.29465,-0.0054,15,-0.28047,-0.0054,15,-0.29401,-0.0054,15,-0.30468,-0.0054,15,-0.3111,-0.0054,15,-0.31677,-0.0054,15,-0.28985,-0.0054,15,-0.30269,-0.0054,15,-0.32114,-0.0054,15,-0.32648,-0.0054,15,-0.29203,-0.0054,15,-0.30517,-0.0054,15,-0.31702,-0.0054,15,-0.32424,-0.0054,15,-0.32988,-0.0054,15,-0.29285,-0.0054,15,-0.3078,-0.0054,15,-0.31696,-0.0054,15,-0.33942,-0.0056,15,-0.33108,-0.0054
15,-0.27157,-0.0056,15,-0.28521,-0.0056,15,-0.29507,-0.0056,15,-0.30177,-0.0056,15,-0.30642,-0.0056,15,-0.29137,-0.0056,15,-0.30562,-0.0056,15,-0.317,-0.0056,15,-0.32332,-0.0056,15,-0.32923,-0.0056,15,-0.30116,-0.0056,15,-0.31454,-0.0056,15,-0.33372,-0.0056,15,-0.33923,-0.0056,15,-0.30338,-0.0056,15,-0.31692,-0.0056,15,-0.32997,-0.0056,15,-0.33718,-0.0056,15,-0.34281,-0.0056,15,-0.30425,-0.0056,15,-0.3197,-0.0056,15,-0.32935,-0.0056,15,-0.35337,-0.0058,15,-0.34507,-0.0056
15,-0.28206,-0.0058,15,-0.29645,-0.0058,15,-0.30654,-0.0058,15,-0.31346,-0.0058,15,-0.31829,-0.0058,15,-0.30232,-0.0058,15,-0.31733,-0.0058,15,-0.3295,-0.0058,15,-0.33566,-0.0058,15,-0.34179,-0.0058,15,-0.31252,-0.0058,15,-0.32646,-0.0058,15,-0.34639,-0.0058,15,-0.35215,-0.0058,15,-0.31481,-0.0058,15,-0.32871,-0.0058,15,-0.34303,-0.0058,15,-0.35061,-0.0058,15,-0.35597,-0.0058,15,-0.31571,-0.0058,15,-0.33163,-0.0058,15,-0.34178,-0.0058,15,-0.36774,-0.006,15,-0.35998,-0.0058
15,-0.29265,-0.006,15,-0.30782,-0.006,15,-0.31829,-0.006,15,-0.32526,-0.006,15,-0.33029,-0.006,15,-0.31332,-0.006,15,-0.32914,-0.006,15,-0.34209,-0.006,15,-0.34815,-0.006,15,-0.35448,-0.006,15,-0.3239,-0.006,15,-0.33846,-0.006,15,-0.35917,-0.006,15,-0.36547,-0.006,15,-0.3263,-0.006,15,-0.34054,-0.006,15,-0.3562,-0.006,15,-0.36535,-0.006,15,-0.36955,-0.006,15,-0.3272,-0.006,15,-0.34359,-0.006,15,-0.35426,-0.006,12.5,-0.012401,-0.0002,15,-0.37332,-0.006
12.5,-0.0095057,-0.0002,12.5,-0.0099554,-0.0002,12.5,-0.010363,-0.0002,12.5,-0.010593,-0.0002,12.5,-0.010754,-0.0002,12.5,-0.010263,-0.0002,12.5,-0.010903,-0.0002,12.5,-0.011213,-0.0002,12.5,-0.011579,-0.0002,12.5,-0.011788,-0.0002,12.5,-0.010686,-0.0002,12.5,-0.011296,-0.0002,12.5,-0.012173,-0.0002,12.5,-0.012352,-0.0002,12.5,-0.010802,-0.0002,12.5,-0.011517,-0.0002,12.5,-0.011971,-0.0002,12.5,-0.01225,-0.0002,12.5,-0.012474,-0.0002,12.5,-0.011124,-0.0002,12.5,-0.011679,-0.0002,12.5,-0.011911,-0.0002,12.5,-0.024669,-0.0004,12.5,-0.01251,-0.0002
12.5,-0.019028,-0.0004,12.5,-0.019974,-0.0004,12.5,-0.020742,-0.0004,12.5,-0.021202,-0.0004,12.5,-0.021533,-0.0004,12.5,-0.020633,-0.0004,12.5,-0.021783,-0.0004,12.5,-0.022486,-0.0004,12.5,-0.023133,-0.0004,12.5,-0.023548,-0.0004,12.5,-0.021463,-0.0004,12.5,-0.022589,-0.0004,12.5,-0.024198,-0.0004,12.5,-0.024597,-0.0004,12.5,-0.021786,-0.0004,12.5,-0.022978,-0.0004,12.5,-0.023859,-0.0004,12.5,-0.024476,-0.0004,12.5,-0.024925,-0.0004,12.5,-0.022177,-0.0004,12.5,-0.023228,-0.0004,12.5,-0.023854,-0.0004,12.5,-0.036941,-0.0006,12.5,-0.025037,-0.0004
12.5,-0.028555,-0.0006,12.5,-0.029997,-0.0006,12.5,-0.031127,-0.0006,12.5,-0.031818,-0.0006,12.5,-0.032318,-0.0006,12.5,-0.031006,-0.0006,12.5,-0.032668,-0.0006,12.5,-0.033764,-0.0006,12.5,-0.034691,-0.0006,12.5,-0.035312,-0.0006,12.5,-0.032243,-0.0006,12.5,-0.033885,-0.0006,12.5,-0.036227,-0.0006,12.5,-0.036846,-0.0006,12.5,-0.032772,-0.0006,12.5,-0.034442,-0.0006,12.5,-0.035751,-0.0006,12.5,-0.036704,-0.0006,12.5,-0.03738,-0.0006,12.5,-0.033232,-0.0006,12.5,-0.034781,-0.0006,12.5,-0.0358,-0.0006,12.5,-0.049217,-0.0008,12.5,-0.037566,-0.0006
12.5,-0.03809,-0.0008,12.5,-0.040028,-0.0008,12.5,-0.041521,-0.0008,12.5,-0.042443,-0.0008,12.5,-0.043113,-0.0008,12.5,-0.041385,-0.0008,12.5,-0.043558,-0.0008,12.5,-0.045049,-0.0008,12.5,-0.046256,-0.0008,12.5,-0.047085,-0.0008,12.5,-0.043027,-0.0008,12.5,-0.045186,-0.0008,12.5,-0.048261,-0.0008,12.5,-0.049102,-0.0008,12.5,-0.04376,-0.0008,12.5,-0.04591,-0.0008,12.5,-0.047647,-0.0008,12.5,-0.048938,-0.0008,12.5,-0.049841,-0.0008,12.5,-0.044288,-0.0008,12.5,-0.046337,-0.0008,12.5,-0.04775,-0.0008,12.5,-0.061498,-0.001,12.5,-0.0501,-0.0008
12.5,-0.047634,-0.001,12.5,-0.050069,-0.001,12.5,-0.051926,-0.001,12.5,-0.05308,-0.001,12.5,-0.053919,-0.001,12.5,-0.05177,-0.001,12.5,-0.054456,-0.001,12.5,-0.056342,-0.001,12.5,-0.057829,-0.001,12.5,-0.058868,-0.001,12.5,-0.053817,-0.001,12.5,-0.056493,-0.001,12.5,-0.060304,-0.001,12.5,-0.061365,-0.001,12.5,-0.054752,-0.001,12.5,-0.057383,-0.001,12.5,-0.059549,-0.001,12.5,-0.061177,-0.001,12.5,-0.062309,-0.001,12.5,-0.055346,-0.001,12.5,-0.057898,-0.001,12.5,-0.059705,-0.001,12.5,-0.073785,-0.0012,12.5,-0.06264,-0.001
12.5,-0.05719,-0.0012,12.5,-0.060123,-0.0012,12.5,-0.062346,-0.0012,12.5,-0.063733,-0.0012,12.5,-0.064741,-0.0012,12.5,-0.062165,-0.0012,12.5,-0.065363,-0.0012,12.5,-0.067645,-0.0012,12.5,-0.069415,-0.0012,12.5,-0.070663,-0.0012,12.5,-0.064613,-0.0012,12.5,-0.067807,-0.0012,12.5,-0.072355,-0.0012,12.5,-0.07364,-0.0012,12.5,-0.065746,-0.0012,12.5,-0.068862,-0.0012,12.5,-0.071457,-0.0012,12.5,-0.073425,-0.0012,12.5,-0.074786,-0.0012,12.5,-0.066405,-0.0012,12.5,-0.069467,-0.0012,12.5,-0.071667,-0.0012,12.5,-0.086081,-0.0014,12.5,-0.075188,-0.0012
12.5,-0.066761,-0.0014,12.5,-0.070192,-0.0014,12.5,-0.072782,-0.0014,12.5,-0.074405,-0.0014,12.5,-0.075581,-0.0014,12.5,-0.072571,-0.0014,12.5,-0.076283,-0.0014,12.5,-0.078962,-0.0014,12.5,-0.081014,-0.0014,12.5,-0.082474,-0.0014,12.5,-0.075418,-0.0014,12.5,-0.079131,-0.0014,12.5,-0.084419,-0.0014,12.5,-0.085926,-0.0014,12.5,-0.076746,-0.0014,12.5,-0.08035,-0.0014,12.5,-0.083375,-0.0014,12.5,-0.085682,-0.0014,12.5,-0.087274,-0.0014,12.5,-0.077465,-0.0014,12.5,-0.081044,-0.0014,12.5,-0.083637,-0.0014,12.5,-0.098386,-0.0016,12.5,-0.087745,-0.0014
12.5,-0.076349,-0.0016,12.5,-0.080279,-0.0016,12.5,-0.083239,-0.0016,12.5,-0.085097,-0.0016,12.5,-0.086443,-0.0016,12.5,-0.082989,-0.0016,12.5,-0.087215,-0.0016,12.5,-0.090294,-0.0016,12.5,-0.092629,-0.0016,12.5,-0.094302,-0.0016,12.5,-0.086232,-0.0016,12.5,-0.090466,-0.0016,12.5,-0.096496,-0.0016,12.5,-0.098227,-0.0016,12.5,-0.08775,-0.0016,12.5,-0.091847,-0.0016,12.5,-0.095303,-0.0016,12.5,-0.09795,-0.0016,12.5,-0.099775,-0.0016,12.5,-0.088528,-0.0016,12.5,-0.092631,-0.0016,12.5,-0.095617,-0.0016,12.5,-0.1107,-0.0018,12.5,-0.10031,-0.0016
12.5,-0.085957,-0.0018,12.5,-0.090387,-0.0018,12.5,-0.093718,-0.0018,12.5,-0.095815,-0.0018,12.5,-0.09733,-0.0018,12.5,-0.093423,-0.0018,12.5,-0.098163,-0.0018,12.5,-0.10164,-0.0018,12.5,-0.10426,-0.0018,12.5,-0.10615,-0.0018,12.5,-0.097059,-0.0018,12.5,-0.10181,-0.0018,12.5,-0.10859,-0.0018,12.5,-0.11055,-0.0018,12.5,-0.09876,-0.0018,12.5,-0.10336,-0.0018,12.5,-0.10724,-0.0018,12.5,-0.11023,-0.0018,12.5,-0.11229,-0.0018,12.5,-0.099593,-0.0018,12.5,-0.10423,-0.0018,12.5,-0.10761,-0.0018,12.5,-0.12303,-0.002,12.5,-0.11289,-0.0018
12.5,-0.095586,-0.002,12.5,-0.10052,-0.002,12.5,-0.10422,-0.002,12.5,-0.10656,-0.002,12.5,-0.10825,-0.002,12.5,-0.10388,-0.002,12.5,-0.10913,-0.002,12.5,-0.11301,-0.002,12.5,-0.11592,-0.002,12.5,-0.11802,-0.002,12.5,-0.1079,-0.002,12.5,-0.11318,-0.002,12.5,-0.1207,-0.002,12.5,-0.12288,-0.002,12.5,-0.10978,-0.002,12.5,-0.11488,-0.002,12.5,-0.11919,-0.002,12.5,-0.12253,-0.002,12.5,-0.12482,-0.002,12.5,-0.11066,-0.002,12.5,-0.11585,-0.002,12.5,-0.11961,-0.002,12.5,-0.13537,-0.0022,12.5,-0.12549,-0.002
12.5,-0.10524,-0.0022,12.5,-0.11067,-0.0022,12.5,-0.11476,-0.0022,12.5,-0.11733,-0.0022,12.5,-0.11919,-0.0022,12.5,-0.11435,-0.0022,12.5,-0.12011,-0.0022,12.5,-0.1244,-0.0022,12.5,-0.12759,-0.0022,12.5,-0.12992,-0.0022,12.5,-0.11875,-0.0022,12.5,-0.12456,-0.0022,12.5,-0.13283,-0.0022,12.5,-0.13524,-0.0022,12.5,-0.1208,-0.0022,12.5,-0.12641,-0.0022,12.5,-0.13116,-0.0022,12.5,-0.13484,-0.0022,12.5,-0.13737,-0.0022,12.5,-0.12173,-0.0022,12.5,-0.12748,-0.0022,12.5,-0.13163,-0.0022,12.5,-0.14773,-0.0024,12.5,-0.1381,-0.0022
12.5,-0.11492,-0.0024,12.5,-0.12086,-0.0024,12.5,-0.12532,-0.0024,12.5,-0.12814,-0.0024,12.5,-0.13017,-0.0024,12.5,-0.12484,-0.0024,12.5,-0.13112,-0.0024,12.5,-0.13582,-0.0024,12.5,-0.1393,-0.0024,12.5,-0.14185,-0.0024,12.5,-0.12962,-0.0024,12.5,-0.13596,-0.0024,12.5,-0.14498,-0.0024,12.5,-0.14762,-0.0024,12.5,-0.13183,-0.0024,12.5,-0.13797,-0.0024,12.5,-0.14315,-0.0024,12.5,-0.14717,-0.0024,12.5,-0.14994,-0.0024,12.5,-0.13281,-0.0024,12.5,-0.13913,-0.0024,12.5,-0.14367,-0.0024,12.5,-0.1601,-0.0026,12.5,-0.15072,-0.0024
12.5,-0.12464,-0.0026,12.5,-0.13108,-0.0026,12.5,-0.13592,-0.0026,12.5,-0.13899,-0.0026,12.5,-0.14119,-0.0026,12.5,-0.13536,-0.0026,12.5,-0.14215,-0.0026,12.5,-0.14726,-0.0026,12.5,-0.15103,-0.0026,12.5,-0.1538,-0.0026,12.5,-0.14052,-0.0026,12.5,-0.14738,-0.0026,12.5,-0.15715,-0.0026,12.5,-0.16002,-0.0026,12.5,-0.14287,-0.0026,12.5,-0.14954,-0.0026,12.5,-0.15515,-0.0026,12.5,-0.15952,-0.0026,12.5,-0.16253,-0.0026,12.5,-0.14389,-0.0026,12.5,-0.1508,-0.0026,12.5,-0.15573,-0.0026,12.5,-0.17249,-0.0028,12.5,-0.16337,-0.0026
12.5,-0.13438,-0.0028,12.5,-0.14133,-0.0028,12.5,-0.14655,-0.0028,12.5,-0.14988,-0.0028,12.5,-0.15226,-0.0028,12.5,-0.14591,-0.0028,12.5,-0.15321,-0.0028,12.5,-0.15873,-0.0028,12.5,-0.16279,-0.0028,12.5,-0.16579,-0.0028,12.5,-0.15143,-0.0028,12.5,-0.15882,-0.0028,12.5,-0.16935,-0.0028,12.5,-0.17246,-0.0028,12.5,-0.15393,-0.0028,12.5,-0.16113,-0.0028,12.5,-0.16717,-0.0028,12.5,-0.17189,-0.0028,12.5,-0.17514,-0.0028,12.5,-0.15497,-0.0028,12.5,-0.1625,-0.0028,12.5,-0.1678,-0.0028,12.5,-0.1849,-0.003,12.5,-0.17603,-0.0028
12.5,-0.14417,-0.003,12.5,-0.15161,-0.003,12.5,-0.15723,-0.003,12.5,-0.16081,-0.003,12.5,-0.16336,-0.003,12.5,-0.15648,-0.003,12.5,-0.1643,-0.003,12.5,-0.17023,-0.003,12.5,-0.17459,-0.003,12.5,-0.17782,-0.003,12.5,-0.16237,-0.003,12.5,-0.1703,-0.003,12.5,-0.18158,-0.003,12.5,-0.18492,-0.003,12.5,-0.16499,-0.003,12.5,-0.17275,-0.003,12.5,-0.17921,-0.003,12.5,-0.18428,-0.003,12.5,-0.18778,-0.003,12.5,-0.16607,-0.003,12.5,-0.17423,-0.003,12.5,-0.17991,-0.003,12.5,-0.19733,-0.0032,12.5,-0.18872,-0.003
12.5,-0.15399,-0.0032,12.5,-0.16194,-0.0032,12.5,-0.16795,-0.0032,12.5,-0.17178,-0.0032,12.5,-0.17452,-0.0032,12.5,-0.1671,-0.0032,12.5,-0.17542,-0.0032,12.5,-0.18177,-0.0032,12.5,-0.18642,-0.0032,12.5,-0.18988,-0.0032,12.5,-0.17334,-0.0032,12.5,-0.1818,-0.0032,12.5,-0.19384,-0.0032,12.5,-0.19741,-0.0032,12.5,-0.17607,-0.0032,12.5,-0.18439,-0.0032,12.5,-0.19128,-0.0032,12.5,-0.1967,-0.0032,12.5,-0.20045,-0.0032,12.5,-0.17717,-0.0032,12.5,-0.18599,-0.0032,12.5,-0.19203,-0.0032,12.5,-0.20979,-0.0034,12.5,-0.20143,-0.0032
12.5,-0.16386,-0.0034,12.5,-0.17231,-0.0034,12.5,-0.17871,-0.0034,12.5,-0.18281,-0.0034,12.5,-0.18573,-0.0034,12.5,-0.17774,-0.0034,12.5,-0.18658,-0.0034,12.5,-0.19334,-0.0034,12.5,-0.19828,-0.0034,12.5,-0.20199,-0.0034,12.5,-0.18434,-0.0034,12.5,-0.19334,-0.0034,12.5,-0.20613,-0.0034,12.5,-0.20994,-0.0034,12.5,-0.18717,-0.0034,12.5,-0.19607,-0.0034,12.5,-0.20337,-0.0034,12.5,-0.20914,-0.0034,12.5,-0.21314,-0.0034,12.5,-0.18829,-0.0034,12.5,-0.19779,-0.0034,12.5,-0.20419,-0.0034,12.5,-0.22228,-0.0036,12.5,-0.21417,-0.0034
12.5,-0.17377,-0.0036,12.5,-0.18273,-0.0036,12.5,-0.18953,-0.0036,12.5,-0.19389,-0.0036,12.5,-0.19699,-0.0036,12.5,-0.18843,-0.0036,12.5,-0.19778,-0.0036,12.5,-0.20496,-0.0036,12.5,-0.21019,-0.0036,12.5,-0.21414,-0.0036,12.5,-0.19539,-0.0036,12.5,-0.20492,-0.0036,12.5,-0.21845,-0.0036,12.5,-0.2225,-0.0036,12.5,-0.19828,-0.0036,12.5,-0.20778,-0.0036,12.5,-0.2155,-0.0036,12.5,-0.22162,-0.0036,12.5,-0.22587,-0.0036,12.5,-0.19942,-0.0036,12.5,-0.20963,-0.0036,12.5,-0.21639,-0.0036,12.5,-0.23479,-0.0038,12.5,-0.22694,-0.0036
12.5,-0.18373,-0.0038,12.5,-0.1932,-0.0038,12.5,-0.2004,-0.0038,12.5,-0.20503,-0.0038,12.5,-0.20831,-0.0038,12.5,-0.19916,-0.0038,12.5,-0.20902,-0.0038,12.5,-0.21662,-0.0038,12.5,-0.22215,-0.0038,12.5,-0.22634,-0.0038,12.5,-0.20648,-0.0038,12.5,-0.21654,-0.0038,12.5,-0.23081,-0.0038,12.5,-0.2351,-0.0038,12.5,-0.20943,-0.0038,12.5,-0.21952,-0.0038,12.5,-0.22766,-0.0038,12.5,-0.23413,-0.0038,12.5,-0.23863,-0.0038,12.5,-0.21058,-0.0038,12.5,-0.22152,-0.0038,12.5,-0.22862,-0.0038,12.5,-0.24734,-0.004,12.5,-0.23973,-0.0038
12.5,-0.19375,-0.004,12.5,-0.20373,-0.004,12.5,-0.21132,-0.004,12.5,-0.21623,-0.004,12.5,-0.2197,-0.004,12.5,-0.20993,-0.004,12.5,-0.22031,-0.004,12.5,-0.22834,-0.004,12.5,-0.23415,-0.004,12.5,-0.2386,-0.004,12.5,-0.21764,-0.004,12.5,-0.2282,-0.004,12.5,-0.24322,-0.004,12.5,-0.24774,-0.004,12.5,-0.22061,-0.004,12.5,-0.23131,-0.004,12.5,-0.23986,-0.004,12.5,-0.24667,-0.004,12.5,-0.25143,-0.004,12.5,-0.22178,-0.004,12.5,-0.23345,-0.004,12.5,-0.24089,-0.004,12.5,-0.25994,-0.0042,12.5,-0.25256,-0.004
12.5,-0.20383,-0.0042,12.5,-0.21431,-0.0042,12.5,-0.22231,-0.0042,12.5,-0.22749,-0.0042,12.5,-0.23116,-0.0042,12.5,-0.22075,-0.0042,12.5,-0.23167,-0.0042,12.5,-0.24012,-0.0042,12.5,-0.2462,-0.0042,12.5,-0.2509,-0.0042,12.5,-0.22887,-0.0042,12.5,-0.23992,-0.0042,12.5,-0.25567,-0.0042,12.5,-0.26043,-0.0042,12.5,-0.23184,-0.0042,12.5,-0.24314,-0.0042,12.5,-0.25212,-0.0042,12.5,-0.25925,-0.0042,12.5,-0.26427,-0.0042,12.5,-0.23303,-0.0042,12.5,-0.24543,-0.0042,12.5,-0.25321,-0.0042,12.5,-0.2726,-0.0044,12.5,-0.26543,-0.0042
12.5,-0.21397,-0.0044,12.5,-0.22496,-0.0044,12.5,-0.23336,-0.0044,12.5,-0.23883,-0.0044,12.5,-0.24269,-0.0044,12.5,-0.23161,-0.0044,12.5,-0.24308,-0.0044,12.5,-0.25198,-0.0044,12.5,-0.25831,-0.0044,12.5,-0.26326,-0.0044,12.5,-0.24018,-0.0044,12.5,-0.25169,-0.0044,12.5,-0.26817,-0.0044,12.5,-0.27317,-0.0044,12.5,-0.24315,-0.0044,12.5,-0.25501,-0.0044,12.5,-0.26446,-0.0044,12.5,-0.27188,-0.0044,12.5,-0.27716,-0.0044,12.5,-0.24434,-0.0044,12.5,-0.25747,-0.0044,12.5,-0.26559,-0.0044,12.5,-0.28534,-0.0046,12.5,-0.27834,-0.0044
12.5,-0.22418,-0.0046,12.5,-0.23568,-0.0046,12.5,-0.24448,-0.0046,12.5,-0.25024,-0.0046,12.5,-0.2543,-0.0046,12.5,-0.24253,-0.0046,12.5,-0.25456,-0.0046,12.5,-0.26394,-0.0046,12.5,-0.27048,-0.0046,12.5,-0.27569,-0.0046,12.5,-0.25156,-0.0046,12.5,-0.26353,-0.0046,12.5,-0.28074,-0.0046,12.5,-0.28596,-0.0046,12.5,-0.25455,-0.0046,12.5,-0.26694,-0.0046,12.5,-0.27686,-0.0046,12.5,-0.28457,-0.0046,12.5,-0.29009,-0.0046,12.5,-0.25572,-0.0046,12.5,-0.26956,-0.0046,12.5,-0.27803,-0.0046,12.5,-0.29821,-0.0048,12.5,-0.2913,-0.0046
12.5,-0.23445,-0.0048,12.5,-0.24649,-0.0048,12.5,-0.25568,-0.0048,12.5,-0.26173,-0.0048,12.5,-0.26599,-0.0048,12.5,-0.25349,-0.0048,12.5,-0.26611,-0.0048,12.5,-0.27598,-0.0048,12.5,-0.28271,-0.0048,12.5,-0.28818,-0.0048,12.5,-0.26299,-0.0048,12.5,-0.27544,-0.0048,12.5,-0.29342,-0.0048,12.5,-0.2988,-0.0048,12.5,-0.26601,-0.0048,12.5,-0.2789,-0.0048,12.5,-0.28935,-0.0048,12.5,-0.29732,-0.0048,12.5,-0.30308,-0.0048,12.5,-0.26717,-0.0048,12.5,-0.2817,-0.0048,12.5,-0.29055,-0.0048,12.5,-0.31131,-0.005,12.5,-0.30432,-0.0048
12.5,-0.24481,-0.005,12.5,-0.25738,-0.005,12.5,-0.26695,-0.005,12.5,-0.2733,-0.005,12.5,-0.27777,-0.005,12.5,-0.2645,-0.005,12.5,-0.27773,-0.005,12.5,-0.28811,-0.005,12.5,-0.29501,-0.005,12.5,-0.30075,-0.005,12.5,-0.27448,-0.005,12.5,-0.28743,-0.005,12.5,-0.30621,-0.005,12.5,-0.31171,-0.005,12.5,-0.27752,-0.005,12.5,-0.29091,-0.005,12.5,-0.30201,-0.005,12.5,-0.31015,-0.005,12.5,-0.31614,-0.005,12.5,-0.2787,-0.005,12.5,-0.29388,-0.005,12.5,-0.30319,-0.005,12.5,-0.3247,-0.0052,12.5,-0.31741,-0.005
12.5,-0.25525,-0.0052,12.5,-0.26838,-0.0052,12.5,-0.27831,-0.0052,12.5,-0.28496,-0.0052,12.5,-0.28964,-0.0052,12.5,-0.27556,-0.0052,12.5,-0.28945,-0.0052,12.5,-0.30052,-0.0052,12.5,-0.3074,-0.0052,12.5,-0.31339,-0.0052,12.5,-0.28601,-0.0052,12.5,-0.29949,-0.0052,12.5,-0.31904,-0.0052,12.5,-0.32469,-0.0052,12.5,-0.28907,-0.0052,12.5,-0.30296,-0.0052,12.5,-0.31522,-0.0052,12.5,-0.32311,-0.0052,12.5,-0.32928,-0.0052,12.5,-0.29032,-0.0052,12.5,-0.30612,-0.0052,12.5,-0.31594,-0.0052,12.5,-0.33818,-0.0054,12.5,-0.33062,-0.0052
12.5,-0.26578,-0.0054,12.5,-0.27957,-0.0054,12.5,-0.28977,-0.0054,12.5,-0.29672,-0.0054,12.5,-0.30162,-0.0054,12.5,-0.28667,-0.0054,12.5,-0.30127,-0.0054,12.5,-0.31309,-0.0054,12.5,-0.31987,-0.0054,12.5,-0.32612,-0.0054,12.5,-0.29759,-0.0054,12.5,-0.31161,-0.0054,12.5,-0.33194,-0.0054,12.5,-0.33777,-0.0054,12.5,-0.30068,-0.0054,12.5,-0.31504,-0.0054,12.5,-0.32847,-0.0054,12.5,-0.33625,-0.0054,12.5,-0.34254,-0.0054,12.5,-0.30203,-0.0054,12.5,-0.3184,-0.0054,12.5,-0.32876,-0.0054,12.5,-0.35211,-0.0056,12.5,-0.34405,-0.0054
12.5,-0.27642,-0.0056,12.5,-0.29086,-0.0056,12.5,-0.30135,-0.0056,12.5,-0.3086,-0.0056,12.5,-0.3137,-0.0056,12.5,-0.29784,-0.0056,12.5,-0.31319,-0.0056,12.5,-0.32573,-0.0056,12.5,-0.33245,-0.0056,12.5,-0.33895,-0.0056,12.5,-0.30921,-0.0056,12.5,-0.32382,-0.0056,12.5,-0.34493,-0.0056,12.5,-0.3511,-0.0056,12.5,-0.31237,-0.0056,12.5,-0.32716,-0.0056,12.5,-0.34168,-0.0056,12.5,-0.3498,-0.0056,12.5,-0.35593,-0.0056,12.5,-0.31381,-0.0056,12.5,-0.33073,-0.0056,12.5,-0.34161,-0.0056,12.5,-0.36693,-0.0058,12.5,-0.35772,-0.0056
12.5,-0.28715,-0.0058,12.5,-0.30248,-0.0058,12.5,-0.31317,-0.0058,12.5,-0.32059,-0.0058,12.5,-0.32591,-0.0058,12.5,-0.30905,-0.0058,12.5,-0.3252,-0.0058,12.5,-0.33839,-0.0058,12.5,-0.34518,-0.0058,12.5,-0.35189,-0.0058,12.5,-0.32087,-0.0058,12.5,-0.3361,-0.0058,12.5,-0.35801,-0.0058,12.5,-0.36474,-0.0058,12.5,-0.32414,-0.0058,12.5,-0.33932,-0.0058,12.5,-0.35561,-0.0058,12.5,-0.36451,-0.0058,12.5,-0.3696,-0.0058,12.5,-0.32564,-0.0058,12.5,-0.34311,-0.0058,12.5,-0.35448,-0.0058,10,-0.012912,-0.0002,12.5,-0.37185,-0.0058
10,-0.0096613,-0.0002,10,-0.010151,-0.0002,10,-0.010577,-0.0002,10,-0.010823,-0.0002,10,-0.011008,-0.0002,10,-0.010497,-0.0002,10,-0.011169,-0.0002,10,-0.01153,-0.0002,10,-0.011912,-0.0002,10,-0.012147,-0.0002,10,-0.010993,-0.0002,10,-0.011638,-0.0002,10,-0.012584,-0.0002,10,-0.012814,-0.0002,10,-0.011163,-0.0002,10,-0.011914,-0.0002,10,-0.012426,-0.0002,10,-0.012753,-0.0002,10,-0.013016,-0.0002,10,-0.011495,-0.0002,10,-0.012116,-0.0002,10,-0.01239,-0.0002,10,-0.025722,-0.0004,10,-0.013075,-0.0002
10,-0.01934,-0.0004,10,-0.020356,-0.0004,10,-0.021167,-0.0004,10,-0.021664,-0.0004,10,-0.022037,-0.0004,10,-0.021094,-0.0004,10,-0.02232,-0.0004,10,-0.023114,-0.0004,10,-0.023805,-0.0004,10,-0.024273,-0.0004,10,-0.022064,-0.0004,10,-0.02328,-0.0004,10,-0.025045,-0.0004,10,-0.025525,-0.0004,10,-0.022495,-0.0004,10,-0.02378,-0.0004,10,-0.024774,-0.0004,10,-0.025485,-0.0004,10,-0.026007,-0.0004,10,-0.022925,-0.0004,10,-0.024103,-0.0004,10,-0.024823,-0.0004,10,-0.038534,-0.0006,10,-0.02618,-0.0004
10,-0.029024,-0.0006,10,-0.030567,-0.0006,10,-0.031764,-0.0006,10,-0.032512,-0.0006,10,-0.033072,-0.0006,10,-0.031694,-0.0006,10,-0.033476,-0.0006,10,-0.034702,-0.0006,10,-0.035704,-0.0006,10,-0.036404,-0.0006,10,-0.033138,-0.0006,10,-0.034924,-0.0006,10,-0.037511,-0.0006,10,-0.03824,-0.0006,10,-0.033827,-0.0006,10,-0.035647,-0.0006,10,-0.037125,-0.0006,10,-0.03822,-0.0006,10,-0.039001,-0.0006,10,-0.034356,-0.0006,10,-0.036092,-0.0006,10,-0.037258,-0.0006,10,-0.05135,-0.0008,10,-0.039287,-0.0006
10,-0.038715,-0.0008,10,-0.040785,-0.0008,10,-0.04237,-0.0008,10,-0.043371,-0.0008,10,-0.044116,-0.0008,10,-0.0423,-0.0008,10,-0.044638,-0.0008,10,-0.046297,-0.0008,10,-0.047609,-0.0008,10,-0.048542,-0.0008,10,-0.044216,-0.0008,10,-0.046572,-0.0008,10,-0.049981,-0.0008,10,-0.050962,-0.0008,10,-0.045162,-0.0008,10,-0.047519,-0.0008,10,-0.049479,-0.0008,10,-0.050959,-0.0008,10,-0.052,-0.0008,10,-0.045788,-0.0008,10,-0.048085,-0.0008,10,-0.049697,-0.0008,10,-0.06417,-0.001,10,-0.052398,-0.0008
10,-0.048418,-0.001,10,-0.051014,-0.001,10,-0.052988,-0.001,10,-0.054243,-0.001,10,-0.055174,-0.001,10,-0.052913,-0.001,10,-0.055808,-0.001,10,-0.0579,-0.001,10,-0.059523,-0.001,10,-0.060691,-0.001,10,-0.055299,-0.001,10,-0.058227,-0.001,10,-0.062459,-0.001,10,-0.063691,-0.001,10,-0.056499,-0.001,10,-0.059395,-0.001,10,-0.061839,-0.001,10,-0.063703,-0.001,10,-0.065005,-0.001,10,-0.05722,-0.001,10,-0.060083,-0.001,10,-0.062141,-0.001,10,-0.076997,-0.0012,10,-0.065514,-0.001
10,-0.058133,-0.0012,10,-0.061257,-0.0012,10,-0.063622,-0.0012,10,-0.065131,-0.0012,10,-0.066248,-0.0012,10,-0.063536,-0.0012,10,-0.066987,-0.0012,10,-0.069515,-0.0012,10,-0.071449,-0.0012,10,-0.072852,-0.0012,10,-0.066389,-0.0012,10,-0.069888,-0.0012,10,-0.074946,-0.0012,10,-0.076429,-0.0012,10,-0.06784,-0.0012,10,-0.071276,-0.0012,10,-0.074205,-0.0012,10,-0.076454,-0.0012,10,-0.078019,-0.0012,10,-0.068654,-0.0012,10,-0.072086,-0.0012,10,-0.07459,-0.0012,10,-0.08983,-0.0014,10,-0.078637,-0.0012
10,-0.067864,-0.0014,10,-0.071515,-0.0014,10,-0.074273,-0.0014,10,-0.076039,-0.0014,10,-0.077342,-0.0014,10,-0.07417,-0.0014,10,-0.078179,-0.0014,10,-0.081142,-0.0014,10,-0.083388,-0.0014,10,-0.085029,-0.0014,10,-0.077487,-0.0014,10,-0.081558,-0.0014,10,-0.087444,-0.0014,10,-0.08918,-0.0014,10,-0.079184,-0.0014,10,-0.083165,-0.0014,10,-0.086579,-0.0014,10,-0.089214,-0.0014,10,-0.091042,-0.0014,10,-0.080088,-0.0014,10,-0.084097,-0.0014,10,-0.087047,-0.0014,10,-0.10267,-0.0016,10,-0.091768,-0.0014
10,-0.077612,-0.0016,10,-0.081793,-0.0016,10,-0.084946,-0.0016,10,-0.086969,-0.0016,10,-0.088459,-0.0016,10,-0.084817,-0.0016,10,-0.089384,-0.0016,10,-0.092785,-0.0016,10,-0.095344,-0.0016,10,-0.097224,-0.0016,10,-0.088594,-0.0016,10,-0.093239,-0.0016,10,-0.099954,-0.0016,10,-0.10194,-0.0016,10,-0.090533,-0.0016,10,-0.095062,-0.0016,10,-0.098962,-0.0016,10,-0.10198,-0.0016,10,-0.10408,-0.0016,10,-0.091523,-0.0016,10,-0.096118,-0.0016,10,-0.099512,-0.0016,10,-0.11552,-0.0018,10,-0.10491,-0.0016
10,-0.087382,-0.0018,10,-0.092093,-0.0018,10,-0.095643,-0.0018,10,-0.097926,-0.0018,10,-0.099603,-0.0018,10,-0.095481,-0.0018,10,-0.1006,-0.0018,10,-0.10445,-0.0018,10,-0.10732,-0.0018,10,-0.10944,-0.0018,10,-0.099713,-0.0018,10,-0.10493,-0.0018,10,-0.11248,-0.0018,10,-0.11472,-0.0018,10,-0.10189,-0.0018,10,-0.10697,-0.0018,10,-0.11135,-0.0018,10,-0.11476,-0.0018,10,-0.11712,-0.0018,10,-0.10296,-0.0018,10,-0.10815,-0.0018,10,-0.11199,-0.0018,10,-0.12838,-0.002,10,-0.11806,-0.0018
10,-0.097176,-0.002,10,-0.10242,-0.002,10,-0.10637,-0.002,10,-0.10891,-0.002,10,-0.11078,-0.002,10,-0.10616,-0.002,10,-0.11184,-0.002,10,-0.11613,-0.002,10,-0.11931,-0.002,10,-0.12168,-0.002,10,-0.11084,-0.002,10,-0.11664,-0.002,10,-0.12502,-0.002,10,-0.12752,-0.002,10,-0.11325,-0.002,10,-0.11889,-0.002,10,-0.12376,-0.002,10,-0.12756,-0.002,10,-0.13018,-0.002,10,-0.1144,-0.002,10,-0.12019,-0.002,10,-0.12447,-0.002,10,-0.14125,-0.0022,10,-0.13122,-0.002
10,-0.107,-0.0022,10,-0.11277,-0.0022,10,-0.11712,-0.0022,10,-0.11993,-0.0022,10,-0.12198,-0.0022,10,-0.11687,-0.0022,10,-0.1231,-0.0022,10,-0.12783,-0.0022,10,-0.13133,-0.0022,10,-0.13394,-0.0022,10,-0.12199,-0.0022,10,-0.12836,-0.0022,10,-0.13758,-0.0022,10,-0.14034,-0.0022,10,-0.12461,-0.0022,10,-0.13082,-0.0022,10,-0.13618,-0.0022,10,-0.14037,-0.0022,10,-0.14326,-0.0022,10,-0.12584,-0.0022,10,-0.13226,-0.0022,10,-0.13698,-0.0022,10,-0.15414,-0.0024,10,-0.1444,-0.0022
10,-0.11685,-0.0024,10,-0.12315,-0.0024,10,-0.12791,-0.0024,10,-0.13099,-0.0024,10,-0.13323,-0.0024,10,-0.12759,-0.0024,10,-0.13438,-0.0024,10,-0.13956,-0.0024,10,-0.14338,-0.0024,10,-0.14624,-0.0024,10,-0.13315,-0.0024,10,-0.14011,-0.0024,10,-0.15016,-0.0024,10,-0.15317,-0.0024,10,-0.13599,-0.0024,10,-0.14277,-0.0024,10,-0.14861,-0.0024,10,-0.15319,-0.0024,10,-0.15635,-0.0024,10,-0.13728,-0.0024,10,-0.14434,-0.0024,10,-0.14949,-0.0024,10,-0.16704,-0.0026,10,-0.15759,-0.0024
10,-0.12673,-0.0026,10,-0.13357,-0.0026,10,-0.13873,-0.0026,10,-0.14208,-0.0026,10,-0.14451,-0.0026,10,-0.13834,-0.0026,10,-0.14569,-0.0026,10,-0.15131,-0.0026,10,-0.15545,-0.0026,10,-0.15856,-0.0026,10,-0.14434,-0.0026,10,-0.15187,-0.0026,10,-0.16276,-0.0026,10,-0.16603,-0.0026,10,-0.14737,-0.0026,10,-0.15474,-0.0026,10,-0.16106,-0.0026,10,-0.16603,-0.0026,10,-0.16947,-0.0026,10,-0.14873,-0.0026,10,-0.15644,-0.0026,10,-0.16203,-0.0026,10,-0.17995,-0.0028,10,-0.17079,-0.0026
10,-0.13665,-0.0028,10,-0.14402,-0.0028,10,-0.14959,-0.0028,10,-0.15322,-0.0028,10,-0.15584,-0.0028,10,-0.14913,-0.0028,10,-0.15702,-0.0028,10,-0.16309,-0.0028,10,-0.16755,-0.0028,10,-0.17092,-0.0028,10,-0.15555,-0.0028,10,-0.16366,-0.0028,10,-0.17539,-0.0028,10,-0.17892,-0.0028,10,-0.15876,-0.0028,10,-0.16672,-0.0028,10,-0.17352,-0.0028,10,-0.17889,-0.0028,10,-0.1826,-0.0028,10,-0.16018,-0.0028,10,-0.16856,-0.0028,10,-0.17459,-0.0028,10,-0.19289,-0.003,10,-0.18402,-0.0028
10,-0.1466,-0.003,10,-0.15451,-0.003,10,-0.1605,-0.003,10,-0.1644,-0.003,10,-0.16722,-0.003,10,-0.15994,-0.003,10,-0.16839,-0.003,10,-0.17491,-0.003,10,-0.17969,-0.003,10,-0.18331,-0.003,10,-0.16678,-0.003,10,-0.17548,-0.003,10,-0.18804,-0.003,10,-0.19183,-0.003,10,-0.17016,-0.003,10,-0.17874,-0.003,10,-0.18601,-0.003,10,-0.19177,-0.003,10,-0.19576,-0.003,10,-0.17163,-0.003,10,-0.18072,-0.003,10,-0.18717,-0.003,10,-0.20584,-0.0032,10,-0.19726,-0.003
10,-0.1566,-0.0032,10,-0.16504,-0.0032,10,-0.17145,-0.0032,10,-0.17563,-0.0032,10,-0.17865,-0.0032,10,-0.17079,-0.0032,10,-0.17979,-0.0032,10,-0.18676,-0.0032,10,-0.19186,-0.0032,10,-0.19575,-0.0032,10,-0.17804,-0.0032,10,-0.18733,-0.0032,10,-0.20072,-0.0032,10,-0.20477,-0.0032,10,-0.18158,-0.0032,10,-0.19078,-0.0032,10,-0.19852,-0.0032,10,-0.20468,-0.0032,10,-0.20894,-0.0032,10,-0.1831,-0.0032,10,-0.19291,-0.0032,10,-0.19977,-0.0032,10,-0.21881,-0.0034,10,-0.21052,-0.0032
10,-0.16665,-0.0034,10,-0.17562,-0.0034,10,-0.18245,-0.0034,10,-0.18692,-0.0034,10,-0.19013,-0.0034,10,-0.18168,-0.0034,10,-0.19123,-0.0034,10,-0.19865,-0.0034,10,-0.20407,-0.0034,10,-0.20822,-0.0034,10,-0.18935,-0.0034,10,-0.19921,-0.0034,10,-0.21344,-0.0034,10,-0.21775,-0.0034,10,-0.19302,-0.0034,10,-0.20284,-0.0034,10,-0.21105,-0.0034,10,-0.21761,-0.0034,10,-0.22215,-0.0034,10,-0.19458,-0.0034,10,-0.20514,-0.0034,10,-0.21241,-0.0034,10,-0.23181,-0.0036,10,-0.22381,-0.0034
10,-0.17675,-0.0036,10,-0.18625,-0.0036,10,-0.19351,-0.0036,10,-0.19826,-0.0036,10,-0.20168,-0.0036,10,-0.19261,-0.0036,10,-0.2027,-0.0036,10,-0.21058,-0.0036,10,-0.21632,-0.0036,10,-0.22074,-0.0036,10,-0.20069,-0.0036,10,-0.21114,-0.0036,10,-0.22618,-0.0036,10,-0.23075,-0.0036,10,-0.20448,-0.0036,10,-0.21495,-0.0036,10,-0.22361,-0.0036,10,-0.23057,-0.0036,10,-0.23539,-0.0036,10,-0.20608,-0.0036,10,-0.21741,-0.0036,10,-0.22509,-0.0036,10,-0.24484,-0.0038,10,-0.23712,-0.0036
10,-0.1869,-0.0038,10,-0.19694,-0.0038,10,-0.20462,-0.0038,10,-0.20967,-0.0038,10,-0.21329,-0.0038,10,-0.20358,-0.0038,10,-0.21423,-0.0038,10,-0.22257,-0.0038,10,-0.22862,-0.0038,10,-0.23331,-0.0038,10,-0.2121,-0.0038,10,-0.22311,-0.0038,10,-0.23897,-0.0038,10,-0.2438,-0.0038,10,-0.21597,-0.0038,10,-0.22709,-0.0038,10,-0.23621,-0.0038,10,-0.24356,-0.0038,10,-0.24866,-0.0038,10,-0.21761,-0.0038,10,-0.22972,-0.0038,10,-0.2378,-0.0038,10,-0.2579,-0.004,10,-0.25046,-0.0038
10,-0.19711,-0.004,10,-0.20768,-0.004,10,-0.21579,-0.004,10,-0.22114,-0.004,10,-0.22496,-0.004,10,-0.2146,-0.004,10,-0.22581,-0.004,10,-0.2346,-0.004,10,-0.24097,-0.004,10,-0.24594,-0.004,10,-0.22357,-0.004,10,-0.23512,-0.004,10,-0.25179,-0.004,10,-0.25688,-0.004,10,-0.2275,-0.004,10,-0.23928,-0.004,10,-0.24885,-0.004,10,-0.25658,-0.004,10,-0.26196,-0.004,10,-0.22918,-0.004,10,-0.24209,-0.004,10,-0.25056,-0.004,10,-0.271,-0.0042,10,-0.26382,-0.004
10,-0.20738,-0.0042,10,-0.21849,-0.0042,10,-0.22703,-0.0042,10,-0.23267,-0.0042,10,-0.23672,-0.0042,10,-0.22566,-0.0042,10,-0.23745,-0.0042,10,-0.24672,-0.0042,10,-0.25337,-0.0042,10,-0.25861,-0.0042,10,-0.23513,-0.0042,10,-0.2472,-0.0042,10,-0.26467,-0.0042,10,-0.27001,-0.0042,10,-0.23909,-0.0042,10,-0.25151,-0.0042,10,-0.26156,-0.0042,10,-0.26964,-0.0042,10,-0.2753,-0.0042,10,-0.24081,-0.0042,10,-0.25451,-0.0042,10,-0.26338,-0.0042,10,-0.28418,-0.0044,10,-0.27722,-0.0042
10,-0.21771,-0.0044,10,-0.22937,-0.0044,10,-0.23834,-0.0044,10,-0.24429,-0.0044,10,-0.24854,-0.0044,10,-0.23678,-0.0044,10,-0.24916,-0.0044,10,-0.25893,-0.0044,10,-0.26582,-0.0044,10,-0.27135,-0.0044,10,-0.24676,-0.0044,10,-0.25933,-0.0044,10,-0.2776,-0.0044,10,-0.28318,-0.0044,10,-0.25078,-0.0044,10,-0.26379,-0.0044,10,-0.27435,-0.0044,10,-0.28275,-0.0044,10,-0.28869,-0.0044,10,-0.25252,-0.0044,10,-0.26698,-0.0044,10,-0.27625,-0.0044,10,-0.29746,-0.0046,10,-0.29067,-0.0044
10,-0.22812,-0.0046,10,-0.24033,-0.0046,10,-0.24972,-0.0046,10,-0.25598,-0.0046,10,-0.26046,-0.0046,10,-0.24795,-0.0046,10,-0.26093,-0.0046,10,-0.27124,-0.0046,10,-0.27834,-0.0046,10,-0.28415,-0.0046,10,-0.25847,-0.0046,10,-0.27154,-0.0046,10,-0.29065,-0.0046,10,-0.29641,-0.0046,10,-0.26256,-0.0046,10,-0.27611,-0.0046,10,-0.28722,-0.0046,10,-0.29592,-0.0046,10,-0.30212,-0.0046,10,-0.26429,-0.0046,10,-0.2795,-0.0046,10,-0.28921,-0.0046,10,-0.31097,-0.0048,10,-0.30415,-0.0046
10,-0.23861,-0.0048,10,-0.25137,-0.0048,10,-0.26119,-0.0048,10,-0.26776,-0.0048,10,-0.27246,-0.0048,10,-0.25917,-0.0048,10,-0.27278,-0.0048,10,-0.28363,-0.0048,10,-0.29092,-0.0048,10,-0.29701,-0.0048,10,-0.27023,-0.0048,10,-0.28383,-0.0048,10,-0.30381,-0.0048,10,-0.30969,-0.0048,10,-0.27439,-0.0048,10,-0.28848,-0.0048,10,-0.30018,-0.0048,10,-0.30916,-0.0048,10,-0.31561,-0.0048,10,-0.27615,-0.0048,10,-0.29206,-0.0048,10,-0.30227,-0.0048,10,-0.32485,-0.005,10,-0.3177,-0.0048
10,-0.24918,-0.005,10,-0.26252,-0.005,10,-0.27274,-0.005,10,-0.27963,-0.005,10,-0.28455,-0.005,10,-0.27044,-0.005,10,-0.28472,-0.005,10,-0.29618,-0.005,10,-0.30359,-0.005,10,-0.30995,-0.005,10,-0.28203,-0.005,10,-0.29619,-0.005,10,-0.31701,-0.005,10,-0.32304,-0.005,10,-0.28625,-0.005,10,-0.30088,-0.005,10,-0.31329,-0.005,10,-0.3225,-0.005,10,-0.32918,-0.005,10,-0.28808,-0.005,10,-0.30467,-0.005,10,-0.31543,-0.005,10,-0.33888,-0.0052,10,-0.33131,-0.005
10,-0.25984,-0.0052,10,-0.2738,-0.0052,10,-0.28439,-0.0052,10,-0.29159,-0.0052,10,-0.29675,-0.0052,10,-0.28177,-0.0052,10,-0.29675,-0.0052,10,-0.30919,-0.0052,10,-0.31633,-0.0052,10,-0.32297,-0.0052,10,-0.29388,-0.0052,10,-0.30862,-0.0052,10,-0.33026,-0.0052,10,-0.33647,-0.0052,10,-0.29817,-0.0052,10,-0.31332,-0.0052,10,-0.32666,-0.0052,10,-0.33598,-0.0052,10,-0.34285,-0.0052,10,-0.30011,-0.0052,10,-0.31734,-0.0052,10,-0.32864,-0.0052,10,-0.35444,-0.0054,10,-0.34502,-0.0052
10,-0.27061,-0.0054,10,-0.28528,-0.0054,10,-0.29616,-0.0054,10,-0.30367,-0.0054,10,-0.30906,-0.0054,10,-0.29315,-0.0054,10,-0.30888,-0.0054,10,-0.32207,-0.0054,10,-0.32918,-0.0054,10,-0.33609,-0.0054,10,-0.30579,-0.0054,10,-0.32112,-0.0054,10,-0.3436,-0.0054,10,-0.34963,-0.0054,10,-0.31015,-0.0054,10,-0.3258,-0.0054,10,-0.34033,-0.0054,10,-0.34975,-0.0054,10,-0.35665,-0.0054,10,-0.31223,-0.0054,10,-0.33008,-0.0054,10,-0.34191,-0.0054,10,-0.36831,-0.0056,10,-0.3589,-0.0054
10,-0.28149,-0.0056,10,-0.29678,-0.0056,10,-0.30804,-0.0056,10,-0.31586,-0.0056,10,-0.32149,-0.0056,10,-0.30459,-0.0056,10,-0.32112,-0.0056,10,-0.33499,-0.0056,10,-0.34215,-0.0056,10,-0.3493,-0.0056,10,-0.31774,-0.0056,10,-0.33369,-0.0056,10,-0.35703,-0.0056,10,-0.36315,-0.0056,10,-0.32221,-0.0056,10,-0.33833,-0.0056,10,-0.35401,-0.0056,10,-0.36464,-0.0056,10,-0.37065,-0.0056,10,-0.32443,-0.0056,10,-0.34288,-0.0056,10,-0.35524,-0.0056,7.5,-0.013505,-0.0002,10,-0.37306,-0.0056
7.5,-0.0098249,-0.0002,7.5,-0.010357,-0.0002,7.5,-0.010801,-0.0002,7.5,-0.011068,-0.0002,7.5,-0.011278,-0.0002,7.5,-0.010743,-0.0002,7.5,-0.011446,-0.0002,7.5,-0.011866,-0.0002,7.5,-0.012267,-0.0002,7.5,-0.012534,-0.0002,7.5,-0.011313,-0.0002,7.5,-0.012002,-0.0002,7.5,-0.013031,-0.0002,7.5,-0.013315,-0.0002,7.5,-0.011555,-0.0002,7.5,-0.012349,-0.0002,7.5,-0.012925,-0.0002,7.5,-0.013319,-0.0002,7.5,-0.013626,-0.0002,7.5,-0.011904,-0.0002,7.5,-0.012604,-0.0002,7.5,-0.012947,-0.0002,7.5,-0.026938,-0.0004,7.5,-0.013738,-0.0002
7.5,-0.019666,-0.0004,7.5,-0.020758,-0.0004,7.5,-0.021615,-0.0004,7.5,-0.022155,-0.0004,7.5,-0.022572,-0.0004,7.5,-0.021573,-0.0004,7.5,-0.022881,-0.0004,7.5,-0.023777,-0.0004,7.5,-0.024523,-0.0004,7.5,-0.025053,-0.0004,7.5,-0.022691,-0.0004,7.5,-0.024013,-0.0004,7.5,-0.025968,-0.0004,7.5,-0.026538,-0.0004,7.5,-0.02326,-0.0004,7.5,-0.024658,-0.0004,7.5,-0.025782,-0.0004,7.5,-0.026619,-0.0004,7.5,-0.027227,-0.0004,7.5,-0.02375,-0.0004,7.5,-0.025084,-0.0004,7.5,-0.025939,-0.0004,7.5,-0.040374,-0.0006,7.5,-0.027514,-0.0004
7.5,-0.029514,-0.0006,7.5,-0.031164,-0.0006,7.5,-0.032435,-0.0006,7.5,-0.03325,-0.0006,7.5,-0.033873,-0.0006,7.5,-0.032408,-0.0006,7.5,-0.034321,-0.0006,7.5,-0.035693,-0.0006,7.5,-0.036784,-0.0006,7.5,-0.037576,-0.0006,7.5,-0.034071,-0.0006,7.5,-0.036027,-0.0006,7.5,-0.038908,-0.0006,7.5,-0.039765,-0.0006,7.5,-0.034966,-0.0006,7.5,-0.036968,-0.0006,7.5,-0.038643,-0.0006,7.5,-0.039922,-0.0006,7.5,-0.04083,-0.0006,7.5,-0.035597,-0.0006,7.5,-0.037566,-0.0006,7.5,-0.038934,-0.0006,7.5,-0.053812,-0.0008,7.5,-0.041291,-0.0006
7.5,-0.03937,-0.0008,7.5,-0.041579,-0.0008,7.5,-0.043264,-0.0008,7.5,-0.044356,-0.0008,7.5,-0.045185,-0.0008,7.5,-0.043247,-0.0008,7.5,-0.045766,-0.0008,7.5,-0.047615,-0.0008,7.5,-0.049051,-0.0008,7.5,-0.050108,-0.0008,7.5,-0.045455,-0.0008,7.5,-0.048044,-0.0008,7.5,-0.051853,-0.0008,7.5,-0.052996,-0.0008,7.5,-0.046674,-0.0008,7.5,-0.04928,-0.0008,7.5,-0.051506,-0.0008,7.5,-0.053227,-0.0008,7.5,-0.054437,-0.0008,7.5,-0.047444,-0.0008,7.5,-0.050051,-0.0008,7.5,-0.05193,-0.0008,7.5,-0.067253,-0.001,7.5,-0.055071,-0.0008
7.5,-0.049237,-0.001,7.5,-0.052005,-0.001,7.5,-0.054107,-0.001,7.5,-0.055476,-0.001,7.5,-0.05651,-0.001,7.5,-0.054095,-0.001,7.5,-0.05722,-0.001,7.5,-0.059547,-0.001,7.5,-0.061328,-0.001,7.5,-0.062649,-0.001,7.5,-0.056845,-0.001,7.5,-0.060067,-0.001,7.5,-0.064804,-0.001,7.5,-0.066235,-0.001,7.5,-0.058384,-0.001,7.5,-0.061596,-0.001,7.5,-0.064373,-0.001,7.5,-0.066537,-0.001,7.5,-0.068049,-0.001,7.5,-0.059292,-0.001,7.5,-0.062539,-0.001,7.5,-0.06493,-0.001,7.5,-0.080699,-0.0012,7.5,-0.068855,-0.001
7.5,-0.059118,-0.0012,7.5,-0.062446,-0.0012,7.5,-0.064966,-0.0012,7.5,-0.066614,-0.0012,7.5,-0.067853,-0.0012,7.5,-0.064953,-0.0012,7.5,-0.068684,-0.0012,7.5,-0.071489,-0.0012,7.5,-0.073616,-0.0012,7.5,-0.075203,-0.0012,7.5,-0.068241,-0.0012,7.5,-0.072096,-0.0012,7.5,-0.077763,-0.0012,7.5,-0.079482,-0.0012,7.5,-0.070097,-0.0012,7.5,-0.073917,-0.0012,7.5,-0.077245,-0.0012,7.5,-0.079853,-0.0012,7.5,-0.081667,-0.0012,7.5,-0.07114,-0.0012,7.5,-0.075032,-0.0012,7.5,-0.077935,-0.0012,7.5,-0.09415,-0.0014,7.5,-0.082643,-0.0012
7.5,-0.069016,-0.0014,7.5,-0.072904,-0.0014,7.5,-0.075845,-0.0014,7.5,-0.077773,-0.0014,7.5,-0.079217,-0.0014,7.5,-0.075822,-0.0014,7.5,-0.080159,-0.0014,7.5,-0.083444,-0.0014,7.5,-0.085917,-0.0014,7.5,-0.087773,-0.0014,7.5,-0.079645,-0.0014,7.5,-0.084134,-0.0014,7.5,-0.090731,-0.0014,7.5,-0.092739,-0.0014,7.5,-0.081813,-0.0014,7.5,-0.086244,-0.0014,7.5,-0.090124,-0.0014,7.5,-0.093175,-0.0014,7.5,-0.095293,-0.0014,7.5,-0.082988,-0.0014,7.5,-0.087531,-0.0014,7.5,-0.090944,-0.0014,7.5,-0.10761,-0.0016,7.5,-0.096436,-0.0014
7.5,-0.078933,-0.0016,7.5,-0.083382,-0.0016,7.5,-0.086745,-0.0016,7.5,-0.088956,-0.0016,7.5,-0.090605,-0.0016,7.5,-0.086706,-0.0016,7.5,-0.091649,-0.0016,7.5,-0.095415,-0.0016,7.5,-0.098235,-0.0016,7.5,-0.10036,-0.0016,7.5,-0.091058,-0.0016,7.5,-0.096181,-0.0016,7.5,-0.10371,-0.0016,7.5,-0.10601,-0.0016,7.5,-0.093534,-0.0016,7.5,-0.098577,-0.0016,7.5,-0.10301,-0.0016,7.5,-0.1065,-0.0016,7.5,-0.10893,-0.0016,7.5,-0.094836,-0.0016,7.5,-0.10004,-0.0016,7.5,-0.10396,-0.0016,7.5,-0.12107,-0.0018,7.5,-0.11024,-0.0016
7.5,-0.088873,-0.0018,7.5,-0.093884,-0.0018,7.5,-0.097672,-0.0018,7.5,-0.10017,-0.0018,7.5,-0.10202,-0.0018,7.5,-0.097607,-0.0018,7.5,-0.10315,-0.0018,7.5,-0.1074,-0.0018,7.5,-0.11057,-0.0018,7.5,-0.11297,-0.0018,7.5,-0.10248,-0.0018,7.5,-0.10824,-0.0018,7.5,-0.1167,-0.0018,7.5,-0.11929,-0.0018,7.5,-0.10526,-0.0018,7.5,-0.11092,-0.0018,7.5,-0.1159,-0.0018,7.5,-0.11984,-0.0018,7.5,-0.12257,-0.0018,7.5,-0.10668,-0.0018,7.5,-0.11255,-0.0018,7.5,-0.11699,-0.0018,7.5,-0.13454,-0.002,7.5,-0.12404,-0.0018
7.5,-0.098838,-0.002,7.5,-0.10441,-0.002,7.5,-0.10863,-0.002,7.5,-0.11141,-0.002,7.5,-0.11347,-0.002,7.5,-0.10853,-0.002,7.5,-0.11468,-0.002,7.5,-0.11941,-0.002,7.5,-0.12293,-0.002,7.5,-0.1256,-0.002,7.5,-0.11392,-0.002,7.5,-0.12031,-0.002,7.5,-0.12971,-0.002,7.5,-0.13259,-0.002,7.5,-0.11699,-0.002,7.5,-0.12327,-0.002,7.5,-0.12881,-0.002,7.5,-0.13319,-0.002,7.5,-0.13622,-0.002,7.5,-0.11853,-0.002,7.5,-0.12508,-0.002,7.5,-0.13002,-0.002,7.5,-0.14802,-0.0022,7.5,-0.13786,-0.002
7.5,-0.10883,-0.0022,7.5,-0.11497,-0.0022,7.5,-0.11961,-0.0022,7.5,-0.12269,-0.0022,7.5,-0.12496,-0.0022,7.5,-0.11947,-0.0022,7.5,-0.12622,-0.0022,7.5,-0.13144,-0.0022,7.5,-0.13531,-0.0022,7.5,-0.13826,-0.0022,7.5,-0.12537,-0.0022,7.5,-0.1324,-0.0022,7.5,-0.14273,-0.0022,7.5,-0.1459,-0.0022,7.5,-0.12873,-0.0022,7.5,-0.13564,-0.0022,7.5,-0.14172,-0.0022,7.5,-0.14655,-0.0022,7.5,-0.14989,-0.0022,7.5,-0.13038,-0.0022,7.5,-0.13762,-0.0022,7.5,-0.14307,-0.0022,7.5,-0.16151,-0.0024,7.5,-0.15168,-0.0022
7.5,-0.11886,-0.0024,7.5,-0.12556,-0.0024,7.5,-0.13064,-0.0024,7.5,-0.134,-0.0024,7.5,-0.13648,-0.0024,7.5,-0.13044,-0.0024,7.5,-0.13779,-0.0024,7.5,-0.1435,-0.0024,7.5,-0.14771,-0.0024,7.5,-0.15094,-0.0024,7.5,-0.13684,-0.0024,7.5,-0.14451,-0.0024,7.5,-0.15578,-0.0024,7.5,-0.15923,-0.0024,7.5,-0.14047,-0.0024,7.5,-0.14802,-0.0024,7.5,-0.15464,-0.0024,7.5,-0.15992,-0.0024,7.5,-0.16357,-0.0024,7.5,-0.14224,-0.0024,7.5,-0.15018,-0.0024,7.5,-0.15613,-0.0024,7.5,-0.17501,-0.0026,7.5,-0.16552,-0.0024
7.5,-0.12892,-0.0026,7.5,-0.13618,-0.0026,7.5,-0.1417,-0.0026,7.5,-0.14536,-0.0026,7.5,-0.14805,-0.0026,7.5,-0.14143,-0.0026,7.5,-0.14938,-0.0026,7.5,-0.15558,-0.0026,7.5,-0.16015,-0.0026,7.5,-0.16366,-0.0026,7.5,-0.14834,-0.0026,7.5,-0.15664,-0.0026,7.5,-0.16884,-0.0026,7.5,-0.17258,-0.0026,7.5,-0.15222,-0.0026,7.5,-0.16041,-0.0026,7.5,-0.16758,-0.0026,7.5,-0.17331,-0.0026,7.5,-0.17726,-0.0026,7.5,-0.15409,-0.0026,7.5,-0.16276,-0.0026,7.5,-0.1692,-0.0026,7.5,-0.18852,-0.0028,7.5,-0.17936,-0.0026
7.5,-0.13902,-0.0028,7.5,-0.14685,-0.0028,7.5,-0.1528,-0.0028,7.5,-0.15676,-0.0028,7.5,-0.15966,-0.0028,7.5,-0.15246,-0.0028,7.5,-0.16101,-0.0028,7.5,-0.16769,-0.0028,7.5,-0.17261,-0.0028,7.5,-0.17641,-0.0028,7.5,-0.15985,-0.0028,7.5,-0.1688,-0.0028,7.5,-0.18192,-0.0028,7.5,-0.18596,-0.0028,7.5,-0.16398,-0.0028,7.5,-0.17283,-0.0028,7.5,-0.18053,-0.0028,7.5,-0.18672,-0.0028,7.5,-0.19097,-0.0028,7.5,-0.16595,-0.0028,7.5,-0.17537,-0.0028,7.5,-0.1823,-0.0028,7.5,-0.20205,-0.003,7.5,-0.19322,-0.0028
7.5,-0.14916,-0.003,7.5,-0.15755,-0.003,7.5,-0.16395,-0.003,7.5,-0.16821,-0.003,7.5,-0.17133,-0.003,7.5,-0.16352,-0.003,7.5,-0.17266,-0.003,7.5,-0.17984,-0.003,7.5,-0.18511,-0.003,7.5,-0.18919,-0.003,7.5,-0.1714,-0.003,7.5,-0.18098,-0.003,7.5,-0.19503,-0.003,7.5,-0.19936,-0.003,7.5,-0.17576,-0.003,7.5,-0.18527,-0.003,7.5,-0.1935,-0.003,7.5,-0.20014,-0.003,7.5,-0.2047,-0.003,7.5,-0.17781,-0.003,7.5,-0.188,-0.003,7.5,-0.19542,-0.003,7.5,-0.21559,-0.0032,7.5,-0.2071,-0.003
7.5,-0.15934,-0.0032,7.5,-0.1683,-0.0032,7.5,-0.17515,-0.0032,7.5,-0.17972,-0.0032,7.5,-0.18305,-0.0032,7.5,-0.17461,-0.0032,7.5,-0.18435,-0.0032,7.5,-0.19202,-0.0032,7.5,-0.19764,-0.0032,7.5,-0.20202,-0.0032,7.5,-0.18298,-0.0032,7.5,-0.19319,-0.0032,7.5,-0.20817,-0.0032,7.5,-0.21278,-0.0032,7.5,-0.18755,-0.0032,7.5,-0.19773,-0.0032,7.5,-0.20649,-0.0032,7.5,-0.21358,-0.0032,7.5,-0.21845,-0.0032,7.5,-0.18969,-0.0032,7.5,-0.20067,-0.0032,7.5,-0.20857,-0.0032,7.5,-0.22915,-0.0034,7.5,-0.22098,-0.0032
7.5,-0.16958,-0.0034,7.5,-0.17911,-0.0034,7.5,-0.1864,-0.0034,7.5,-0.19128,-0.0034,7.5,-0.19483,-0.0034,7.5,-0.18575,-0.0034,7.5,-0.19608,-0.0034,7.5,-0.20425,-0.0034,7.5,-0.21021,-0.0034,7.5,-0.21489,-0.0034,7.5,-0.1946,-0.0034,7.5,-0.20544,-0.0034,7.5,-0.22133,-0.0034,7.5,-0.22623,-0.0034,7.5,-0.19936,-0.0034,7.5,-0.21023,-0.0034,7.5,-0.21951,-0.0034,7.5,-0.22704,-0.0034,7.5,-0.23223,-0.0034,7.5,-0.20158,-0.0034,7.5,-0.21338,-0.0034,7.5,-0.22175,-0.0034,7.5,-0.24273,-0.0036,7.5,-0.23489,-0.0034
7.5,-0.17986,-0.0036,7.5,-0.18996,-0.0036,7.5,-0.19771,-0.0036,7.5,-0.2029,-0.0036,7.5,-0.20668,-0.0036,7.5,-0.19693,-0.0036,7.5,-0.20785,-0.0036,7.5,-0.21651,-0.0036,7.5,-0.22283,-0.0036,7.5,-0.2278,-0.0036,7.5,-0.20627,-0.0036,7.5,-0.21773,-0.0036,7.5,-0.23453,-0.0036,7.5,-0.23972,-0.0036,7.5,-0.2112,-0.0036,7.5,-0.22276,-0.0036,7.5,-0.23255,-0.0036,7.5,-0.24053,-0.0036,7.5,-0.24602,-0.0036,7.5,-0.21349,-0.0036,7.5,-0.22613,-0.0036,7.5,-0.23496,-0.0036,7.5,-0.25633,-0.0038,7.5,-0.24882,-0.0036
7.5,-0.19021,-0.0038,7.5,-0.20087,-0.0038,7.5,-0.20908,-0.0038,7.5,-0.21459,-0.0038,7.5,-0.21859,-0.0038,7.5,-0.20816,-0.0038,7.5,-0.21967,-0.0038,7.5,-0.22883,-0.0038,7.5,-0.23549,-0.0038,7.5,-0.24076,-0.0038,7.5,-0.218,-0.0038,7.5,-0.23007,-0.0038,7.5,-0.24777,-0.0038,7.5,-0.25323,-0.0038,7.5,-0.22307,-0.0038,7.5,-0.23534,-0.0038,7.5,-0.24562,-0.0038,7.5,-0.25404,-0.0038,7.5,-0.25984,-0.0038,7.5,-0.22544,-0.0038,7.5,-0.23893,-0.0038,7.5,-0.24822,-0.0038,7.5,-0.26997,-0.004,7.5,-0.26276,-0.0038
7.5,-0.20062,-0.004,7.5,-0.21185,-0.004,7.5,-0.22052,-0.004,7.5,-0.22635,-0.004,7.5,-0.23058,-0.004,7.5,-0.21943,-0.004,7.5,-0.23155,-0.004,7.5,-0.24121,-0.004,7.5,-0.2482,-0.004,7.5,-0.25377,-0.004,7.5,-0.22982,-0.004,7.5,-0.24246,-0.004,7.5,-0.26104,-0.004,7.5,-0.26679,-0.004,7.5,-0.23499,-0.004,7.5,-0.24796,-0.004,7.5,-0.25874,-0.004,7.5,-0.26759,-0.004,7.5,-0.2737,-0.004,7.5,-0.23744,-0.004,7.5,-0.25178,-0.004,7.5,-0.26153,-0.004,7.5,-0.28366,-0.0042,7.5,-0.27673,-0.004
7.5,-0.21109,-0.0042,7.5,-0.2229,-0.0042,7.5,-0.23203,-0.0042,7.5,-0.23818,-0.0042,7.5,-0.24265,-0.0042,7.5,-0.23076,-0.0042,7.5,-0.2435,-0.0042,7.5,-0.25368,-0.0042,7.5,-0.26096,-0.0042,7.5,-0.26684,-0.0042,7.5,-0.24171,-0.0042,7.5,-0.25491,-0.0042,7.5,-0.27436,-0.0042,7.5,-0.28038,-0.0042,7.5,-0.247,-0.0042,7.5,-0.26062,-0.0042,7.5,-0.27194,-0.0042,7.5,-0.28118,-0.0042,7.5,-0.28758,-0.0042,7.5,-0.24952,-0.0042,7.5,-0.26468,-0.0042,7.5,-0.2749,-0.0042,7.5,-0.29744,-0.0044,7.5,-0.29073,-0.0042
7.5,-0.22163,-0.0044,7.5,-0.23402,-0.0044,7.5,-0.24361,-0.0044,7.5,-0.25009,-0.0044,7.5,-0.2548,-0.0044,7.5,-0.24214,-0.0044,7.5,-0.25551,-0.0044,7.5,-0.26626,-0.0044,7.5,-0.27378,-0.0044,7.5,-0.27997,-0.0044,7.5,-0.25369,-0.0044,7.5,-0.26743,-0.0044,7.5,-0.28778,-0.0044,7.5,-0.29401,-0.0044,7.5,-0.2591,-0.0044,7.5,-0.27334,-0.0044,7.5,-0.28524,-0.0044,7.5,-0.29482,-0.0044,7.5,-0.30151,-0.0044,7.5,-0.26168,-0.0044,7.5,-0.27763,-0.0044,7.5,-0.28835,-0.0044,7.5,-0.31139,-0.0046,7.5,-0.30477,-0.0044
7.5,-0.23225,-0.0046,7.5,-0.24523,-0.0046,7.5,-0.25528,-0.0046,7.5,-0.26209,-0.0046,7.5,-0.26704,-0.0046,7.5,-0.25357,-0.0046,7.5,-0.26759,-0.0046,7.5,-0.27893,-0.0046,7.5,-0.28667,-0.0046,7.5,-0.29316,-0.0046,7.5,-0.26574,-0.0046,7.5,-0.28003,-0.0046,7.5,-0.30135,-0.0046,7.5,-0.3077,-0.0046,7.5,-0.27129,-0.0046,7.5,-0.2861,-0.0046,7.5,-0.29859,-0.0046,7.5,-0.30852,-0.0046,7.5,-0.31549,-0.0046,7.5,-0.27391,-0.0046,7.5,-0.29062,-0.0046,7.5,-0.30191,-0.0046,7.5,-0.32551,-0.0048,7.5,-0.31885,-0.0046
7.5,-0.24295,-0.0048,7.5,-0.25654,-0.0048,7.5,-0.26705,-0.0048,7.5,-0.27418,-0.0048,7.5,-0.27938,-0.0048,7.5,-0.26506,-0.0048,7.5,-0.27976,-0.0048,7.5,-0.29169,-0.0048,7.5,-0.29962,-0.0048,7.5,-0.30641,-0.0048,7.5,-0.27783,-0.0048,7.5,-0.2927,-0.0048,7.5,-0.31495,-0.0048,7.5,-0.32144,-0.0048,7.5,-0.28351,-0.0048,7.5,-0.2989,-0.0048,7.5,-0.31205,-0.0048,7.5,-0.32232,-0.0048,7.5,-0.32952,-0.0048,7.5,-0.28623,-0.0048,7.5,-0.30366,-0.0048,7.5,-0.31555,-0.0048,7.5,-0.33984,-0.005,7.5,-0.33299,-0.0048
7.5,-0.25375,-0.005,7.5,-0.26798,-0.005,7.5,-0.27891,-0.005,7.5,-0.28637,-0.005,7.5,-0.29182,-0.005,7.5,-0.27661,-0.005,7.5,-0.29201,-0.005,7.5,-0.30479,-0.005,7.5,-0.31266,-0.005,7.5,-0.31975,-0.005,7.5,-0.28997,-0.005,7.5,-0.30545,-0.005,7.5,-0.32859,-0.005,7.5,-0.33525,-0.005,7.5,-0.29578,-0.005,7.5,-0.31173,-0.005,7.5,-0.32581,-0.005,7.5,-0.33624,-0.005,7.5,-0.34365,-0.005,7.5,-0.29863,-0.005,7.5,-0.31676,-0.005,7.5,-0.32924,-0.005,7.5,-0.95748,-0.0052,7.5,-0.34721,-0.005
7.5,-0.26465,-0.0052,7.5,-0.27957,-0.0052,7.5,-0.29089,-0.0052,7.5,-0.29867,-0.0052,7.5,-0.30437,-0.0052,7.5,-0.28821,-0.0052,7.5,-0.30436,-0.0052,7.5,-0.31804,-0.0052,7.5,-0.32579,-0.0052,7.5,-0.33317,-0.0052,7.5,-0.30217,-0.0052,7.5,-0.31826,-0.0052,7.5,-0.34231,-0.0052,7.5,-0.34926,-0.0052,7.5,-0.30811,-0.0052,7.5,-0.32461,-0.0052,7.5,-0.33981,-0.0052,7.5,-0.35034,-0.0052,7.5,-0.35792,-0.0052,7.5,-0.31112,-0.0052,7.5,-0.32992,-0.0052,7.5,-0.34297,-0.0052,7.5,-1.8754,-0.0054,7.5,-0.36158,-0.0052
7.5,-0.27567,-0.0054,7.5,-0.29131,-0.0054,7.5,-0.30299,-0.0054,7.5,-0.31109,-0.0054,7.5,-0.31705,-0.0054,7.5,-0.29988,-0.0054,7.5,-0.31682,-0.0054,7.5,-0.33136,-0.0054,7.5,-0.33903,-0.0054,7.5,-0.34668,-0.0054,7.5,-0.31442,-0.0054,7.5,-0.33114,-0.0054,7.5,-0.35611,-0.0054,7.5,-0.36377,-0.0054,7.5,-0.32051,-0.0054,7.5,-0.33753,-0.0054,7.5,-0.35377,-0.0054,7.5,-0.36552,-0.0054,7.5,-0.37236,-0.0054,7.5,-0.32369,-0.0054,7.5,-0.34316,-0.0054,7.5,-0.35677,-0.0054,5,-0.014196,-0.0002,7.5,-0.37622,-0.0054
5,-0.009998,-0.0002,5,-0.010574,-0.0002,5,-0.011039,-0.0002,5,-0.011331,-0.0002,5,-0.011567,-0.0002,5,-0.011,-0.0002,5,-0.011734,-0.0002,5,-0.012221,-0.0002,5,-0.012647,-0.0002,5,-0.01295,-0.0002,5,-0.011641,-0.0002,5,-0.012384,-0.0002,5,-0.013514,-0.0002,5,-0.013854,-0.0002,5,-0.011975,-0.0002,5,-0.012818,-0.0002,5,-0.013466,-0.0002,5,-0.013949,-0.0002,5,-0.014311,-0.0002,5,-0.012349,-0.0002,5,-0.013143,-0.0002,5,-0.013595,-0.0002,5,-0.028355,-0.0004,5,-0.014527,-0.0002
5,-0.02001,-0.0004,5,-0.021181,-0.0004,5,-0.022088,-0.0004,5,-0.02268,-0.0004,5,-0.023145,-0.0004,5,-0.022069,-0.0004,5,-0.023464,-0.0004,5,-0.024477,-0.0004,5,-0.025288,-0.0004,5,-0.025891,-0.0004,5,-0.023331,-0.0004,5,-0.02478,-0.0004,5,-0.026963,-0.0004,5,-0.027636,-0.0004,5,-0.024072,-0.0004,5,-0.025602,-0.0004,5,-0.026882,-0.0004,5,-0.027885,-0.0004,5,-0.028601,-0.0004,5,-0.02465,-0.0004,5,-0.026177,-0.0004,5,-0.027228,-0.0004,5,-0.042514,-0.0006,5,-0.02909,-0.0004
5,-0.030029,-0.0006,5,-0.031794,-0.0006,5,-0.033144,-0.0006,5,-0.034037,-0.0006,5,-0.03473,-0.0006,5,-0.033143,-0.0006,5,-0.035198,-0.0006,5,-0.036737,-0.0006,5,-0.037934,-0.0006,5,-0.038836,-0.0006,5,-0.035024,-0.0006,5,-0.037179,-0.0006,5,-0.040414,-0.0006,5,-0.04142,-0.0006,5,-0.036169,-0.0006,5,-0.038388,-0.0006,5,-0.040301,-0.0006,5,-0.041822,-0.0006,5,-0.042892,-0.0006,5,-0.036951,-0.0006,5,-0.039213,-0.0006,5,-0.040863,-0.0006,5,-0.056675,-0.0008,5,-0.043653,-0.0006
5,-0.040057,-0.0008,5,-0.042416,-0.0008,5,-0.04421,-0.0008,5,-0.045407,-0.0008,5,-0.046327,-0.0008,5,-0.044222,-0.0008,5,-0.046938,-0.0008,5,-0.049003,-0.0008,5,-0.050586,-0.0008,5,-0.051789,-0.0008,5,-0.046721,-0.0008,5,-0.049582,-0.0008,5,-0.053869,-0.0008,5,-0.055209,-0.0008,5,-0.048269,-0.0008,5,-0.051176,-0.0008,5,-0.053721,-0.0008,5,-0.05576,-0.0008,5,-0.057185,-0.0008,5,-0.049252,-0.0008,5,-0.052249,-0.0008,5,-0.054497,-0.0008,5,-0.070836,-0.001,5,-0.058217,-0.0008
5,-0.050097,-0.001,5,-0.05305,-0.001,5,-0.055291,-0.001,5,-0.056791,-0.001,5,-0.057938,-0.001,5,-0.05531,-0.001,5,-0.058687,-0.001,5,-0.061279,-0.001,5,-0.063247,-0.001,5,-0.064752,-0.001,5,-0.058423,-0.001,5,-0.061989,-0.001,5,-0.067329,-0.001,5,-0.069002,-0.001,5,-0.060372,-0.001,5,-0.063965,-0.001,5,-0.067144,-0.001,5,-0.069701,-0.001,5,-0.071479,-0.001,5,-0.061553,-0.001,5,-0.065288,-0.001,5,-0.068134,-0.001,5,-0.085,-0.0012,5,-0.07278,-0.001
5,-0.060152,-0.0012,5,-0.063699,-0.0012,5,-0.066388,-0.0012,5,-0.068194,-0.0012,5,-0.069568,-0.0012,5,-0.066408,-0.0012,5,-0.070445,-0.0012,5,-0.073565,-0.0012,5,-0.075919,-0.0012,5,-0.077727,-0.0012,5,-0.070132,-0.0012,5,-0.074402,-0.0012,5,-0.080795,-0.0012,5,-0.082801,-0.0012,5,-0.072477,-0.0012,5,-0.076758,-0.0012,5,-0.08057,-0.0012,5,-0.083644,-0.0012,5,-0.085776,-0.0012,5,-0.073855,-0.0012,5,-0.07833,-0.0012,5,-0.081771,-0.0012,5,-0.099164,-0.0014,5,-0.087345,-0.0012
5,-0.070225,-0.0014,5,-0.074367,-0.0014,5,-0.077507,-0.0014,5,-0.07962,-0.0014,5,-0.081221,-0.0014,5,-0.077519,-0.0014,5,-0.082216,-0.0014,5,-0.085864,-0.0014,5,-0.088604,-0.0014,5,-0.090716,-0.0014,5,-0.081849,-0.0014,5,-0.086823,-0.0014,5,-0.094269,-0.0014,5,-0.096608,-0.0014,5,-0.084586,-0.0014,5,-0.089556,-0.0014,5,-0.093999,-0.0014,5,-0.09759,-0.0014,5,-0.10008,-0.0014,5,-0.086156,-0.0014,5,-0.091376,-0.0014,5,-0.095412,-0.0014,5,-0.11333,-0.0016,5,-0.10191,-0.0014
5,-0.08032,-0.0016,5,-0.085057,-0.0016,5,-0.088649,-0.0016,5,-0.091072,-0.0016,5,-0.0929,-0.0016,5,-0.088646,-0.0016,5,-0.094001,-0.0016,5,-0.098179,-0.0016,5,-0.10131,-0.0016,5,-0.10372,-0.0016,5,-0.093576,-0.0016,5,-0.099254,-0.0016,5,-0.10775,-0.0016,5,-0.11042,-0.0016,5,-0.096699,-0.0016,5,-0.10236,-0.0016,5,-0.10743,-0.0016,5,-0.11154,-0.0016,5,-0.11438,-0.0016,5,-0.098457,-0.0016,5,-0.10443,-0.0016,5,-0.10906,-0.0016,5,-0.1275,-0.0018,5,-0.11647,-0.0016
5,-0.090438,-0.0018,5,-0.095771,-0.0018,5,-0.099818,-0.0018,5,-0.10255,-0.0018,5,-0.10461,-0.0018,5,-0.099791,-0.0018,5,-0.1058,-0.0018,5,-0.11051,-0.0018,5,-0.11402,-0.0018,5,-0.11675,-0.0018,5,-0.10531,-0.0018,5,-0.1117,-0.0018,5,-0.12124,-0.0018,5,-0.12425,-0.0018,5,-0.10882,-0.0018,5,-0.11517,-0.0018,5,-0.12087,-0.0018,5,-0.1255,-0.0018,5,-0.12869,-0.0018,5,-0.11076,-0.0018,5,-0.11749,-0.0018,5,-0.1227,-0.0018,5,-0.14167,-0.002,5,-0.13104,-0.0018
5,-0.10058,-0.002,5,-0.10651,-0.002,5,-0.11102,-0.002,5,-0.11407,-0.002,5,-0.11635,-0.002,5,-0.11096,-0.002,5,-0.11762,-0.002,5,-0.12286,-0.002,5,-0.12676,-0.002,5,-0.1298,-0.002,5,-0.11707,-0.002,5,-0.12415,-0.002,5,-0.13475,-0.002,5,-0.13808,-0.002,5,-0.12094,-0.002,5,-0.12798,-0.002,5,-0.13432,-0.002,5,-0.13946,-0.002,5,-0.143,-0.002,5,-0.12306,-0.002,5,-0.13055,-0.002,5,-0.13636,-0.002,5,-0.15585,-0.0022,5,-0.14561,-0.002
5,-0.11076,-0.0022,5,-0.11729,-0.0022,5,-0.12225,-0.0022,5,-0.12562,-0.0022,5,-0.12814,-0.0022,5,-0.12214,-0.0022,5,-0.12946,-0.0022,5,-0.13524,-0.0022,5,-0.13952,-0.0022,5,-0.14287,-0.0022,5,-0.12884,-0.0022,5,-0.13662,-0.0022,5,-0.14827,-0.0022,5,-0.15193,-0.0022,5,-0.13307,-0.0022,5,-0.14081,-0.0022,5,-0.14777,-0.0022,5,-0.15342,-0.0022,5,-0.15732,-0.0022,5,-0.13537,-0.0022,5,-0.14363,-0.0022,5,-0.15002,-0.0022,5,-0.17003,-0.0024,5,-0.16018,-0.0022
5,-0.12097,-0.0024,5,-0.12809,-0.0024,5,-0.13353,-0.0024,5,-0.13721,-0.0024,5,-0.13996,-0.0024,5,-0.13336,-0.0024,5,-0.14133,-0.0024,5,-0.14764,-0.0024,5,-0.15231,-0.0024,5,-0.15598,-0.0024,5,-0.14062,-0.0024,5,-0.14911,-0.0024,5,-0.1618,-0.0024,5,-0.16579,-0.0024,5,-0.14521,-0.0024,5,-0.15365,-0.0024,5,-0.16122,-0.0024,5,-0.1674,-0.0024,5,-0.17164,-0.0024,5,-0.14767,-0.0024,5,-0.15673,-0.0024,5,-0.16369,-0.0024,5,-0.18421,-0.0026,5,-0.17475,-0.0024
5,-0.13122,-0.0026,5,-0.13894,-0.0026,5,-0.14484,-0.0026,5,-0.14885,-0.0026,5,-0.15183,-0.0026,5,-0.1446,-0.0026,5,-0.15322,-0.0026,5,-0.16006,-0.0026,5,-0.16512,-0.0026,5,-0.16911,-0.0026,5,-0.15244,-0.0026,5,-0.16162,-0.0026,5,-0.17535,-0.0026,5,-0.17967,-0.0026,5,-0.15736,-0.0026,5,-0.16651,-0.0026,5,-0.17469,-0.0026,5,-0.18138,-0.0026,5,-0.18597,-0.0026,5,-0.15998,-0.0026,5,-0.16984,-0.0026,5,-0.17738,-0.0026,5,-0.1984,-0.0028,5,-0.18933,-0.0026
5,-0.1415,-0.0028,5,-0.14983,-0.0028,5,-0.1562,-0.0028,5,-0.16054,-0.0028,5,-0.16375,-0.0028,5,-0.15588,-0.0028,5,-0.16514,-0.0028,5,-0.17252,-0.0028,5,-0.17797,-0.0028,5,-0.18227,-0.0028,5,-0.16427,-0.0028,5,-0.17415,-0.0028,5,-0.18892,-0.0028,5,-0.19357,-0.0028,5,-0.16953,-0.0028,5,-0.17938,-0.0028,5,-0.18817,-0.0028,5,-0.19538,-0.0028,5,-0.20031,-0.0028,5,-0.1723,-0.0028,5,-0.18298,-0.0028,5,-0.19108,-0.0028,5,-0.2126,-0.003,5,-0.20391,-0.0028
5,-0.15184,-0.003,5,-0.16076,-0.003,5,-0.16761,-0.003,5,-0.17228,-0.003,5,-0.17573,-0.003,5,-0.16719,-0.003,5,-0.1771,-0.003,5,-0.18501,-0.003,5,-0.19084,-0.003,5,-0.19547,-0.003,5,-0.17614,-0.003,5,-0.18672,-0.003,5,-0.20251,-0.003,5,-0.20748,-0.003,5,-0.1817,-0.003,5,-0.19228,-0.003,5,-0.20166,-0.003,5,-0.20938,-0.003,5,-0.21466,-0.003,5,-0.18462,-0.003,5,-0.19614,-0.003,5,-0.20481,-0.003,5,-0.22681,-0.0032,5,-0.2185,-0.003
5,-0.16222,-0.0032,5,-0.17174,-0.0032,5,-0.17907,-0.0032,5,-0.18407,-0.0032,5,-0.18776,-0.0032,5,-0.17855,-0.0032,5,-0.18909,-0.0032,5,-0.19754,-0.0032,5,-0.20376,-0.0032,5,-0.20871,-0.0032,5,-0.18805,-0.0032,5,-0.19931,-0.0032,5,-0.21612,-0.0032,5,-0.22141,-0.0032,5,-0.1939,-0.0032,5,-0.2052,-0.0032,5,-0.21517,-0.0032,5,-0.22341,-0.0032,5,-0.22903,-0.0032,5,-0.19696,-0.0032,5,-0.20934,-0.0032,5,-0.21855,-0.0032,5,-0.24103,-0.0034,5,-0.23309,-0.0032
5,-0.17265,-0.0034,5,-0.18278,-0.0034,5,-0.19059,-0.0034,5,-0.19593,-0.0034,5,-0.19986,-0.0034,5,-0.18994,-0.0034,5,-0.20112,-0.0034,5,-0.21011,-0.0034,5,-0.21671,-0.0034,5,-0.22199,-0.0034,5,-0.20001,-0.0034,5,-0.21194,-0.0034,5,-0.22976,-0.0034,5,-0.23537,-0.0034,5,-0.20612,-0.0034,5,-0.21815,-0.0034,5,-0.22869,-0.0034,5,-0.23744,-0.0034,5,-0.2434,-0.0034,5,-0.20932,-0.0034,5,-0.22258,-0.0034,5,-0.23233,-0.0034,5,-0.25526,-0.0036,5,-0.24769,-0.0034
5,-0.18314,-0.0036,5,-0.19387,-0.0036,5,-0.20217,-0.0036,5,-0.20785,-0.0036,5,-0.21203,-0.0036,5,-0.20138,-0.0036,5,-0.21319,-0.0036,5,-0.22272,-0.0036,5,-0.2297,-0.0036,5,-0.23532,-0.0036,5,-0.21202,-0.0036,5,-0.22461,-0.0036,5,-0.24343,-0.0036,5,-0.24935,-0.0036,5,-0.21837,-0.0036,5,-0.23114,-0.0036,5,-0.24224,-0.0036,5,-0.2515,-0.0036,5,-0.2578,-0.0036,5,-0.2217,-0.0036,5,-0.23587,-0.0036,5,-0.24614,-0.0036,5,-0.26951,-0.0038,5,-0.2623,-0.0036
5,-0.19369,-0.0038,5,-0.20503,-0.0038,5,-0.21382,-0.0038,5,-0.21984,-0.0038,5,-0.22428,-0.0038,5,-0.21287,-0.0038,5,-0.22532,-0.0038,5,-0.23539,-0.0038,5,-0.24274,-0.0038,5,-0.24869,-0.0038,5,-0.2241,-0.0038,5,-0.23733,-0.0038,5,-0.25714,-0.0038,5,-0.26336,-0.0038,5,-0.23067,-0.0038,5,-0.24417,-0.0038,5,-0.25583,-0.0038,5,-0.26558,-0.0038,5,-0.27221,-0.0038,5,-0.23414,-0.0038,5,-0.24921,-0.0038,5,-0.26,-0.0038,5,-0.2838,-0.004,5,-0.27692,-0.0038
5,-0.2043,-0.004,5,-0.21626,-0.004,5,-0.22554,-0.004,5,-0.23191,-0.004,5,-0.2366,-0.004,5,-0.22441,-0.004,5,-0.2375,-0.004,5,-0.24813,-0.004,5,-0.25582,-0.004,5,-0.26211,-0.004,5,-0.23626,-0.004,5,-0.25011,-0.004,5,-0.27088,-0.004,5,-0.27739,-0.004,5,-0.24303,-0.004,5,-0.25724,-0.004,5,-0.26946,-0.004,5,-0.27969,-0.004,5,-0.28664,-0.004,5,-0.24664,-0.004,5,-0.2626,-0.004,5,-0.27391,-0.004,5,-0.29817,-0.0042,5,-0.29156,-0.004
5,-0.21498,-0.0042,5,-0.22756,-0.0042,5,-0.23734,-0.0042,5,-0.24406,-0.0042,5,-0.24901,-0.0042,5,-0.236,-0.0042,5,-0.24976,-0.0042,5,-0.26097,-0.0042,5,-0.26896,-0.0042,5,-0.27558,-0.0042,5,-0.24851,-0.0042,5,-0.26294,-0.0042,5,-0.28468,-0.0042,5,-0.29147,-0.0042,5,-0.25548,-0.0042,5,-0.27036,-0.0042,5,-0.28316,-0.0042,5,-0.29385,-0.0042,5,-0.3011,-0.0042,5,-0.25923,-0.0042,5,-0.27605,-0.0042,5,-0.2879,-0.0042,5,-0.31274,-0.0044,5,-0.30622,-0.0042
5,-0.22574,-0.0044,5,-0.23895,-0.0044,5,-0.24924,-0.0044,5,-0.25629,-0.0044,5,-0.26151,-0.0044,5,-0.24765,-0.0044,5,-0.26208,-0.0044,5,-0.27393,-0.0044,5,-0.28217,-0.0044,5,-0.28911,-0.0044,5,-0.26084,-0.0044,5,-0.27585,-0.0044,5,-0.29863,-0.0044,5,-0.30558,-0.0044,5,-0.26802,-0.0044,5,-0.28354,-0.0044,5,-0.29697,-0.0044,5,-0.30805,-0.0044,5,-0.3156,-0.0044,5,-0.2719,-0.0044,5,-0.28953,-0.0044,5,-0.302,-0.0044,5,-0.32743,-0.0046,5,-0.32091,-0.0044
5,-0.23658,-0.0046,5,-0.25044,-0.0046,5,-0.26122,-0.0046,5,-0.26862,-0.0046,5,-0.2741,-0.0046,5,-0.25935,-0.0046,5,-0.27448,-0.0046,5,-0.28697,-0.0046,5,-0.29543,-0.0046,5,-0.30271,-0.0046,5,-0.27322,-0.0046,5,-0.28884,-0.0046,5,-0.31267,-0.0046,5,-0.31973,-0.0046,5,-0.28063,-0.0046,5,-0.29676,-0.0046,5,-0.31091,-0.0046,5,-0.32233,-0.0046,5,-0.33014,-0.0046,5,-0.28465,-0.0046,5,-0.30307,-0.0046,5,-0.31621,-0.0046,5,-0.34224,-0.0048,5,-0.33564,-0.0046
5,-0.24751,-0.0048,5,-0.26204,-0.0048,5,-0.27332,-0.0048,5,-0.28105,-0.0048,5,-0.28681,-0.0048,5,-0.27112,-0.0048,5,-0.28697,-0.0048,5,-0.30014,-0.0048,5,-0.30877,-0.0048,5,-0.31638,-0.0048,5,-0.28567,-0.0048,5,-0.3019,-0.0048,5,-0.32673,-0.0048,5,-0.33394,-0.0048,5,-0.29328,-0.0048,5,-0.31002,-0.0048,5,-0.32521,-0.0048,5,-0.33673,-0.0048,5,-0.34476,-0.0048,5,-0.29748,-0.0048,5,-0.31666,-0.0048,5,-0.33045,-0.0048,5,-0.358,-0.005,5,-0.35043,-0.0048
5,-0.25854,-0.005,5,-0.27381,-0.005,5,-0.28553,-0.005,5,-0.2936,-0.005,5,-0.29963,-0.005,5,-0.28294,-0.005,5,-0.29954,-0.005,5,-0.31373,-0.005,5,-0.3222,-0.005,5,-0.33012,-0.005,5,-0.29816,-0.005,5,-0.31503,-0.005,5,-0.34084,-0.005,5,-0.34824,-0.005,5,-0.30599,-0.005,5,-0.32332,-0.005,5,-0.33952,-0.005,5,-0.35125,-0.005,5,-0.35949,-0.005,5,-0.3104,-0.005,5,-0.33032,-0.005,5,-0.34472,-0.005,0,0,0,5,-0.36534,-0.005
5,-0.26969,-0.0052,5,-0.28584,-0.0052,5,-0.29786,-0.0052,5,-0.30626,-0.0052,5,-0.31258,-0.0052,5,-0.29483,-0.0052,5,-0.31221,-0.0052,5,-0.32739,-0.0052,5,-0.33573,-0.0052,5,-0.34395,-0.0052,5,-0.3107,-0.0052,5,-0.32823,-0.0052,5,-0.35503,-0.0052,5,-0.36253,-0.0052,5,-0.31877,-0.0052,5,-0.33667,-0.0052,5,-0.35409,-0.0052,5,-0.36609,-0.0052,5,-0.37439,-0.0052,5,-0.3234,-0.0052,5,-0.34405,-0.0052,5,-0.35904,-0.0052,0,0,0,5,-0.38048,-0.0052
